Plot_ID,Block_Num,Treatment,Shrub_Num,Transect_Num,Year,Date,Initials_1,Initials_2,Perimeter_m,Random_1,Random_2,Random_3,Random_4,Random_5,Random_6,Random_7,Random_8,Random_9,Random_10,Random_11,Random_12,Random_13,Random_14,Random_15,Random_16,Random_17,Random_18,Random_19,Random_20,Height_Class,Transect_Dist_m,Notes,Estimated_Canopy_Regrowth_Percent,Grazed_2022
1C_S1,1,Control,1,1,2020,11/9/2020,EM,N/A,21,8,11,12,13,14,27,53,59,74,85,99,120,121,140,149,158,162,186,204,205,1.5-2.0,15,Large EPTR within mesquite island,N/A,N/A
1C_S1,1,Control,1,1,2021,10/22/2021,MR,ELM,22.2,1,21,41,58,62,77,82,84,85,91,110,112,138,143,149,157,169,213,214,220,1.5-2.0,N/A,Big EPTO Inside,N/A,N/A
1C_S1,1,Control,1,1,2022,10/14/2022,ELM,N/A,21.3,,,,,,,,,,,,,,,,,,,,,1.5-2,N/A,,N/A,Grazed
1C_S2,1,Control,2,1,2020,11/9/2020,EM,N/A,18.5,22,35,40,48,62,68,72,85,89,94,106,108,129,142,145,152,165,166,174,178,1.5-2.0,27,,N/A,N/A
1C_S2,1,Control,2,1,2021,10/22/2021,MR,ELM,17.7,16,23,31,39,48,50,56,57,58,59,77,93,98,112,126,141,142,153,157,172,1.5-2.0,N/A,,N/A,N/A
1C_S2,1,Control,2,1,2022,10/14/2022,ELM,N/A,17.9,,,,,,,,,,,,,,,,,,,,,1.5-2,N/A,,N/A,Grazed
1C_S3,1,Control,3,2,2020,11/9/2020,AI,N/A,13.2,3,5,6,18,26,38,40,41,45,52,59,61,64,67,76,93,96,100,108,117,1.5-2.0,10,,N/A,N/A
1C_S3,1,Control,3,2,2021,10/22/2021,MM,ELM,15.3,4,32,33,39,41,47,49,52,71,74,79,84,95,96,98,101,109,122,139,144,2.0-2.5,N/A,,N/A,N/A
1C_S3,1,Control,3,2,2022,10/14/2022,RS,N/A,14.3,,,,,,,,,,,,,,,,,,,,,2-2.5,N/A,30% dieback from girdlers,N/A,Grazed
1C_S4,1,Control,4,2,2020,11/9/2020,AI,EM,14.6,7,16,19,21,26,31,33,70,82,87,91,93,108,115,118,129,132,140,142,144,1.5-2.0,38,,N/A,N/A
1C_S4,1,Control,4,2,2021,10/22/2021,MM,N/A,16,8,25,29,38,45,53,60,62,69,71,73,79,84,116,118,124,129,140,154,156,1.5-2.0,N/A,,N/A,N/A
1C_S4,1,Control,4,2,2022,10/14/2022,RS,N/A,15.4,,,,,,,,,,,,,,,,,,,,,1.5-2,N/A,20% dieback from girdlers,N/A,Grazed
1C_S5,1,Control,5,3,2020,11/9/2020,AI,EM,15.6,2,9,46,21,24,27,30,42,48,64,67,71,80,103,105,107,108,111,128,144,1.0-1.5,9,,N/A,N/A
1C_S5,1,Control,5,3,2021,10/22/2021,RS,MM,16.9,3,8,16,23,31,40,44,62,70,76,78,83,98,102,124,126,144,151,157,166,1.0-1.5,N/A,,N/A,N/A
1C_S5,1,Control,5,3,2022,10/14/2022,ELM,N/A,15.8,,,,,,,,,,,,,,,,,,,,,1-1.5,N/A,,N/A,Grazed
1C_S6,1,Control,6,3,2020,11/9/2020,AI,RS,12.2,3,6,23,33,37,38,45,47,53,54,62,64,69,76,85,87,104,110,113,117,1.0-1.5,17,,N/A,N/A
1C_S6,1,Control,6,3,2021,10/22/2021,MM,RS,12.2,4,8,11,40,41,53,58,62,65,71,73,78,82,86,88,92,93,97,111,113,1.0-1.5,N/A,Leaves starting to drop,N/A,N/A
1C_S6,1,Control,6,3,2022,10/14/2022,ELM,N/A,11.8,,,,,,,,,,,,,,,,,,,,,1-1.5,N/A,,N/A,Grazed
1H_S1,1,Herbicide,1,1,2020,11/11/2020,MMR,EM,11.9,5,11,14,19,22,27,29,31,35,41,44,45,46,70,78,90,94,104,108,116,1.0-1.5,5,,N/A,N/A
1H_S1,1,Herbicide,1,1,2021,10/22/2021,ELM,N/A,12.9,2,3,10,16,19,35,36,44,55,56,59,61,65,83,87,88,93,113,114,125,1.0-1.5,N/A,Defoliated,N/A,N/A
1H_S1,1,Herbicide,1,1,2022,10/14/2022,RS,N/A,12.6,,,,,,,,,,,,,,,,,,,,,1-1.5,N/A,,40,Grazed
1H_S2,1,Herbicide,2,1,2020,11/11/2020,MMR,DH,19.6,1,4,6,11,15,19,26,27,37,45,54,70,84,96,108,142,150,156,168,174,1.5-2.0,37,,N/A,N/A
1H_S2,1,Herbicide,2,1,2021,10/22/2021,RS,ELM,17.8,4,5,14,41,46,47,68,74,84,103,107,120,122,141,145,149,156,174,175,178,2.0-2.5,N/A,Partially defoliated. EPTR not part of island ,N/A,N/A
1H_S2,1,Herbicide,2,1,2022,10/14/2022,RS,N/A,16.7,,,,,,,,,,,,,,,,,,,,,2-2.5,N/A,EPTR not included,30,Grazed
1H_S3,1,Herbicide,3,2,2020,11/11/2020,RS,EM,17.2,11,16,36,52,54,67,76,78,89,93,94,110,111,112,124,129,130,134,143,149,1.5-2.0,2,,N/A,N/A
1H_S3,1,Herbicide,3,2,2021,10/26/2021,DH,N/A,16.6,26,33,40,47,59,63,82,91,96,102,106,118,124,130,134,135,138,146,156,159,1.0-1.5,N/A,Defoliated,N/A,N/A
1H_S3,1,Herbicide,3,2,2022,10/14/2022,ELM,N/A,17.4,,,,,,,,,,,,,,,,,,,,,1.5-2,N/A,,30,Grazed
1H_S4,1,Herbicide,4,2,2020,11/11/2020,RS,EM,13.3,21,26,38,41,42,43,46,62,72,75,82,85,90,91,94,111,112,113,116,127,1.0-1.5,21,,N/A,N/A
1H_S4,1,Herbicide,4,2,2021,10/26/2021,DH,N/A,14.8,3,5,6,11,20,22,26,29,40,42,47,62,65,71,75,106,110,122,124,128,1.0-1.5,N/A,Defoliated,N/A,N/A
1H_S4,1,Herbicide,4,2,2022,10/14/2022,ELM,N/A,14.7,,,,,,,,,,,,,,,,,,,,,1-1.5,N/A,,0,Grazed
1H_S5,1,Herbicide,5,3,2020,11/11/2020,MMR,EM,13.4,6,9,12,15,32,34,39,44,51,60,76,80,82,86,87,91,94,101,105,110,1.0-1.5,30,,N/A,N/A
1H_S5,1,Herbicide,5,3,2021,10/26/2021,DH,TT,13.9,2,7,8,10,14,18,32,37,40,65,76,78,85,87,88,90,101,104,106,134,1.0-1.5,N/A,"Defoliated, ATCA is tallest",N/A,N/A
1H_S5,1,Herbicide,5,3,2022,10/14/2022,RS,N/A,13.6,,,,,,,,,,,,,,,,,,,,,1-1.5,N/A,Closer to 1% regrowth,10,Grazed
1H_S6,1,Herbicide,6,3,2020,11/11/2020,MMR,EM,16.1,10,14,28,65,68,84,89,91,93,106,111,114,123,130,132,133,143,149,156,160,1.0-1.5,48,,N/A,N/A
1H_S6,1,Herbicide,6,3,2021,10/26/2021,DH,TT,17.6,24,30,31,39,63,65,74,84,91,95,98,101,118,124,132,136,138,166,168,169,1.5-2.0,N/A,Defoliated,N/A,N/A
1H_S6,1,Herbicide,6,3,2022,10/14/2022,RS,N/A,17.3,,,,,,,,,,,,,,,,,,,,,2-2.5,N/A,,20,Grazed
2C_S1,2,Control,1,1,2020,1/14/2021,RS,DH,19.7,10,55,61,67,78,84,93,109,118,122,131,132,142,143,154,155,170,177,194,197,1.5-2.0,24,,N/A,N/A
2C_S1,2,Control,1,1,2021,10/21/2021,TT,N/A,21,1,6,9,14,28,35,41,67,97,101,108,119,125,128,134,135,156,182,185,198,1.5-2.0,N/A,,N/A,N/A
2C_S1,2,Control,1,1,2022,10/15/2022,RS,N/A,21.1,,,,,,,,,,,,,,,,,,,,,1.5-2,N/A,,N/A,Grazed
2C_S2,2,Control,2,1,2020,1/14/2021,RS,DH,12.2,0,3,4,5,8,14,17,31,33,41,49,63,67,68,85,86,87,84,100,105,1.0-1.5,45,,N/A,N/A
2C_S2,2,Control,2,1,2021,10/21/2021,TT,N/A,12.5,9,14,16,22,24,25,26,32,42,43,44,46,48,50,66,81,97,101,110,122,1.0-1.5,N/A,,N/A,N/A
2C_S2,2,Control,2,1,2022,10/15/2022,RS,N/A,12.5,,,,,,,,,,,,,,,,,,,,,1-1.5,N/A,,N/A,Grazed
2C_S3,2,Control,3,2,2020,1/14/2021,MMR,DH,13.9,3,7,9,10,13,14,15,17,47,70,83,85,89,92,97,111,115,116,128,133,1.0-1.5,27,,N/A,N/A
2C_S3,2,Control,3,2,2021,10/21/2021,DH,N/A,14.2,2,9,18,20,22,36,37,39,56,66,67,74,77,91,100,106,108,109,119,123,1.5-2.0,N/A,ATCA is tallest ,N/A,N/A
2C_S3,2,Control,3,2,2022,10/15/2022,RS,N/A,13.8,,,,,,,,,,,,,,,,,,,,,1.5-2,N/A,ATCA2 tallest,N/A,Grazed
2C_S4,2,Control,4,2,2020,1/14/2021,MMR,DH,30.5,39,49,54,93,106,108,121,123,136,139,141,156,208,210,242,278,280,287,302,303,1.5-2.0,36,,N/A,N/A
2C_S4,2,Control,4,2,2021,10/21/2021,TT,N/A,34.3,1,21,24,44,45,47,67,90,93,104,149,162,189,200,236,274,289,301,323,332,1.5-2.0,N/A,,N/A,N/A
2C_S4,2,Control,4,2,2022,10/15/2022,RS,N/A,31.5,,,,,,,,,,,,,,,,,,,,,1.5-2,N/A,,N/A,Grazed
2C_S5,2,Control,5,3,2020,1/14/2021,MMR,DH,19.2,12,18,27,47,61,54,67,69,82,109,113,116,123,128,137,138,141,150,157,168,1.5-2.0,13,,N/A,N/A
2C_S5,2,Control,5,3,2021,10/21/2021,DH,N/A,18.8,5,7,10,14,47,51,63,64,111,118,124,127,135,137,148,154,168,169,176,181,1.5-2.0,N/A,,N/A,N/A
2C_S5,2,Control,5,3,2022,10/15/2022,RS,N/A,28.6,,,,,,,,,,,,,,,,,,,,,2-2.5,N/A,,N/A,Grazed
2C_S6,2,Control,6,3,2020,1/14/2021,RS,N/A,12.9,13,18,23,29,37,47,48,51,58,63,78,81,85,87,88,98,108,115,116,117,1.5-2.0,42,,N/A,N/A
2C_S6,2,Control,6,3,2021,10/21/2021,DH,N/A,16.2,0,8,19,21,27,32,37,38,38,38,38,38,38,38,38,38,38,38,38,38,1.0-1.5,N/A,,N/A,N/A
2C_S6,2,Control,6,3,2022,10/15/2022,RS,N/A,12.4,,,,,,,,,,,,,,,,,,,,,1-1.5,N/A,Canopy 20% defoliated by twig girdlers,N/A,Grazed
2H_S1,2,Herbicide,1,1,2020,1/14/2021,MMR,DH,11.5,2,16,25,30,32,34,40,43,44,51,59,84,85,89,91,93,104,107,109,114,1.5-2.0,1,Highest shrub is ATCA,N/A,N/A
2H_S1,2,Herbicide,1,1,2021,10/20/2021,MM,TT,13.1,8,21,28,34,40,43,48,51,55,63,66,71,74,78,88,96,98,107,124,128,1.0-1.5,N/A,Defoliated,N/A,N/A
2H_S1,2,Herbicide,1,1,2022,10/15/2022,RS,N/A,12.7,,,,,,,,,,,,,,,,,,,,,1.5-2,N/A,ATCA2 tallest (dead),30,Grazed
2H_S2,2,Herbicide,2,1,2020,1/14/2021,MMR,DH,16.6,27,28,35,51,106,114,115,117,121,125,127,128,130,140,141,147,149,150,159,163,1.5-2.0,45,,N/A,N/A
2H_S2,2,Herbicide,2,1,2021,10/20/2021,RS,TT,15.6,4,11,14,20,25,35,36,49,51,55,56,58,75,76,80,89,111,112,125,149,1.0-1.5,N/A,Defoliated,N/A,N/A
2H_S2,2,Herbicide,2,1,2022,10/15/2022,RS,N/A,16.4,,,,,,,,,,,,,,,,,,,,,1-1.5,N/A,ATCA2 tallest (living),10,Grazed
2H_S3,2,Herbicide,3,2,2020,1/14/2021,RS,DH,18.4,11,38,53,54,56,59,73,75,82,84,88,96,98,116,119,121,129,143,153,157,2.0-2.5,33,,N/A,N/A
2H_S3,2,Herbicide,3,2,2021,10/21/2021,DH,N/A,19.9,12,15,21,24,25,26,29,30,61,75,84,87,88,91,93,102,141,189,197,199,1.5-2.0,N/A,Defoliated,N/A,N/A
2H_S3,2,Herbicide,3,2,2022,10/15/2022,RS,N/A,22.7,,,,,,,,,,,,,,,,,,,,,1.5-2,N/A,ATCA2 tallest (dead),20,Grazed
2H_S4,2,Herbicide,4,2,2020,1/14/2021,RS,DH,18,4,8,20,24,43,62,81,90,96,105,109,111,112,118,124,137,146,151,164,172,2.0-2.5,44,Highest shrub is ATCA,N/A,N/A
2H_S4,2,Herbicide,4,2,2021,10/21/2021,DH,N/A,21.2,19,26,29,44,46,53,62,72,84,103,113,124,138,143,175,178,184,185,209,210,2.0-2.5,N/A,Defoliated. ATCA Tallest,N/A,N/A
2H_S4,2,Herbicide,4,2,2022,10/15/2022,RS,N/A,19.8,,,,,,,,,,,,,,,,,,,,,2-2.5,N/A,ATCA2 tallest (dead); 5% of regrowth killed by insects,30,Grazed
2H_S5,2,Herbicide,5,3,2020,1/14/2021,MMR,DH,13.5,5,14,23,25,33,36,40,55,58,67,69,72,78,84,93,98,99,113,15,135,1.5-2.0,21,Highest shrub is ATCA,N/A,N/A
2H_S5,2,Herbicide,5,3,2021,10/21/2021,DH,N/A,13.8,2,3,6,7,8,10,15,20,32,44,77,85,89,99,109,112,118,119,134,136,1.5-2.0,N/A,Defoliated. ATCA Tallest,N/A,N/A
2H_S5,2,Herbicide,5,3,2022,10/15/2022,RS,N/A,12,,,,,,,,,,,,,,,,,,,,,1.5-2,N/A,ATCA2 tallest (dead),30,Grazed
2H_S6,2,Herbicide,6,3,2020,1/14/2021,MMR,DH,18.8,12,17,27,32,36,38,48,63,97,105,119,122,129,136,144,149,150,161,163,181,2.0-2.5,34,,N/A,N/A
2H_S6,2,Herbicide,6,3,2021,10/21/2021,DH,N/A,21.5,3,6,8,29,35,38,42,43,44,45,46,52,56,60,61,68,84,148,163,198,2.0-2.5,N/A,Defoliated,N/A,N/A
2H_S6,2,Herbicide,6,3,2022,10/15/2022,RS,N/A,19.4,,,,,,,,,,,,,,,,,,,,,2-2.5,N/A,,0,Grazed
3C_S1,3,Control,1,1,2020,11/7/2020,WB,N/A,9.8,1,3,12,13,18,21,22,30,32,38,40,44,59,63,65,66,67,71,81,98,1.0-1.5,11,,N/A,N/A
3C_S1,3,Control,1,1,2021,10/19/2021,AI,N/A,11.9,17,31,32,36,42,47,54,55,57,61,67,68,70,78,89,92,96,108,109,117,1.0-1.5,N/A,,N/A,N/A
3C_S1,3,Control,1,1,2022,10/10/2022,RS,N/A,10.1,,,,,,,,,,,,,,,,,,,,,1-1.5,N/A,Canopy 20% defoliated by twig girdlers,N/A,Grazed
3C_S2,3,Control,2,1,2020,11/7/2020,WB,N/A,8.3,6,9,11,13,18,19,23,28,29,32,39,49,51,52,56,57,58,65,73,79,0.5-1.0,27,,N/A,N/A
3C_S2,3,Control,2,1,2021,10/19/2021,AI,N/A,9.9,16,21,23,28,33,37,43,56,58,64,69,72,78,82,83,85,86,87,89,95,0.5-1.0,N/A,,N/A,N/A
3C_S2,3,Control,2,1,2022,10/10/2022,RS,N/A,8.8,,,,,,,,,,,,,,,,,,,,,0.5-1,N/A,,N/A,Grazed
3C_S3,3,Control,3,2,2020,11/7/2020,WB,N/A,10.2,4,12,21,22,24,28,30,33,36,49,50,53,60,63,65,73,78,84,88,95,1.5-2.0,26,,N/A,N/A
3C_S3,3,Control,3,2,2021,10/19/2021,MR,N/A,12,9,13,15,17,26,29,34,37,40,45,48,51,54,55,62,64,86,91,106,120,1.5-2.0,N/A,,N/A,N/A
3C_S3,3,Control,3,2,2022,10/11/2022,RS,N/A,10.7,,,,,,,,,,,,,,,,,,,,,1.5-2,N/A,Canopy 20% defoliated by twig girdlers,N/A,Grazed
3C_S4,3,Control,4,2,2020,11/7/2020,WB,N/A,9.2,2,6,26,27,40,45,46,48,50,54,67,68,70,71,74,83,84,86,88,90,1.5-2.0,41,,N/A,N/A
3C_S4,3,Control,4,2,2021,10/19/2021,AI,N/A,12.4,11,26,28,30,31,40,44,54,59,60,66,68,79,82,86,90,95,98,121,124,1.5-2.0,N/A,,N/A,N/A
3C_S4,3,Control,4,2,2022,10/11/2022,RS,N/A,9.7,,,,,,,,,,,,,,,,,,,,,1.5-2,N/A,Canopy 20% defoliated by twig girdlers,N/A,Grazed
3C_S5,3,Control,5,3,2020,11/7/2020,WB,N/A,11.4,15,23,37,38,39,46,52,55,57,59,61,64,66,67,70,82,87,89,106,111,1.5-2.0,5,,N/A,N/A
3C_S5,3,Control,5,3,2021,10/19/2021,RS,N/A,14.4,9,13,21,23,29,30,37,38,40,49,50,53,71,91,94,95,106,116,133,140,1.5-2.0,N/A,,N/A,N/A
3C_S5,3,Control,5,3,2022,10/11/2022,RS,N/A,10.9,,,,,,,,,,,,,,,,,,,,,1.5-2,N/A,Canopy 40% defoliated by insects,N/A,Grazed
3C_S6,3,Control,6,3,2020,11/7/2020,WB,N/A,7.8,9,11,13,14,15,21,26,27,29,34,42,44,46,48,58,60,65,69,73,76,1.0-1.5,44,Does not include Yucca,N/A,N/A
3C_S6,3,Control,6,3,2021,10/19/2021,RS,N/A,9.3,4,25,28,37,38,40,46,48,49,53,55,57,59,65,78,81,84,88,89,90,1.5-2.0,N/A,,N/A,N/A
3C_S6,3,Control,6,3,2022,10/11/2022,RS,N/A,8.2,,,,,,,,,,,,,,,,,,,,,1-1.5,N/A,Canopy 10% defoliated by twig girdlers,N/A,Grazed
3H_S1,3,Herbicide,1,1,2020,11/6/2020,SS,N/A,9.2,1,3,5,14,15,18,19,22,24,36,43,46,50,52,62,68,70,72,82,88,1.0-1.5,22,,N/A,N/A
3H_S1,3,Herbicide,1,1,2021,10/19/2021,TT,N/A,9,7,10,13,27,28,29,30,37,39,45,47,48,54,59,62,70,78,80,81,89,1.0-1.5,N/A,Defoliated ,N/A,N/A
3H_S1,3,Herbicide,1,1,2022,10/11/2022,RS,N/A,7.9,,,,,,,,,,,,,,,,,,,,,1-1.5,N/A,,10,Grazed
3H_S2,3,Herbicide,2,1,2020,11/6/2020,SS,N/A,9.5,2,3,7,11,19,29,32,40,42,43,47,49,59,62,65,76,79,80,85,91,1.0-1.5,50,,N/A,N/A
3H_S2,3,Herbicide,2,1,2021,10/19/2021,MR,N/A,6.6,1,2,3,4,8,17,26,32,34,37,40,41,43,48,50,52,56,59,60,66,1.0-1.5,N/A,Defoliated ,N/A,N/A
3H_S2,3,Herbicide,2,1,2022,10/11/2022,RS,N/A,5.8,,,,,,,,,,,,,,,,,,,,,1-1.5,N/A,,0,Grazed
3H_S3,3,Herbicide,3,2,2020,11/6/2020,SS,N/A,10.2,2,3,10,12,13,17,20,28,32,38,47,55,62,65,68,73,80,81,83,88,1.0-1.5,20,,N/A,N/A
3H_S3,3,Herbicide,3,2,2021,10/20/2021,MM,TT,9,3,7,9,10,17,21,24,31,39,41,42,49,50,51,55,62,63,76,79,84,1.0-1.5,N/A,Defoliated ,N/A,N/A
3H_S3,3,Herbicide,3,2,2022,10/11/2022,RS,N/A,7.7,,,,,,,,,,,,,,,,,,,,,1-1.5,N/A,Closer to 1% regrowth; only 1 branch with regrowth,10,Grazed
3H_S4,3,Herbicide,4,2,2020,11/6/2020,RS,N/A,14,2,14,17,24,26,39,40,42,58,61,80,83,107,110,114,116,117,124,134,135,2.0-2.5,43,,N/A,N/A
3H_S4,3,Herbicide,4,2,2021,10/20/2021,ELM,TT,15.2,39,47,61,67,69,77,79,84,101,108,109,110,112,114,116,121,135,136,138,141,2.0-2.5,N/A,Defoliated ,N/A,N/A
3H_S4,3,Herbicide,4,2,2022,10/11/2022,RS,N/A,12.4,,,,,,,,,,,,,,,,,,,,,2-2.5,N/A,ATCA2 in center still alive,10,Grazed
3H_S5,3,Herbicide,5,3,2020,11/6/2020,MMR,SS,13.1,3,16,17,19,32,36,54,58,61,69,73,76,81,87,103,112,114,120,124,128,1.5-2.0,3,,N/A,N/A
3H_S5,3,Herbicide,5,3,2021,10/20/2021,ELM,TT,10.7,6,14,18,21,23,25,29,42,45,50,51,53,59,64,73,86,88,91,96,106,1.5-2.0,N/A,Defoliated ,N/A,N/A
3H_S5,3,Herbicide,5,3,2022,10/11/2022,RS,N/A,8.3,,,,,,,,,,,,,,,,,,,,,1.5-2,N/A,EPTR included in shrub island,0,Grazed
3H_S6,3,Herbicide,6,3,2020,11/6/2020,MMR,SS,11.1,1,2,7,8,10,22,26,28,55,65,73,76,78,84,93,94,99,101,109,110,1.0-1.5,36,,N/A,N/A
3H_S6,3,Herbicide,6,3,2021,10/20/2021,ELM,TT,10.9,1,2,12,13,36,40,42,43,49,52,53,58,63,72,77,84,86,99,102,103,1.0-1.5,N/A,Defoliated ,N/A,N/A
3H_S6,3,Herbicide,6,3,2022,10/11/2022,RS,N/A,9.1,,,,,,,,,,,,,,,,,,,,,1-1.5,N/A,,0,Grazed
4C_S1,4,Control,1,1,2020,11/2/2020,EM,N/A,26,19,24,57,63,67,70,97,119,120,131,137,140,142,158,175,178,199,219,238,246,1.5-2.0,10,,N/A,N/A
4C_S1,4,Control,1,1,2021,10/16/2021,DB,GT,28.2,28,29,46,54,68,75,112,113,124,185,187,204,206,230,242,251,253,268,270,279,1.5-2.0,N/A,,N/A,N/A
4C_S1,4,Control,1,1,2022,10/10/2022,RS,N/A,27,,,,,,,,,,,,,,,,,,,,,1.5-2,N/A,,N/A,Grazed
4C_S2,4,Control,2,1,2020,11/2/2020,EM,N/A,14.8,6,15,21,34,57,58,60,61,71,75,87,91,103,105,106,107,111,116,128,148,2.0-2.5,19,,N/A,N/A
4C_S2,4,Control,2,1,2021,10/16/2021,DB,N/A,13.4,5,7,10,18,30,34,35,40,46,60,70,83,91,104,107,112,114,120,128,130,2.0-2.5,N/A,,N/A,N/A
4C_S2,4,Control,2,1,2022,10/10/2022,RS,N/A,13.2,,,,,,,,,,,,,,,,,,,,,2-2.5,N/A,,N/A,Grazed
4C_S3,4,Control,3,2,2020,11/2/2020,EM,DH,12.1,7,9,20,35,37,41,45,52,53,66,67,73,76,78,83,93,94,101,108,113,1.5-2.0,7,,N/A,N/A
4C_S3,4,Control,3,2,2021,10/15/2021,MR,ELM,12.8,6,7,9,12,13,15,20,24,26,29,40,57,59,63,65,74,75,83,94,110,1.5-2.0,N/A,,N/A,N/A
4C_S3,4,Control,3,2,2022,10/10/2022,ELM,N/A,12.4,,,,,,,,,,,,,,,,,,,,,1-1.5,N/A,,N/A,Grazed
4C_S4,4,Control,4,2,2020,11/2/2020,AI,EM,14,20,21,29,47,49,58,61,65,66,70,73,78,83,84,95,109,118,121,126,127,1.5-2.0,45,,N/A,N/A
4C_S4,4,Control,4,2,2021,10/15/2021,MR,ELM,14.8,3,27,34,38,45,46,52,55,67,68,69,72,83,107,112,117,118,122,140,143,1.5-2.0,N/A,,N/A,N/A
4C_S4,4,Control,4,2,2022,10/10/2022,ELM,N/A,13.8,,,,,,,,,,,,,,,,,,,,,1.5-2,N/A,,N/A,Grazed
4C_S5,4,Control,5,3,2020,11/4/2020,EM,MMR,20.8,11,13,19,21,33,34,56,83,111,114,120,127,130,133,135,151,173,191,199,206,1.5-2.0,5,Plot had to be resampled. Original sample tipped over on accident,N/A,N/A
4C_S5,4,Control,5,3,2021,10/15/2021,SL,ELM,23.1,6,17,18,26,47,52,65,75,87,91,95,98,120,131,142,165,167,102,208,225,1.5-2.0,N/A,,N/A,N/A
4C_S5,4,Control,5,3,2022,10/10/2022,RS,N/A,19.9,,,,,,,,,,,,,,,,,,,,,1.5-2,N/A,,N/A,Grazed
4C_S6,4,Control,6,3,2020,11/4/2020,EM,MMR,8,11,12,17,18,19,20,22,32,33,37,40,43,44,45,51,59,60,62,63,75,1.5-2.0,45,,N/A,N/A
4C_S6,4,Control,6,3,2021,10/15/2021,SL,ELM,10.3,3,16,17,19,30,32,34,43,53,64,70,72,74,78,80,85,95,97,100,102,2.0-2.5,N/A,,N/A,N/A
4C_S6,4,Control,6,3,2022,10/10/2022,RS,N/A,8.1,,,,,,,,,,,,,,,,,,,,,2-2.5,N/A,,N/A,Grazed
4H_S1,4,Herbicide,1,1,2020,11/4/2020,EM,DH,14.3,2,5,11,15,30,37,45,56,60,64,67,70,79,80,83,87,91,107,135,143,1.5-2.0,0,,N/A,N/A
4H_S1,4,Herbicide,1,1,2021,10/14/2021,DB,N/A,13.8,7,12,13,15,16,24,37,38,44,47,51,52,74,75,79,82,89,94,132,138,1.0-1.5,N/A,Defoliated ,N/A,N/A
4H_S1,4,Herbicide,1,1,2022,10/10/2022,ELM,N/A,11.8,,,,,,,,,,,,,,,,,,,,,1.5-2,N/A,,40,Grazed
4H_S2,4,Herbicide,2,1,2020,11/4/2020,RS,EM,7.5,7,8,18,22,24,26,30,32,35,36,42,43,46,48,50,55,56,58,64,72,0.5-1.0,44,,N/A,N/A
4H_S2,4,Herbicide,2,1,2021,10/14/2021,DB,N/A,9.4,16,24,37,38,42,43,46,48,49,55,58,59,63,67,72,73,76,77,83,94,0.5-1.0,N/A,Defoliated ,N/A,N/A
4H_S2,4,Herbicide,2,1,2022,10/10/2022,ELM,N/A,7.7,,,,,,,,,,,,,,,,,,,,,0.5-1,N/A,,0,Grazed
4H_S3,4,Herbicide,3,2,2020,11/4/2020,EM,MMR,10.8,6,8,15,16,18,29,35,38,41,43,44,51,53,59,72,76,80,87,93,96,1.5-2.0,23,,N/A,N/A
4H_S3,4,Herbicide,3,2,2021,10/15/2021,MM,ELM,10.3,2,9,10,21,23,35,32,33,39,40,49,59,60,62,66,71,78,80,85,98,1.5-2.0,N/A,Defoliated ,N/A,N/A
4H_S3,4,Herbicide,3,2,2022,10/10/2022,RS,N/A,9.8,,,,,,,,,,,,,,,,,,,,,1.5-2,N/A,,20,Grazed
4H_S4,4,Herbicide,4,2,2020,11/4/2020,EM,MMR,10.2,5,9,14,19,33,36,45,48,61,63,64,65,66,73,76,80,82,90,94,99,1.5-2.0,46,,N/A,N/A
4H_S4,4,Herbicide,4,2,2021,10/15/2021,MM,ELM,9.3,4,12,19,29,31,35,37,38,39,40,44,52,53,58,59,73,74,83,86,87,1.5-2.0,N/A,90% Defoliated,N/A,N/A
4H_S4,4,Herbicide,4,2,2022,10/10/2022,RS,N/A,9.1,,,,,,,,,,,,,,,,,,,,,1-1.5,N/A,Closer to 1% regrowth; only 1 branch with regrowth dead due to insect feeding,10,Grazed
4H_S5,4,Herbicide,5,3,2020,11/4/2020,AI,DH,11.3,6,17,33,34,37,38,40,51,53,55,57,66,67,69,71,73,80,96,106,109,0.5-1.0,16,,N/A,N/A
4H_S5,4,Herbicide,5,3,2021,10/15/2021,MM,SL,10.8,6,16,19,20,22,27,30,36,48,55,58,63,64,66,78,91,94,99,100,101,0.5-1.0,N/A,70% Defoliated ,N/A,N/A
4H_S5,4,Herbicide,5,3,2022,10/10/2022,ELM,N/A,11.2,,,,,,,,,,,,,,,,,,,,,0.5-1,N/A,,70,Grazed
4H_S6,4,Herbicide,6,3,2020,11/4/2020,EM,DH,12.5,0,1,2,5,11,13,19,32,33,34,37,44,71,80,93,97,101,107,108,119,1.0-1.5,21,,N/A,N/A
4H_S6,4,Herbicide,6,3,2021,10/15/2021,SL,ELM,11.8,4,6,15,35,38,39,40,45,48,53,58,65,70,78,85,94,100,101,108,112,1.0-1.5,N/A,Defoliated ,N/A,N/A
4H_S6,4,Herbicide,6,3,2022,10/10/2022,ELM,N/A,10.5,,,,,,,,,,,,,,,,,,,,,1-1.5,N/A,Closer to 1% regrowth,10,Grazed
5C_S1,5,Control,1,1,2020,N/A,N/A,N/A,N/A,N/A,N/A,N/A,N/A,N/A,N/A,N/A,N/A,N/A,N/A,N/A,N/A,N/A,N/A,N/A,N/A,N/A,N/A,N/A,N/A,N/A,N/A,,N/A,N/A
5C_S1,5,Control,1,1,2021,10/29/2021,ELM,SL,9,9,15,19,28,29,43,49,51,53,55,56,61,62,64,66,67,69,73,81,84,0.5-1.0,7,,N/A,N/A
5C_S1,5,Control,1,1,2022,10/18/2022,RS,N/A,11.1,,,,,,,,,,,,,,,,,,,,,0.5-1,N/A,,N/A,Grazed
5C_S2,5,Control,2,1,2020,N/A,N/A,N/A,N/A,N/A,N/A,N/A,N/A,N/A,N/A,N/A,N/A,N/A,N/A,N/A,N/A,N/A,N/A,N/A,N/A,N/A,N/A,N/A,N/A,N/A,N/A,,N/A,N/A
5C_S2,5,Control,2,1,2021,10/29/2021,ELM,SL,20.6,10,13,18,23,39,40,43,45,46,71,82,90,94,101,105,137,139,143,175,193,2.0-2.5,34,ATCA is tallest ,N/A,N/A
5C_S2,5,Control,2,1,2022,10/18/2022,RS,N/A,19.7,,,,,,,,,,,,,,,,,,,,,1.5-2,N/A,ATCA2 (live) tallest,N/A,Grazed
5C_S3,5,Control,3,2,2020,N/A,N/A,N/A,N/A,N/A,N/A,N/A,N/A,N/A,N/A,N/A,N/A,N/A,N/A,N/A,N/A,N/A,N/A,N/A,N/A,N/A,N/A,N/A,N/A,N/A,N/A,,N/A,N/A
5C_S3,5,Control,3,2,2021,10/29/2021,RS,SL,11.3,8,22,24,28,29,32,37,47,48,53,61,65,67,69,72,77,81,93,102,106,1.5-2.0,29,ATCA is tallest ,N/A,N/A
5C_S3,5,Control,3,2,2022,10/18/2022,RS,N/A,11.2,,,,,,,,,,,,,,,,,,,,,1.5-2,N/A,ATCA2 (live) tallest; Mesquite seedlings emerging under shrub island canopy (1 or 2 seedlings),N/A,Grazed
5C_S4,5,Control,4,2,2020,N/A,N/A,N/A,N/A,N/A,N/A,N/A,N/A,N/A,N/A,N/A,N/A,N/A,N/A,N/A,N/A,N/A,N/A,N/A,N/A,N/A,N/A,N/A,N/A,N/A,N/A,,N/A,N/A
5C_S4,5,Control,4,2,2021,10/29/2021,RS,MM,27.7,20,35,50,69,92,152,157,161,165,174,176,177,182,186,190,211,222,225,254,262,1.5-2.0,36,,N/A,N/A
5C_S4,5,Control,4,2,2022,10/18/2022,RS,N/A,26.2,,,,,,,,,,,,,,,,,,,,,1.5-2,N/A,,N/A,Grazed
5C_S5,5,Control,5,3,2020,N/A,N/A,N/A,N/A,N/A,N/A,N/A,N/A,N/A,N/A,N/A,N/A,N/A,N/A,N/A,N/A,N/A,N/A,N/A,N/A,N/A,N/A,N/A,N/A,N/A,N/A,,N/A,N/A
5C_S5,5,Control,5,3,2021,10/29/2021,RS,SL,54,28,69,108,115,212,214,295,313,325,337,370,376,402,438,457,473,496,499,506,511,1.5-2.0,29,,N/A,N/A
5C_S5,5,Control,5,3,2022,10/18/2022,RS,N/A,53.4,,,,,,,,,,,,,,,,,,,,,1.5-2,N/A,,N/A,Grazed
5C_S6,5,Control,6,3,2020,N/A,N/A,N/A,N/A,N/A,N/A,N/A,N/A,N/A,N/A,N/A,N/A,N/A,N/A,N/A,N/A,N/A,N/A,N/A,N/A,N/A,N/A,N/A,N/A,N/A,N/A,,N/A,N/A
5C_S6,5,Control,6,3,2021,10/29/2021,ELM,MM,9.6,2,17,22,24,25,33,37,42,43,55,56,61,65,66,68,82,84,87,91,96,1.0-1.5,43,ATCA is tallest ,N/A,N/A
5C_S6,5,Control,6,3,2022,10/18/2022,RS,N/A,9.1,,,,,,,,,,,,,,,,,,,,,1-1.5,N/A,ATCA2 (dead) tallest,N/A,Grazed
5H_S1,5,Herbicide,1,1,2020,N/A,N/A,N/A,N/A,N/A,N/A,N/A,N/A,N/A,N/A,N/A,N/A,N/A,N/A,N/A,N/A,N/A,N/A,N/A,N/A,N/A,N/A,N/A,N/A,N/A,N/A,,N/A,N/A
5H_S1,5,Herbicide,1,1,2021,10/29/2021,RS,N/A,28.1,7,28,49,92,94,100,111,114,115,132,150,164,182,192,209,128,225,232,243,256,2.0-2.5,28,Defoliated,N/A,N/A
5H_S1,5,Herbicide,1,1,2022,10/18/2022,RS,N/A,26.8,,,,,,,,,,,,,,,,,,,,,2-2.5,N/A,,30,Grazed
5H_S2,5,Herbicide,2,1,2020,N/A,N/A,N/A,N/A,N/A,N/A,N/A,N/A,N/A,N/A,N/A,N/A,N/A,N/A,N/A,N/A,N/A,N/A,N/A,N/A,N/A,N/A,N/A,N/A,N/A,N/A,,N/A,N/A
5H_S2,5,Herbicide,2,1,2021,10/29/2021,RS,N/A,20.4,10,16,26,41,71,72,76,78,94,101,114,119,137,139,144,157,173,174,187,188,1.5-2.0,43,"Defoliated, ATCA is tallest",N/A,N/A
5H_S2,5,Herbicide,2,1,2022,10/18/2022,RS,N/A,19.1,,,,,,,,,,,,,,,,,,,,,1.5-2,N/A,ATCA2 (live) tallest,20,Grazed
5H_S3,5,Herbicide,3,2,2020,N/A,N/A,N/A,N/A,N/A,N/A,N/A,N/A,N/A,N/A,N/A,N/A,N/A,N/A,N/A,N/A,N/A,N/A,N/A,N/A,N/A,N/A,N/A,N/A,N/A,N/A,,N/A,N/A
5H_S3,5,Herbicide,3,2,2021,10/30/2021,RS,N/A,14.6,0,1,12,15,17,33,45,57,60,65,67,72,77,83,108,111,121,125,133,135,1.0-1.5,28,"Slightly defoliated, leaves present in subcanopy",N/A,N/A
5H_S3,5,Herbicide,3,2,2022,10/18/2022,RS,N/A,13.9,,,,,,,,,,,,,,,,,,,,,1.5-2,N/A,ATCA2 (dead) tallest,40,Grazed
5H_S4,5,Herbicide,4,2,2020,N/A,N/A,N/A,N/A,N/A,N/A,N/A,N/A,N/A,N/A,N/A,N/A,N/A,N/A,N/A,N/A,N/A,N/A,N/A,N/A,N/A,N/A,N/A,N/A,N/A,N/A,,N/A,N/A
5H_S4,5,Herbicide,4,2,2021,10/30/2021,DB,N/A,24.9,12,18,30,31,32,38,52,69,70,89,96,102,107,112,144,148,207,212,224,237,1.5-2.0,48,Defoliated,N/A,N/A
5H_S4,5,Herbicide,4,2,2022,10/18/2022,RS,N/A,20.4,,,,,,,,,,,,,,,,,,,,,1.5-2,N/A,,20,Grazed
5H_S5,5,Herbicide,5,3,2020,N/A,N/A,N/A,N/A,N/A,N/A,N/A,N/A,N/A,N/A,N/A,N/A,N/A,N/A,N/A,N/A,N/A,N/A,N/A,N/A,N/A,N/A,N/A,N/A,N/A,N/A,,N/A,N/A
5H_S5,5,Herbicide,5,3,2021,10/30/2021,DB,N/A,22.9,19,20,43,55,67,83,100,101,104,111,112,113,131,136,152,164,174,182,202,222,2.0-2.5,32,Little to no herb effect,N/A,N/A
5H_S5,5,Herbicide,5,3,2022,10/18/2022,RS,N/A,21.5,,,,,,,,,,,,,,,,,,,,,2-2.5,N/A,In a gulley erosion area,80,Grazed
5H_S6,5,Herbicide,6,3,2020,N/A,N/A,N/A,N/A,N/A,N/A,N/A,N/A,N/A,N/A,N/A,N/A,N/A,N/A,N/A,N/A,N/A,N/A,N/A,N/A,N/A,N/A,N/A,N/A,N/A,N/A,,N/A,N/A
5H_S6,5,Herbicide,6,3,2021,10/30/2021,DB,N/A,14.8,4,7,14,17,18,23,33,38,44,48,53,55,63,96,97,106,107,110,146,148,0.5-1.0,35,Defoliated,N/A,N/A
5H_S6,5,Herbicide,6,3,2022,10/18/2022,RS,N/A,11.8,,,,,,,,,,,,,,,,,,,,,0.5-1,N/A,,20,Grazed
6C_S1,6,Control,1,1,2020,N/A,N/A,N/A,N/A,N/A,N/A,N/A,N/A,N/A,N/A,N/A,N/A,N/A,N/A,N/A,N/A,N/A,N/A,N/A,N/A,N/A,N/A,N/A,N/A,N/A,N/A,,N/A,N/A
6C_S1,6,Control,1,1,2021,9/14/2021,RS,N/A,17,6,7,12,30,38,39,52,66,73,79,91,109,120,146,147,151,152,155,157,167,1.5-2.0,12,ATCA is tallest ,N/A,N/A
6C_S1,6,Control,1,1,2022,9/23/2022,RS,N/A,16.3,,,,,,,,,,,,,,,,,,,,,1.5-2,N/A,ATCA2 tallest,N/A,Ungrazed
6C_S2,6,Control,2,1,2020,N/A,N/A,N/A,N/A,N/A,N/A,N/A,N/A,N/A,N/A,N/A,N/A,N/A,N/A,N/A,N/A,N/A,N/A,N/A,N/A,N/A,N/A,N/A,N/A,N/A,N/A,,N/A,N/A
6C_S2,6,Control,2,1,2021,9/14/2021,RS,N/A,8.3,17,28,30,31,36,37,38,42,44,45,49,50,52,54,56,63,64,74,76,78,0.5-1.0,31,,N/A,N/A
6C_S2,6,Control,2,1,2022,9/23/2022,RS,N/A,7.7,,,,,,,,,,,,,,,,,,,,,0.5-1,N/A,,N/A,Ungrazed
6C_S3,6,Control,3,2,2020,N/A,N/A,N/A,N/A,N/A,N/A,N/A,N/A,N/A,N/A,N/A,N/A,N/A,N/A,N/A,N/A,N/A,N/A,N/A,N/A,N/A,N/A,N/A,N/A,N/A,N/A,,N/A,N/A
6C_S3,6,Control,3,2,2021,9/14/2021,AI,N/A,17.7,1,2,9,15,43,48,66,75,83,90,104,111,126,131,137,139,141,144,158,160,1.5-2.0,31,,N/A,N/A
6C_S3,6,Control,3,2,2022,9/23/2022,RS,N/A,14.9,,,,,,,,,,,,,,,,,,,,,1.5-2,N/A,,N/A,Ungrazed
6C_S4,6,Control,4,2,2020,N/A,N/A,N/A,N/A,N/A,N/A,N/A,N/A,N/A,N/A,N/A,N/A,N/A,N/A,N/A,N/A,N/A,N/A,N/A,N/A,N/A,N/A,N/A,N/A,N/A,N/A,,N/A,N/A
6C_S4,6,Control,4,2,2021,9/14/2021,AI,N/A,14.7,6,24,28,30,33,46,53,55,60,83,888,92,97,98,100,102,103,126,138,140,1.5-2.0,35,ATCA is tallest ,N/A,N/A
6C_S4,6,Control,4,2,2022,9/23/2022,RS,N/A,14.5,,,,,,,,,,,,,,,,,,,,,1.5-2,N/A,ATCA2 tallest,N/A,Ungrazed
6C_S5,6,Control,5,3,2020,N/A,N/A,N/A,N/A,N/A,N/A,N/A,N/A,N/A,N/A,N/A,N/A,N/A,N/A,N/A,N/A,N/A,N/A,N/A,N/A,N/A,N/A,N/A,N/A,N/A,N/A,,N/A,N/A
6C_S5,6,Control,5,3,2021,9/11/2021,MR,DB,8.7,12,24,26,30,34,39,40,43,47,48,55,57,67,68,71,72,73,74,75,78,1.0-1.5,25,,N/A,N/A
6C_S5,6,Control,5,3,2022,9/23/2022,RS,N/A,7.1,,,,,,,,,,,,,,,,,,,,,0.5-1,N/A,,N/A,Ungrazed
6C_S6,6,Control,6,3,2020,N/A,N/A,N/A,N/A,N/A,N/A,N/A,N/A,N/A,N/A,N/A,N/A,N/A,N/A,N/A,N/A,N/A,N/A,N/A,N/A,N/A,N/A,N/A,N/A,N/A,N/A,,N/A,N/A
6C_S6,6,Control,6,3,2021,9/11/2021,MR,DB,12.2,5,14,20,35,37,39,46,52,53,56,70,77,80,84,86,90,92,108,114,122,1.0-1.5,48,,N/A,N/A
6C_S6,6,Control,6,3,2022,9/23/2022,RS,N/A,11.4,,,,,,,,,,,,,,,,,,,,,0.5-1,N/A,,N/A,Ungrazed
6H_S1,6,Herbicide,1,1,2020,N/A,N/A,N/A,N/A,N/A,N/A,N/A,N/A,N/A,N/A,N/A,N/A,N/A,N/A,N/A,N/A,N/A,N/A,N/A,N/A,N/A,N/A,N/A,N/A,N/A,N/A,,N/A,N/A
6H_S1,6,Herbicide,1,1,2021,9/14/2021,RS,N/A,8.2,0,5,7,23,27,34,36,37,38,40,48,49,52,64,65,66,70,77,78,81,0.5-1.0,21,,N/A,N/A
6H_S1,6,Herbicide,1,1,2022,9/24/2022,RS,N/A,7.6,,,,,,,,,,,,,,,,,,,,,0.5-1,N/A,"Closer to 1%, literally one branch had a couple leaves of regrowth",10,Ungrazed
6H_S2,6,Herbicide,2,1,2020,N/A,N/A,N/A,N/A,N/A,N/A,N/A,N/A,N/A,N/A,N/A,N/A,N/A,N/A,N/A,N/A,N/A,N/A,N/A,N/A,N/A,N/A,N/A,N/A,N/A,N/A,,N/A,N/A
6H_S2,6,Herbicide,2,1,2021,9/14/2021,RS,N/A,9.2,10,13,18,23,28,36,38,41,47,49,52,55,57,71,74,75,81,87,90,91,0.5-1.0,46,,N/A,N/A
6H_S2,6,Herbicide,2,1,2022,9/24/2022,RS,N/A,8.4,,,,,,,,,,,,,,,,,,,,,0.5-1,N/A,,0,Ungrazed
6H_S3,6,Herbicide,3,2,2020,N/A,N/A,N/A,N/A,N/A,N/A,N/A,N/A,N/A,N/A,N/A,N/A,N/A,N/A,N/A,N/A,N/A,N/A,N/A,N/A,N/A,N/A,N/A,N/A,N/A,N/A,,N/A,N/A
6H_S3,6,Herbicide,3,2,2021,9/15/2021,DH,N/A,11.2,2,18,25,29,31,37,51,53,58,64,70,72,76,78,80,82,89,93,105,109,0.5-1.0,2,,N/A,N/A
6H_S3,6,Herbicide,3,2,2022,9/24/2022,RS,N/A,11.1,,,,,,,,,,,,,,,,,,,,,1-1.5,N/A,,40,Ungrazed
6H_S4,6,Herbicide,4,2,2020,N/A,N/A,N/A,N/A,N/A,N/A,N/A,N/A,N/A,N/A,N/A,N/A,N/A,N/A,N/A,N/A,N/A,N/A,N/A,N/A,N/A,N/A,N/A,N/A,N/A,N/A,,N/A,N/A
6H_S4,6,Herbicide,4,2,2021,9/15/2021,DH,RS,24.6,43,49,60,73,91,1103,107,145,147,163,194,196,198,214,216,226,227,237,244,246,1.5-2.0,17,,N/A,N/A
6H_S4,6,Herbicide,4,2,2022,9/24/2022,RS,N/A,20.7,,,,,,,,,,,,,,,,,,,,,1-1.5,N/A,,20,Ungrazed
6H_S5,6,Herbicide,5,3,2020,N/A,N/A,N/A,N/A,N/A,N/A,N/A,N/A,N/A,N/A,N/A,N/A,N/A,N/A,N/A,N/A,N/A,N/A,N/A,N/A,N/A,N/A,N/A,N/A,N/A,N/A,,N/A,N/A
6H_S5,6,Herbicide,5,3,2021,9/15/2021,DH,N/A,8.3,1,5,8,11,13,14,16,26,27,34,41,42,44,45,49,60,61,65,67,78,0.5-1.0,17,,N/A,N/A
6H_S5,6,Herbicide,5,3,2022,9/24/2022,RS,N/A,8.7,,,,,,,,,,,,,,,,,,,,,0.5-1,N/A,,40,Ungrazed
6H_S6,6,Herbicide,6,3,2020,N/A,N/A,N/A,N/A,N/A,N/A,N/A,N/A,N/A,N/A,N/A,N/A,N/A,N/A,N/A,N/A,N/A,N/A,N/A,N/A,N/A,N/A,N/A,N/A,N/A,N/A,,N/A,N/A
6H_S6,6,Herbicide,6,3,2021,9/15/2021,DH,MM,18.7,28,61,65,70,71,88,91,96,98,117,121,126,128,133,151,152,158,163,172,186,1.0-1.5,23,,N/A,N/A
6H_S6,6,Herbicide,6,3,2022,9/24/2022,RS,N/A,18.4,,,,,,,,,,,,,,,,,,,,,1-1.5,N/A,,10,Ungrazed
7C_S1,7,Control,1,1,2020,N/A,N/A,N/A,N/A,N/A,N/A,N/A,N/A,N/A,N/A,N/A,N/A,N/A,N/A,N/A,N/A,N/A,N/A,N/A,N/A,N/A,N/A,N/A,N/A,N/A,N/A,,N/A,N/A
7C_S1,7,Control,1,1,2021,9/10/2021,MM,SL,16.7,6,9,10,21,33,45,60,68,84,109,118,121,130,134,136,159,160,162,163,164,1.5-2.0,31,,N/A,N/A
7C_S1,7,Control,1,1,2022,9/24/2022,RS,N/A,14,,,,,,,,,,,,,,,,,,,,,1-1.5,N/A,,N/A,Ungrazed
7C_S2,7,Control,2,1,2020,N/A,N/A,N/A,N/A,N/A,N/A,N/A,N/A,N/A,N/A,N/A,N/A,N/A,N/A,N/A,N/A,N/A,N/A,N/A,N/A,N/A,N/A,N/A,N/A,N/A,N/A,,N/A,N/A
7C_S2,7,Control,2,1,2021,9/10/2021,SL,MM,14.6,16,25,27,32,33,36,37,53,63,64,67,76,81,94,95,110,118,125,131,140,1.0-1.5,42,,N/A,N/A
7C_S2,7,Control,2,1,2022,9/24/2022,RS,N/A,13.1,,,,,,,,,,,,,,,,,,,,,1-1.5,N/A,,N/A,Ungrazed
7C_S3,7,Control,3,2,2020,N/A,N/A,N/A,N/A,N/A,N/A,N/A,N/A,N/A,N/A,N/A,N/A,N/A,N/A,N/A,N/A,N/A,N/A,N/A,N/A,N/A,N/A,N/A,N/A,N/A,N/A,,N/A,N/A
7C_S3,7,Control,3,2,2021,9/9/2021,MM,SL,10.8,2,4,6,10,19,28,33,40,43,50,53,55,58,83,87,89,90,94,96,102,1.0-1.5,15,,N/A,N/A
7C_S3,7,Control,3,2,2022,9/26/2022,ELM,N/A,10,,,,,,,,,,,,,,,,,,,,,1-1.5,N/A,,N/A,Ungrazed
7C_S4,7,Control,4,2,2020,N/A,N/A,N/A,N/A,N/A,N/A,N/A,N/A,N/A,N/A,N/A,N/A,N/A,N/A,N/A,N/A,N/A,N/A,N/A,N/A,N/A,N/A,N/A,N/A,N/A,N/A,,N/A,N/A
7C_S4,7,Control,4,2,2021,9/9/2021,SL,MM,14.3,6,16,22,28,30,51,53,63,71,72,74,89,93,94,96,100,107,131,138,143,0.5-1.0,17,,N/A,N/A
7C_S4,7,Control,4,2,2022,9/26/2022,ELM,N/A,14.3,,,,,,,,,,,,,,,,,,,,,0.5-1,N/A,,N/A,Ungrazed
7C_S5,7,Control,5,3,2020,N/A,N/A,N/A,N/A,N/A,N/A,N/A,N/A,N/A,N/A,N/A,N/A,N/A,N/A,N/A,N/A,N/A,N/A,N/A,N/A,N/A,N/A,N/A,N/A,N/A,N/A,,N/A,N/A
7C_S5,7,Control,5,3,2021,9/9/2021,AI,RS,14.6,2,4,8,30,33,61,65,75,81,83,86,89,92,93,105,111,114,116,125,143,1.5-2.0,6,,N/A,N/A
7C_S5,7,Control,5,3,2022,9/26/2022,RS,N/A,14.1,,,,,,,,,,,,,,,,,,,,,1-1.5,N/A,,N/A,Ungrazed
7C_S6,7,Control,6,3,2020,N/A,N/A,N/A,N/A,N/A,N/A,N/A,N/A,N/A,N/A,N/A,N/A,N/A,N/A,N/A,N/A,N/A,N/A,N/A,N/A,N/A,N/A,N/A,N/A,N/A,N/A,,N/A,N/A
7C_S6,7,Control,6,3,2021,9/9/2021,RS,AI,28.8,6,28,31,35,91,98,105,109,132,143,162,179,189,201,225,235,239,254,286,288,1.0-1.5,28,Had to choose different shrub due to presence of jack rabbit ,N/A,N/A
7C_S6,7,Control,6,3,2022,9/26/2022,RS,N/A,27.5,,,,,,,,,,,,,,,,,,,,,1-1.5,N/A,,N/A,Ungrazed
7H_S1,7,Herbicide,1,1,2020,N/A,N/A,N/A,N/A,N/A,N/A,N/A,N/A,N/A,N/A,N/A,N/A,N/A,N/A,N/A,N/A,N/A,N/A,N/A,N/A,N/A,N/A,N/A,N/A,N/A,N/A,,N/A,N/A
7H_S1,7,Herbicide,1,1,2021,9/10/2021,SL,MM,7.3,1,4,6,12,13,16,18,21,24,28,30,31,33,39,50,56,59,66,67,73,0.5-1.0,32,Leaves are dropping ,N/A,N/A
7H_S1,7,Herbicide,1,1,2022,9/26/2022,RS,N/A,5.6,,,,,,,,,,,,,,,,,,,,,0.5-1,N/A,,0,Ungrazed
7H_S2,7,Herbicide,2,1,2020,N/A,N/A,N/A,N/A,N/A,N/A,N/A,N/A,N/A,N/A,N/A,N/A,N/A,N/A,N/A,N/A,N/A,N/A,N/A,N/A,N/A,N/A,N/A,N/A,N/A,N/A,,N/A,N/A
7H_S2,7,Herbicide,2,1,2021,9/10/2021,MM,SL,14,0,10,16,17,28,30,42,56,57,59,69,70,83,84,85,90,92,99,109,137,1.0-1.5,46,Leaves are dropping ,N/A,N/A
7H_S2,7,Herbicide,2,1,2022,9/26/2022,RS,N/A,13.6,,,,,,,,,,,,,,,,,,,,,1-1.5,N/A,,0,Ungrazed
7H_S3,7,Herbicide,3,2,2020,N/A,N/A,N/A,N/A,N/A,N/A,N/A,N/A,N/A,N/A,N/A,N/A,N/A,N/A,N/A,N/A,N/A,N/A,N/A,N/A,N/A,N/A,N/A,N/A,N/A,N/A,,N/A,N/A
7H_S3,7,Herbicide,3,2,2021,9/10/2021,SL,MW,10.9,6,19,20,21,24,34,37,39,42,44,58,62,66,70,80,88,90,92,101,102,0.5-1.0,22,Leaves yellow and dropping ,N/A,N/A
7H_S3,7,Herbicide,3,2,2022,9/26/2022,ELM,N/A,7.3,,,,,,,,,,,,,,,,,,,,,0.5-1,N/A,,0,Ungrazed
7H_S4,7,Herbicide,4,2,2020,N/A,N/A,N/A,N/A,N/A,N/A,N/A,N/A,N/A,N/A,N/A,N/A,N/A,N/A,N/A,N/A,N/A,N/A,N/A,N/A,N/A,N/A,N/A,N/A,N/A,N/A,,N/A,N/A
7H_S4,7,Herbicide,4,2,2021,9/10/2021,SL,MW,12.6,13,19,28,29,31,36,41,44,50,52,62,63,68,74,84,86,89,93,104,107,1.0-1.5,49,,N/A,N/A
7H_S4,7,Herbicide,4,2,2022,9/26/2022,ELM,N/A,11.3,,,,,,,,,,,,,,,,,,,,,1-1.5,N/A,,30,Ungrazed
7H_S5,7,Herbicide,5,3,2020,N/A,N/A,N/A,N/A,N/A,N/A,N/A,N/A,N/A,N/A,N/A,N/A,N/A,N/A,N/A,N/A,N/A,N/A,N/A,N/A,N/A,N/A,N/A,N/A,N/A,N/A,,N/A,N/A
7H_S5,7,Herbicide,5,3,2021,9/11/2021,MR,N/A,7.5,5,9,12,17,22,23,31,32,35,38,42,49,52,55,61,64,69,70,73,74,0.5-1.0,7,,N/A,N/A
7H_S5,7,Herbicide,5,3,2022,9/26/2022,RS,N/A,7.2,,,,,,,,,,,,,,,,,,,,,0.5-1,N/A,,0,Ungrazed
7H_S6,7,Herbicide,6,3,2020,N/A,N/A,N/A,N/A,N/A,N/A,N/A,N/A,N/A,N/A,N/A,N/A,N/A,N/A,N/A,N/A,N/A,N/A,N/A,N/A,N/A,N/A,N/A,N/A,N/A,N/A,,N/A,N/A
7H_S6,7,Herbicide,6,3,2021,9/11/2021,MR,DB,17.6,22,24,28,39,41,50,64,74,79,88,89,112,116,120,131,142,153,162,164,168,1.0-1.5,43,,N/A,N/A
7H_S6,7,Herbicide,6,3,2022,9/26/2022,RS,N/A,14.7,,,,,,,,,,,,,,,,,,,,,1-1.5,N/A,,80,Ungrazed
8C_S1,8,Control,1,1,2020,10/24/2020,WB,N/A,9.9,3,7,10,12,16,21,22,26,29,41,42,46,50,56,73,79,86,87,93,95,1.5-2.0,43,,N/A,N/A
8C_S1,8,Control,1,1,2021,10/8/2021,ELM,N/A,12.9,11,12,18,19,33,34,43,46,52,58,61,72,75,77,79,99,101,104,110,127,1.5-2.0,N/A,,N/A,N/A
8C_S1,8,Control,1,1,2022,10/7/2022,RS,N/A,10.9,,,,,,,,,,,,,,,,,,,,,1.5-2,N/A,,N/A,Grazed
8C_S2,8,Control,2,1,2020,10/24/2020,RS,N/A,9.9,1,3,12,14,15,16,22,27,36,41,44,45,56,62,69,70,75,76,83,90,1.0-1.5,47,,N/A,N/A
8C_S2,8,Control,2,1,2021,10/8/2021,ELM,N/A,11.5,1,3,4,8,19,26,30,33,37,42,48,66,71,76,87,93,98,104,106,114,1.0-1.5,N/A,,N/A,N/A
8C_S2,8,Control,2,1,2022,10/7/2022,RS,N/A,9.7,,,,,,,,,,,,,,,,,,,,,1-1.5,N/A,,N/A,Grazed
8C_S3,8,Control,3,2,2020,10/24/2020,WB,N/A,14.2,7,8,9,24,29,32,39,44,51,54,66,68,69,76,82,83,88,97,101,118,1.5-2.0,2,,N/A,N/A
8C_S3,8,Control,3,2,2021,10/8/2021,ELM,N/A,19,1,14,40,53,54,55,59,66,81,95,99,103,104,122,140,145,157,165,175,190,1.5-2.0,N/A,,N/A,N/A
8C_S3,8,Control,3,2,2022,10/7/2022,ELM,N/A,15.8,,,,,,,,,,,,,,,,,,,,,1.5-2,N/A,,N/A,Grazed
8C_S4,8,Control,4,2,2020,10/24/2020,DB,N/A,8.1,1,2,6,9,15,16,18,20,21,25,30,32,34,38,52,68,70,72,80,81,0.5-1.0,20,,N/A,N/A
8C_S4,8,Control,4,2,2021,10/8/2021,ELM,N/A,10.2,2,7,18,21,28,30,32,33,45,52,63,64,66,68,69,79,86,93,98,100,0.5-1.0,N/A,,N/A,N/A
8C_S4,8,Control,4,2,2022,10/7/2022,ELM,N/A,9,,,,,,,,,,,,,,,,,,,,,0.5-1,N/A,,N/A,Grazed
8C_S5,8,Control,5,3,2020,10/24/2020,RS,N/A,14.9,3,4,33,34,37,41,44,48,52,55,57,65,70,73,74,89,97,102,120,128,1.5-2.0,4,,N/A,N/A
8C_S5,8,Control,5,3,2021,10/6/2021,AI,N/A,16.4,2,4,14,28,34,38,39,42,71,97,104,124,131,139,150,153,154,155,158,164,1.5-2.0,N/A,,N/A,N/A
8C_S5,8,Control,5,3,2022,10/7/2022,RS,N/A,15.7,,,,,,,,,,,,,,,,,,,,,1.5-2,N/A,Canopy 10% defoliated by twig girdlers,N/A,Grazed
8C_S6,8,Control,6,3,2020,10/24/2020,WB,N/A,17.4,2,17,20,26,46,57,62,69,75,101,106,107,112,114,125,129,133,148,154,159,1.5-2.0,30,,N/A,N/A
8C_S6,8,Control,6,3,2021,10/6/2021,AI,N/A,19.7,29,42,65,73,77,78,95,105,114,115,117,145,150,156,160,164,166,175,182,184,1.5-2.0,N/A,,N/A,N/A
8C_S6,8,Control,6,3,2022,10/7/2022,RS,N/A,18.4,,,,,,,,,,,,,,,,,,,,,1.5-2,N/A,,N/A,Grazed
8H_S1,8,Herbicide,1,1,2020,10/26/2020,EM,N/A,14,1,9,21,33,36,46,52,53,75,80,97,104,105,106,112,127,129,131,139,140,1.5-2.0,18,,N/A,N/A
8H_S1,8,Herbicide,1,1,2021,10/7/2021,MM,MR,14.1,6,10,16,24,30,46,57,59,67,71,77,78,79,93,98,101,109,113,122,130,1.0-1.5,N/A,"Mostly defoliated, about 25% green canopy remaining ",N/A,N/A
8H_S1,8,Herbicide,1,1,2022,10/7/2022,ELM,N/A,14.8,,,,,,,,,,,,,,,,,,,,,1-1.5,N/A,,60,Grazed
8H_S2,8,Herbicide,2,1,2020,10/26/2020,EM,N/A,10.2,1,16,17,22,24,31,34,39,40,57,61,62,64,69,75,77,84,97,101,102,2.0-2.5,39,,N/A,N/A
8H_S2,8,Herbicide,2,1,2021,10/7/2021,MM,MR,11.8,11,26,27,35,37,65,67,72,75,74,78,82,83,88,98,99,100,101,106,115,>2.5,N/A,"Mostly defoliated, about 20% green canopy remaining ",N/A,N/A
8H_S2,8,Herbicide,2,1,2022,10/7/2022,ELM,N/A,11.1,,,,,,,,,,,,,,,,,,,,,2-2.5,N/A,,20,Grazed
8H_S3,8,Herbicide,3,2,2020,10/26/2020,EM,N/A,8.1,10,11,12,15,19,27,28,33,41,44,45,49,61,63,70,74,75,76,78,79,1.0-1.5,15,,N/A,N/A
8H_S3,8,Herbicide,3,2,2021,10/7/2021,AI,N/A,7.7,2,4,5,11,12,13,14,15,23,26,28,29,33,38,40,48,50,59,70,75,1.0-1.5,N/A,"Defoliated, but about 40% of green canopy intact ",N/A,N/A
8H_S3,8,Herbicide,3,2,2022,10/7/2022,RS,N/A,21.6,,,,,,,,,,,,,,,,,,,,,1.5-2,N/A,,40,Grazed
8H_S4,8,Herbicide,4,2,2020,10/26/2020,EM,N/A,11.4,3,16,19,24,27,37,40,44,47,50,66,71,72,86,88,90,100,101,109,110,1.0-1.5,19,,N/A,N/A
8H_S4,8,Herbicide,4,2,2021,10/7/2021,DB,N/A,11.4,1,6,7,9,10,11,23,39,43,44,46,57,68,70,77,83,98,100,102,110,1.0-1.5,N/A,"Defoliated, less than 1% green canopy remaining ",N/A,N/A
8H_S4,8,Herbicide,4,2,2022,10/7/2022,RS,N/A,10.9,,,,,,,,,,,,,,,,,,,,,1-1.5,N/A,Closer to 1% regrowth,10,Grazed
8H_S5,8,Herbicide,5,3,2020,10/26/2020,AI,N/A,9.4,2,8,12,15,16,19,27,28,29,34,38,48,52,58,59,60,72,77,79,90,1.0-1.5,12,,N/A,N/A
8H_S5,8,Herbicide,5,3,2021,10/7/2021,MR,N/A,9.4,9,10,21,30,33,35,39,44,45,51,54,57,59,64,65,72,80,85,87,90,1.0-1.5,N/A,"Mostly defoliated, 15% green canopy remaining",N/A,N/A
8H_S5,8,Herbicide,5,3,2022,10/5/2022,ELM,N/A,8.7,,,,,,,,,,,,,,,,,,,,,1-1.5,N/A,Budworm feeding evident,10,Grazed
8H_S6,8,Herbicide,6,3,2020,10/26/2020,AI,N/A,13.5,26,28,33,39,44,50,56,71,73,74,77,87,94,104,106,120,121,124,133,135,1.5-2.0,37,,N/A,N/A
8H_S6,8,Herbicide,6,3,2021,10/7/2021,MR,N/A,12.9,2,10,13,15,19,36,43,49,60,66,73,96,100,102,103,105,112,113,115,124,1.5-2.0,N/A,,N/A,N/A
8H_S6,8,Herbicide,6,3,2022,10/5/2022,ELM,N/A,11.7,,,,,,,,,,,,,,,,,,,,,1.5-2,N/A,,30,Grazed
9C_S1,9,Control,1,1,2020,11/2/2020,AI,N/A,15,0,2,7,8,25,44,45,53,74,75,77,88,91,92,96,104,105,109,139,140,1.0-1.5,9,,N/A,N/A
9C_S1,9,Control,1,1,2021,10/13/2021,MM,N/A,14.8,5,9,11,16,20,23,36,46,66,67,79,86,91,95,100,118,130,131,145,146,1.5-2.0,N/A,,N/A,N/A
9C_S1,9,Control,1,1,2022,10/8/2022,RS,N/A,14.7,,,,,,,,,,,,,,,,,,,,,1.5-2,N/A,,N/A,Grazed
9C_S2,9,Control,2,1,2020,11/2/2020,EM,N/A,22.8,12,14,29,30,48,59,69,88,105,130,143,157,166,167,169,174,188,190,191,198,3.0-3.5,37,,N/A,N/A
9C_S2,9,Control,2,1,2021,10/13/2021,ELM,N/A,21.5,22,30,44,49,54,74,75,79,85,87,89,90,93,98,104,119,120,142,171,187,>2.5,N/A,,N/A,N/A
9C_S2,9,Control,2,1,2022,10/8/2022,RS,N/A,19.5,,,,,,,,,,,,,,,,,,,,,>2.5,N/A,,N/A,Grazed
9C_S3,9,Control,3,2,2020,11/2/2020,EM,N/A,21.1,7,25,28,42,43,48,65,78,94,98,103,105,126,136,157,171,180,185,190,193,3.0-3.5,22,,N/A,N/A
9C_S3,9,Control,3,2,2021,10/13/2021,ELM,N/A,23.5,24,37,50,60,70,104,118,134,136,153,161,163,172,188,2000,207,208,210,211,225,>2.5,N/A,,N/A,N/A
9C_S3,9,Control,3,2,2022,10/8/2022,RS,N/A,22,,,,,,,,,,,,,,,,,,,,,>2.5,N/A,,N/A,Grazed
9C_S4,9,Control,4,2,2020,11/2/2020,EM,N/A,16.3,15,17,26,28,46,54,59,61,62,64,82,90,99,102,105,114,131,140,142,160,2.5-3.0,24,,N/A,N/A
9C_S4,9,Control,4,2,2021,10/13/2021,ELM,N/A,16.7,16,41,66,71,73,77,79,82,88,103,110,114,119,120,122,123,135,136,149,150,>2.5,N/A,,N/A,N/A
9C_S4,9,Control,4,2,2022,10/8/2022,RS,N/A,17,,,,,,,,,,,,,,,,,,,,,>2.5,N/A,,N/A,Grazed
9C_S5,9,Control,5,3,2020,10/31/2020,KR,RS,11.5,3,8,15,25,26,33,37,39,52,61,70,73,77,82,88,90,103,104,108,115,1.5-2.0,20,,N/A,N/A
9C_S5,9,Control,5,3,2021,10/14/2021,AI,MR,11,31,36,38,40,62,66,67,68,69,72,76,77,78,89,92,93,98,96,97,109,1.5-2.0,N/A,,N/A,N/A
9C_S5,9,Control,5,3,2022,10/7/2022,ELM,N/A,11.2,,,,,,,,,,,,,,,,,,,,,1.5-2,N/A,,N/A,Grazed
9C_S6,9,Control,6,3,2020,10/31/2020,KR,RS,21.2,2,24,40,55,60,61,75,80,118,122,124,149,153,167,172,187,190,191,197,199,2.5-3.0,38,,N/A,N/A
9C_S6,9,Control,6,3,2021,10/14/2021,AI,MR,22.5,3,8,21,51,54,92,103,106,108,143,154,155,161,192,193,206,210,216,219,223,>2.5,N/A,,N/A,N/A
9C_S6,9,Control,6,3,2022,10/7/2022,ELM,N/A,20.7,,,,,,,,,,,,,,,,,,,,,>2.5,N/A,,N/A,Grazed
9H_S1,9,Herbicide,1,1,2020,10/31/2020,DB,N/A,8.6,1,2,10,11,29,30,45,46,47,48,50,52,56,59,66,67,70,84,82,85,1.0-1.5,3,,N/A,N/A
9H_S1,9,Herbicide,1,1,2021,10/13/2021,ELM,N/A,10,7,8,26,28,34,36,44,49,52,54,60,63,68,74,78,81,82,86,88,89,1.5-2.0,N/A,Defoliated,N/A,N/A
9H_S1,9,Herbicide,1,1,2022,10/8/2022,RS,N/A,9,,,,,,,,,,,,,,,,,,,,,1.5-2,N/A,,0,Grazed
9H_S2,9,Herbicide,2,1,2020,10/31/2020,DB,N/A,14.9,17,27,39,42,45,46,48,54,57,59,73,79,84,110,111,113,125,131,132,137,1.5-2.0,15,,N/A,N/A
9H_S2,9,Herbicide,2,1,2021,10/13/2021,MM,N/A,16.4,2,9,13,29,35,59,63,67,79,80,91,111,120,121,125,127,128,130,140,164,1.5-2.0,N/A,Defoliated,N/A,N/A
9H_S2,9,Herbicide,2,1,2022,10/8/2022,RS,N/A,14,,,,,,,,,,,,,,,,,,,,,1.5-2,N/A,,20,Grazed
9H_S3,9,Herbicide,3,2,2020,10/31/2020,KR,RS,18.5,8,9,42,43,47,50,78,81,100,107,112,116,121,125,151,154,162,167,174,180,1.5-2.0,13,,N/A,N/A
9H_S3,9,Herbicide,3,2,2021,10/8/2021,MR,N/A,20.8,4,26,42,62,64,65,67,100,108,109,119,127,134,160,172,180,183,184,205,206,1.5-2.0,N/A,Defoliated,N/A,N/A
9H_S3,9,Herbicide,3,2,2022,10/8/2022,RS,N/A,19,,,,,,,,,,,,,,,,,,,,,1.5-2,N/A,Sporobolus giganteus in island ~2 meters tall,10,Grazed
9H_S4,9,Herbicide,4,2,2020,10/31/2020,RS,N/A,16,10,11,14,19,29,37,41,54,56,86,89,102,107,108,113,122,128,139,144,145,1.5-2.0,18,,N/A,N/A
9H_S4,9,Herbicide,4,2,2021,10/8/2021,MR,N/A,17.7,13,21,34,36,41,61,71,74,101,108,129,141,142,148,150,151,160,162,168,170,1.5-2.0,N/A,Defoliated,N/A,N/A
9H_S4,9,Herbicide,4,2,2022,10/8/2022,RS,N/A,19.4,,,,,,,,,,,,,,,,,,,,,1.5-2,N/A,Pack rat mound in center; Sporobolus giganeus in island 2 meters tall,30,Grazed
9H_S5,9,Herbicide,5,3,2020,10/31/2020,DB,N/A,11,7,8,12,14,15,21,37,49,55,56,71,76,82,87,90,95,98,103,104,106,1.5-2.0,10,,N/A,N/A
9H_S5,9,Herbicide,5,3,2021,10/8/2021,ELM,N/A,11.3,10,21,33,34,36,38,44,49,50,63,81,84,85,90,95,100,101,103,106,108,1.5-2.0,N/A,,N/A,N/A
9H_S5,9,Herbicide,5,3,2022,10/8/2022,RS,N/A,8.4,,,,,,,,,,,,,,,,,,,,,1.5-2,N/A,,0,Grazed
9H_S6,9,Herbicide,6,3,2020,10/31/2020,DB,N/A,22.2,25,42,48,78,91,111,116,118,124,139,159,161,169,170,179,189,193,195,205,209,2.5-3.0,29,,N/A,N/A
9H_S6,9,Herbicide,6,3,2021,10/8/2021,ELM,N/A,26,1,8,54,60,78,89,112,133,142,155,158,158,162,168,180,213,217,247,255,258,>2.5,N/A,,N/A,N/A
9H_S6,9,Herbicide,6,3,2022,10/8/2022,RS,N/A,18.6,,,,,,,,,,,,,,,,,,,,,>2.5,N/A,,20,Grazed
10C_S1,10,Control,1,1,2020,11/13/2020,RS,MMR,6.7,0,1,9,12,15,19,20,25,27,34,37,38,40,42,49,55,58,59,61,63,1.0-1.5,14,,N/A,N/A
10C_S1,10,Control,1,1,2021,10/28/2021,TT,AI,8.5,3,5,9,10,15,18,21,23,38,40,42,43,47,53,62,65,69,79,82,84,0.5-1.0,N/A,,N/A,N/A
10C_S1,10,Control,1,1,2022,10/12/2022,ELM,N/A,7.6,,,,,,,,,,,,,,,,,,,,,0.5-1,N/A,,N/A,Grazed
10C_S2,10,Control,2,1,2020,11/13/2020,RS,MMR,11,0,2,3,22,32,33,38,42,45,51,62,68,70,83,84,85,87,95,107,108,1.0-1.5,35,,N/A,N/A
10C_S2,10,Control,2,1,2021,10/28/2021,TT,AI,13.3,5,18,19,23,29,38,41,43,44,45,47,60,74,90,94,99,100,106,119,130,1.0-1.5,N/A,PVC Forcibly removed by animal ,N/A,N/A
10C_S2,10,Control,2,1,2022,10/12/2022,ELM,N/A,12.2,,,,,,,,,,,,,,,,,,,,,1-1.5,N/A,Canopy 10% defoliated by twig girdlers,N/A,Grazed
10C_S3,10,Control,3,2,2020,11/13/2020,RS,N/A,15.8,4,8,14,33,45,54,69,71,73,77,80,97,99,103,106,107,128,147,157,158,2.5-3.0,22,,N/A,N/A
10C_S3,10,Control,3,2,2021,10/28/2021,TT,N/A,17.9,3,5,9,16,21,25,27,63,72,80,81,83,86,93,95,102,108,114,131,164,2.0-2.5,N/A,,N/A,N/A
10C_S3,10,Control,3,2,2022,10/12/2022,RS,N/A,16.8,,,,,,,,,,,,,,,,,,,,,2-2.5,N/A,Canopy 10% defoliated by twig girdlers,N/A,Grazed
10C_S4,10,Control,4,2,2020,11/13/2020,RS,N/A,9,1,6,13,14,15,18,19,22,23,25,39,43,45,46,52,71,79,80,81,83,1.5-2.0,47,,N/A,N/A
10C_S4,10,Control,4,2,2021,10/28/2021,TT,N/A,12.2,9,16,17,31,33,34,38,39,54,57,65,86,91,103,108,109,110,113,114,117,1.0-1.5,N/A,,N/A,N/A
10C_S4,10,Control,4,2,2022,10/12/2022,RS,N/A,9.9,,,,,,,,,,,,,,,,,,,,,1.5-2,N/A,,N/A,Grazed
10C_S5,10,Control,5,3,2020,11/11/2020,EM,MMR,19.4,1,3,9,16,25,35,46,52,67,76,77,98,103,124,125,126,154,158,164,187,1.5-2.0,3,,N/A,N/A
10C_S5,10,Control,5,3,2021,10/28/2021,TT,N/A,21.4,13,19,21,63,83,86,87,108,115,122,123,130,142,151,187,189,191,195,200,206,1.5-2.0,N/A,,N/A,N/A
10C_S5,10,Control,5,3,2022,10/12/2022,ELM,N/A,19.4,,,,,,,,,,,,,,,,,,,,,1.5-2,N/A,Canopy 20% defoliated by twig girdlers,N/A,Grazed
10C_S6,10,Control,6,3,2020,11/11/2020,MMR,EM,13.4,4,5,12,18,26,29,36,40,46,48,62,67,68,78,83,105,109,130,132,133,1.0-1.5,22,,N/A,N/A
10C_S6,10,Control,6,3,2021,10/28/2021,AI,N/A,11.8,12,13,18,31,35,36,41,46,48,49,51,56,58,60,61,63,71,90,93,110,1.0-1.5,N/A,,N/A,N/A
10C_S6,10,Control,6,3,2022,10/12/2022,ELM,N/A,13.1,,,,,,,,,,,,,,,,,,,,,1-1.5,N/A,Canopy 10% defoliated by twig girdlers,N/A,Grazed
10H_S1,10,Herbicide,1,1,2020,11/13/2020,RS,N/A,12.5,3,7,13,30,41,43,48,54,69,85,94,95,99,103,111,113,116,117,122,123,1.0-1.5,13,,N/A,N/A
10H_S1,10,Herbicide,1,1,2021,10/27/2021,MM,ELM,12.1,1,3,4,6,13,17,19,22,28,36,40,41,46,51,77,82,90,91,100,114,1.0-1.5,N/A,Partially defoliated 80%,N/A,N/A
10H_S1,10,Herbicide,1,1,2022,10/12/2022,RS,N/A,12.1,,,,,,,,,,,,,,,,,,,,,1-1.5,N/A,,50,Grazed
10H_S2,10,Herbicide,2,1,2020,11/13/2020,RS,N/A,14.7,9,17,31,44,46,53,58,61,66,68,74,80,90,93,97,113,124,133,137,142,1.5-2.0,46,,N/A,N/A
10H_S2,10,Herbicide,2,1,2021,10/27/2021,ELM,TT,16.8,10,25,26,31,36,39,44,67,81,87,94,108,116,121,134,135,144,148,151,152,1.5-2.0,N/A,Defoliated,N/A,N/A
10H_S2,10,Herbicide,2,1,2022,10/12/2022,RS,N/A,14.2,,,,,,,,,,,,,,,,,,,,,1.5-2,N/A,,10,Grazed
10H_S3,10,Herbicide,3,2,2020,11/14/2020,WB,MMR,7.8,2,4,7,9,14,17,24,27,30,36,40,41,45,54,55,62,64,68,72,76,1.5-2.0,5,,N/A,N/A
10H_S3,10,Herbicide,3,2,2021,10/27/2021,ELM,MM,10.2,1,9,10,11,17,30,42,44,54,54,58,64,76,78,81,83,84,88,97,101,1.5-2.0,N/A,Defoliated,N/A,N/A
10H_S3,10,Herbicide,3,2,2022,10/12/2022,ELM,N/A,9.7,,,,,,,,,,,,,,,,,,,,,1.5-2,N/A,,40,Grazed
10H_S4,10,Herbicide,4,2,2020,11/14/2020,WB,MMR,12.6,3,8,15,20,23,24,44,51,58,61,76,77,86,92,110,112,113,114,115,123,1.5-2.0,15,,N/A,N/A
10H_S4,10,Herbicide,4,2,2021,10/27/2021,ELM,AI,10.3,1,8,13,14,22,23,26,24,33,34,45,68,70,72,76,78,80,85,86,102,1.5-2.0,N/A,Defoliated,N/A,N/A
10H_S4,10,Herbicide,4,2,2022,10/12/2022,ELM,N/A,9.3,,,,,,,,,,,,,,,,,,,,,1.5-2,N/A,Closer to 1% regrowth,10,Grazed
10H_S5,10,Herbicide,5,3,2020,11/14/2020,WB,N/A,10.3,4,7,13,15,16,17,23,24,30,34,35,37,51,56,60,62,68,78,89,102,1.5-2.0,16,,N/A,N/A
10H_S5,10,Herbicide,5,3,2021,10/27/2021,MM,ELM,11,2,4,7,12,15,17,20,25,28,33,36,40,46,60,65,83,88,106,107,110,1.5-2.0,N/A,Defoliated,N/A,N/A
10H_S5,10,Herbicide,5,3,2022,10/12/2022,RS,N/A,10.5,,,,,,,,,,,,,,,,,,,,,1.5-2,N/A,,20,Grazed
10H_S6,10,Herbicide,6,3,2020,11/14/2020,WB,N/A,6.4,0,6,7,11,13,16,17,27,29,32,34,35,38,44,45,49,51,52,53,54,0.5-1.0,37,Large YUEL (3m) to the west ~1m away,N/A,N/A
10H_S6,10,Herbicide,6,3,2021,10/27/2021,ELM,N/A,7.7,3,6,15,16,23,25,29,31,40,44,46,50,54,55,62,64,65,67,70,73,0.5-1.0,N/A,90% Defoliated,N/A,N/A
10H_S6,10,Herbicide,6,3,2022,10/12/2022,RS,N/A,7.3,,,,,,,,,,,,,,,,,,,,,0.5-1,N/A,Some annual forb seedlings recently emerging,30,Grazed
11C_S1,11,Control,1,1,2020,10/17/2020,MMR,DB,16.7,3,15,43,59,61,78,82,89,90,91,95,102,107,108,120,138,142,146,149,163,1.5-2.0,22,,N/A,N/A
11C_S1,11,Control,1,1,2021,9/25/2021,RS,N/A,14.3,0,2,22,29,36,76,77,79,93,97,98,104,113,120,122,125,126,133,137,140,1.5-2.0,N/A,,N/A,N/A
11C_S1,11,Control,1,1,2022,10/1/2022,RS,N/A,13.5,,,,,,,,,,,,,,,,,,,,,1.5-2,N/A,Canopy 50% defoliated from a budworm or other insect,N/A,Grazed
11C_S2,11,Control,2,1,2020,10/17/2020,MMR,DB,10.9,7,10,12,22,23,35,36,40,43,44,46,55,62,66,73,87,88,98,104,105,1.0-1.5,29,,N/A,N/A
11C_S2,11,Control,2,1,2021,9/25/2021,DB,N/A,9.7,6,13,16,17,22,30,32,36,40,41,45,55,56,61,63,78,89,92,93,95,1.0-1.5,N/A,,N/A,N/A
11C_S2,11,Control,2,1,2022,10/1/2022,RS,N/A,7.4,,,,,,,,,,,,,,,,,,,,,1-1.5,N/A,Canopy 10% defoliated from budworm/leaf bagger,N/A,Grazed
11C_S3,11,Control,3,2,2020,10/16/2020,KR,N/A,13.8,3,6,7,12,45,47,51,52,59,60,81,82,87,93,104,119,121,125,135,136,1.5-2.0,1,packrat activity (nest),N/A,N/A
11C_S3,11,Control,3,2,2021,9/28/2021,ELM,N/A,14.4,3,10,13,22,24,29,51,53,56,63,77,94,100,108,116,121,124,128,132,136,1.5-2.0,N/A,,N/A,N/A
11C_S3,11,Control,3,2,2022,10/1/2022,RS,N/A,13,,,,,,,,,,,,,,,,,,,,,1.5-2,N/A,Canopy 10% defoliated by budworms or other insects,N/A,Grazed
11C_S4,11,Control,4,2,2020,10/16/2020,KR,N/A,9.3,2,6,15,17,18,20,21,40,41,44,53,56,58,61,64,82,88,91,92,93,1.5-2.0,8,,N/A,N/A
11C_S4,11,Control,4,2,2021,9/28/2021,ELM,N/A,9.8,5,7,8,11,12,13,22,38,41,46,49,52,58,62,80,82,83,88,89,91,1.5-2.0,N/A,,N/A,N/A
11C_S4,11,Control,4,2,2022,10/1/2022,RS,N/A,8.6,,,,,,,,,,,,,,,,,,,,,1.5-2,N/A,Canopy 70% defoliated by insects,N/A,Grazed
11C_S5,11,Control,5,3,2020,10/16/2020,KR,N/A,6.8,6,11,15,17,20,22,23,24,28,32,35,40,44,51,53,57,56,66,67,68,1.0-1.5,14,,N/A,N/A
11C_S5,11,Control,5,3,2021,9/28/2021,DH,N/A,6.7,3,5,9,10,19,20,24,25,27,40,41,45,46,50,51,53,56,60,62,66,1.0-1.5,N/A,,N/A,N/A
11C_S5,11,Control,5,3,2022,10/2/2022,RS,N/A,6.3,,,,,,,,,,,,,,,,,,,,,1-1.5,N/A,,N/A,Grazed
11C_S6,11,Control,6,3,2020,10/16/2020,KR,N/A,16.5,4,14,15,16,20,44,64,65,66,67,75,79,88,97,99,112,143,152,153,160,1.0-1.5,47,packrat activity (nest),N/A,N/A
11C_S6,11,Control,6,3,2021,9/28/2021,DH,N/A,16.6,5,6,19,40,41,44,50,64,74,85,93,125,127,134,142,145,147,152,158,163,1.0-1.5,N/A,,N/A,N/A
11C_S6,11,Control,6,3,2022,10/2/2022,RS,N/A,17.2,,,,,,,,,,,,,,,,,,,,,1-1.5,N/A,,N/A,Grazed
11H_S1,11,Herbicide,1,1,2020,10/14/2020,EM,N/A,8.1,1,2,10,12,25,37,38,39,41,44,48,50,53,56,61,66,69,73,76,80,1.0-1.5,1,,N/A,N/A
11H_S1,11,Herbicide,1,1,2021,9/29/2021,DH,N/A,6.5,3,6,7,10,13,14,15,17,27,30,33,34,35,39,41,42,51,56,60,62,1.0-1.5,N/A,Defoliated,N/A,N/A
11H_S1,11,Herbicide,1,1,2022,10/1/2022,RS,N/A,6.3,,,,,,,,,,,,,,,,,,,,,1-1.5,N/A,,0,Grazed
11H_S2,11,Herbicide,2,1,2020,10/14/2020,EM,N/A,17.1,3,13,21,35,39,49,53,54,62,77,102,105,106,111,124,133,155,156,161,166,1.0-1.5,34,,N/A,N/A
11H_S2,11,Herbicide,2,1,2021,9/29/2021,DH,N/A,15.2,3,6,11,17,27,29,34,78,85,86,90,91,114,116,118,129,131,143,141,149,1.5-2.0,N/A,80% Defoliated,N/A,N/A
11H_S2,11,Herbicide,2,1,2022,10/1/2022,RS,N/A,16.6,,,,,,,,,,,,,,,,,,,,,1.5-2,N/A,,30,Grazed
11H_S3,11,Herbicide,3,2,2020,10/14/2020,EM,N/A,11.5,1,6,8,22,34,35,42,46,50,54,58,60,61,78,82,85,88,92,83,109,2.0-2.5,5,,N/A,N/A
11H_S3,11,Herbicide,3,2,2021,9/29/2021,DH,N/A,10.6,1,12,15,28,30,38,42,50,51,60,68,72,82,83,84,87,93,94,96,98,2.0-2.5,N/A,Defoliated,N/A,N/A
11H_S3,11,Herbicide,3,2,2022,10/1/2022,RS,N/A,8.3,,,,,,,,,,,,,,,,,,,,,2-2.5,N/A,"Island likely ""shrunk"" from last years/initial setup, canopies of some shrubs no longer overlapping",0,Grazed
11H_S4,11,Herbicide,4,2,2020,10/14/2020,EM,N/A,11.7,12,29,35,42,46,49,51,54,61,70,74,77,82,88,91,94,95,106,110,111,1.0-1.5,16,,N/A,N/A
11H_S4,11,Herbicide,4,2,2021,9/29/2021,DH,N/A,11.8,4,6,13,20,25,30,34,50,53,65,66,71,74,81,91,93,97,111,114,115,1.0-1.5,N/A,Defoliated,N/A,N/A
11H_S4,11,Herbicide,4,2,2022,10/1/2022,RS,N/A,11.4,,,,,,,,,,,,,,,,,,,,,1-1.5,N/A,Shrub marked by Kristen for insect study,10,Grazed
11H_S5,11,Herbicide,5,3,2020,10/14/2020,EM,N/A,11.6,1,10,12,18,20,28,32,40,42,49,52,58,60,67,72,73,76,106,107,112,1.0-1.5,5,,N/A,N/A
11H_S5,11,Herbicide,5,3,2021,9/28/2021,DH,N/A,11.3,2,9,29,31,42,53,60,63,64,66,86,91,99,100,102,84,94,97,103,112,1.0-1.5,N/A,,N/A,N/A
11H_S5,11,Herbicide,5,3,2022,10/1/2022,RS,N/A,11.9,,,,,,,,,,,,,,,,,,,,,1-1.5,N/A,,30,Grazed
11H_S6,11,Herbicide,6,3,2020,10/14/2020,RS,N/A,15,12,14,15,19,20,33,36,45,52,68,69,74,87,94,117,117,132,141,142,145,1.5-2.0,23,,N/A,N/A
11H_S6,11,Herbicide,6,3,2021,9/28/2021,ELM,DH,13.7,17,18,27,47,52,57,62,71,72,76,78,91,99,102,109,110,111,105,129,133,1.5-2.0,N/A,40% Defoliated,N/A,N/A
11H_S6,11,Herbicide,6,3,2022,10/1/2022,RS,N/A,14.2,,,,,,,,,,,,,,,,,,,,,1.5-2,N/A,,80,Grazed
12C_S1,12,Control,1,1,2020,10/19/2020,EM,N/A,17,10,12,21,38,67,71,77,83,90,96,104,112,117,121,123,129,139,141,161,168,2.0-2.5,2,,N/A,N/A
12C_S1,12,Control,1,1,2021,10/1/2021,MR,SL,18.3,7,11,12,14,33,50,59,63,75,80,84,88,112,114,120,136,139,168,173,182,2.0-2.5,N/A,,N/A,N/A
12C_S1,12,Control,1,1,2022,10/2/2022,RS,N/A,17.3,,,,,,,,,,,,,,,,,,,,,2-2.5,N/A,,N/A,Grazed
12C_S2,12,Control,2,1,2020,10/19/2020,MMR,N/A,13.6,13,22,23,27,28,45,65,71,81,82,84,89,101,111,113,121,126,129,130,135,1.5-2.0,22,,N/A,N/A
12C_S2,12,Control,2,1,2021,10/1/2021,MR,SL,14.9,3,6,21,30,36,43,50,66,69,73,81,82,85,91,97,102,104,123,133,147,1.5-2.0,N/A,,N/A,N/A
12C_S2,12,Control,2,1,2022,10/2/2022,RS,N/A,13.4,,,,,,,,,,,,,,,,,,,,,1.5-2,N/A,Canopy 30% defoliated by insects,N/A,Grazed
12C_S3,12,Control,3,2,2020,10/19/2020,RS,N/A,17.9,2,6,7,14,17,20,32,46,52,55,66,71,88,109,124,127,131,167,168,176,2.0-2.5,25,,N/A,N/A
12C_S3,12,Control,3,2,2021,10/1/2021,MR,RS,21.1,11,12,26,45,52,63,74,90,94,103,119,130,145,149,162,179,181,190,196,201,2.0-2.5,N/A,,N/A,N/A
12C_S3,12,Control,3,2,2022,10/3/2022,RS,N/A,18.4,,,,,,,,,,,,,,,,,,,,,2-2.5,N/A,,N/A,Grazed
12C_S4,12,Control,4,2,2020,10/19/2020,EM,N/A,13.2,10,25,31,35,49,68,72,74,80,83,87,89,96,98,104,109,111,116,124,130,1.0-1.5,39,severly defoliating and yellowed,N/A,N/A
12C_S4,12,Control,4,2,2021,10/1/2021,MR,RS,18.2,4,5,14,15,20,29,37,38,54,62,72,85,88,108,138,148,161,162,179,181,1.0-1.5,N/A,Big mamal burrow under shed,N/A,N/A
12C_S4,12,Control,4,2,2022,10/3/2022,RS,N/A,13,,,,,,,,,,,,,,,,,,,,,1-1.5,N/A,Canopy 10% defoliated by insects; large animal burrow under shrub,N/A,Grazed
12C_S5,12,Control,5,3,2020,10/19/2020,AI,MMR,17.4,13,18,23,64,73,83,93,107,113,114,115,117,121,127,130,151,152,153,157,161,1.5-2.0,2,,N/A,N/A
12C_S5,12,Control,5,3,2021,10/1/2021,MR,SL,19.6,17,20,31,37,38,55,59,62,73,89,106,117,129,141,145,153,156,157,186,188,1.5-2.0,N/A,,N/A,N/A
12C_S5,12,Control,5,3,2022,10/3/2022,ELM,N/A,16.6,,,,,,,,,,,,,,,,,,,,,1.5-2,N/A,,N/A,Grazed
12C_S6,12,Control,6,3,2020,10/19/2020,EM,RS,15.1,4,28,37,54,57,58,60,66,75,80,81,89,100,105,111,112,115,124,127,143,2.5-3.0,10,,N/A,N/A
12C_S6,12,Control,6,3,2021,10/1/2021,MR,SL,16.3,6,13,21,27,34,36,53,58,63,70,73,78,95,101,123,129,136,146,147,148,2.5-3.0,N/A,,N/A,N/A
12C_S6,12,Control,6,3,2022,10/4/2022,ELM,N/A,14.1,,,,,,,,,,,,,,,,,,,,,>2.5,N/A,,N/A,Grazed
12H_S1,12,Herbicide,1,1,2020,10/19/2020,RS,N/A,15.2,16,22,26,41,63,66,68,73,77,82,86,99,109,111,119,137,141,151,152,83,1.0-1.5,18,,N/A,N/A
12H_S1,12,Herbicide,1,1,2021,9/29/2021,AI,N/A,17.2,5,12,15,23,24,28,29,43,57,71,72,73,74,80,107,114,144,157,163,170,1.0-1.5,N/A,Near totally defoliated ,N/A,N/A
12H_S1,12,Herbicide,1,1,2022,10/4/2022,RS,N/A,14.6,,,,,,,,,,,,,,,,,,,,,1-1.5,N/A,Closer to 1% regrowth ,10,Grazed
12H_S2,12,Herbicide,2,1,2020,10/19/2020,EM,N/A,12.6,5,8,21,33,36,43,44,51,53,55,61,65,77,79,88,104,108,110,114,115,1.0-1.5,28,,N/A,N/A
12H_S2,12,Herbicide,2,1,2021,9/29/2021,ELM,N/A,11.1,5,7,12,16,23,45,56,66,72,73,83,88,93,95,98,99,100,104,113,114,1.0-1.5,N/A,Near totally defoliated ,N/A,N/A
12H_S2,12,Herbicide,2,1,2022,10/4/2022,RS,N/A,11.5,,,,,,,,,,,,,,,,,,,,,1-1.5,N/A,,20,Grazed
12H_S3,12,Herbicide,3,2,2020,10/17/2020,MMR,DB,7.2,11,12,15,16,26,30,32,34,35,38,48,49,51,54,60,61,62,65,69,72,1.0-1.5,6,,N/A,N/A
12H_S3,12,Herbicide,3,2,2021,9/29/2021,MR,EM,6.8,1,3,5,9,11,12,16,17,19,25,27,29,31,41,52,56,58,61,63,67,1.5-2.0,N/A,Defoliated,N/A,N/A
12H_S3,12,Herbicide,3,2,2022,10/4/2022,ELM,N/A,6.6,,,,,,,,,,,,,,,,,,,,,1-1.5,N/A,Closer to 1% regrowth,10,Grazed
12H_S4,12,Herbicide,4,2,2020,10/17/2020,MMR,DB,12.3,3,13,23,26,29,39,42,46,48,56,72,93,95,98,105,106,107,112,114,118,1.5-2.0,46,,N/A,N/A
12H_S4,12,Herbicide,4,2,2021,9/29/2021,MR,RM,9.9,1,9,17,22,28,48,54,56,57,59,61,63,66,73,78,79,84,90,91,97,1.5-2.0,N/A,Defoliated,N/A,N/A
12H_S4,12,Herbicide,4,2,2022,10/4/2022,ELM,N/A,9.2,,,,,,,,,,,,,,,,,,,,,1.5-2,N/A,,10,Grazed
12H_S5,12,Herbicide,5,3,2020,10/17/2020,RS,DB,14.3,1,15,28,46,47,48,54,64,77,76,79,87,91,94,100,105,120,125,127,141,1.5-2.0,4,,N/A,N/A
12H_S5,12,Herbicide,5,3,2021,9/30/2021,RS,N/A,15.1,0,9,10,31,34,45,48,52,55,61,66,73,79,86,93,97,115,131,147,150,1.5-2.0,N/A,"Defoliated, Oryx activity",N/A,N/A
12H_S5,12,Herbicide,5,3,2022,10/4/2022,RS,N/A,14.4,,,,,,,,,,,,,,,,,,,,,1.5-2,N/A,Closer to 1% regrowth,10,Grazed
12H_S6,12,Herbicide,6,3,2020,10/17/2020,RS,DB,22.3,12,17,16,44,54,58,76,78,95,96,122,147,176,177,179,187,195,205,208,220,2.0-2.5,30,,N/A,N/A
12H_S6,12,Herbicide,6,3,2021,9/30/2021,RS,N/A,24.9,18,31,33,35,51,95,128,139,159,174,180,189,191,194,195,203,226,227,230,246,2.0-2.5,N/A,"Defoliated, Oryx activity",N/A,N/A
12H_S6,12,Herbicide,6,3,2022,10/4/2022,RS,N/A,23.7,,,,,,,,,,,,,,,,,,,,,2-2.5,N/A,,70,Grazed
13C_S1,13,Control,1,1,2020,10/24/2020,MMR,WB,7.4,5,11,14,16,21,23,26,31,32,33,36,38,42,45,46,52,66,70,72,74,1.0-1.5,26,,N/A,N/A
13C_S1,13,Control,1,1,2021,10/5/2021,RS,AI,9.1,5,7,10,11,14,23,32,33,34,35,36,41,44,45,52,59,69,74,82,88,1.0-1.5,N/A,,N/A,N/A
13C_S1,13,Control,1,1,2022,10/4/2022,ELM,N/A,8.1,,,,,,,,,,,,,,,,,,,,,1-1.5,N/A,,N/A,Grazed
13C_S2,13,Control,2,1,2020,10/24/2020,MMR,WB,14.3,7,14,18,28,33,36,50,56,57,64,65,66,74,84,109,110,120,128,130,137,2.0-2.5,46,,N/A,N/A
13C_S2,13,Control,2,1,2021,10/5/2021,AI,N/A,11.5,7,25,33,34,40,42,43,50,54,65,70,78,79,83,93,99,105,108,11,114,2.0-2.5,N/A,,N/A,N/A
13C_S2,13,Control,2,1,2022,10/4/2022,ELM,N/A,12.4,,,,,,,,,,,,,,,,,,,,,2-2.5,N/A,,N/A,Grazed
13C_S3,13,Control,3,2,2020,10/23/2020,SS,MMR,16.5,1,25,52,54,58,60,72,74,105,109,111,119,120,124,138,152,153,159,160,161,1.5-2.0,1,,N/A,N/A
13C_S3,13,Control,3,2,2021,10/5/2021,RS,N/A,19.6,0,15,16,22,33,34,41,47,48,74,78,82,88,97,107,144,148,163,170,195,1.0-1.5,N/A,Appears to be dying ,N/A,N/A
13C_S3,13,Control,3,2,2022,10/4/2022,RS,N/A,18.1,,,,,,,,,,,,,,,,,,,,,1-1.5,N/A,,N/A,Grazed
13C_S4,13,Control,4,2,2020,10/23/2020,SS,MMR,8.7,1,6,14,20,26,30,31,33,34,37,40,41,42,49,54,58,60,65,67,78,1.5-2.0,15,,N/A,N/A
13C_S4,13,Control,4,2,2021,10/5/2021,RS,N/A,8.2,2,3,4,13,14,18,23,27,28,31,32,35,42,44,46,52,58,59,66,78,1.0-1.5,N/A,,N/A,N/A
13C_S4,13,Control,4,2,2022,10/4/2022,RS,N/A,7.3,,,,,,,,,,,,,,,,,,,,,1-1.5,N/A,,N/A,Grazed
13C_S5,13,Control,5,3,2020,10/23/2020,JW,RS,17.1,0,16,21,29,37,41,55,60,84,94,101,109,119,126,136,144,146,165,168,151,1.5-2.0,27,,N/A,N/A
13C_S5,13,Control,5,3,2021,10/6/2021,MR,N/A,19.5,6,11,28,33,58,77,79,93,115,133,136,138,147,148,158,175,188,191,193,194,2.0-2.5,N/A,,N/A,N/A
13C_S5,13,Control,5,3,2022,10/5/2022,ELM,N/A,18.1,,,,,,,,,,,,,,,,,,,,,1.5-2,N/A,,N/A,Grazed
13C_S6,13,Control,6,3,2020,10/23/2020,JW,N/A,20.4,13,14,37,43,78,81,82,93,95,98,115,129,135,141,154,156,166,177,194,197,3.0-3.5,41,,N/A,N/A
13C_S6,13,Control,6,3,2021,10/6/2021,MR,N/A,23.4,8,10,21,25,29,31,43,82,87,114,116,117,145,146,169,171,172,175,210,218,>2.5,N/A,,N/A,N/A
13C_S6,13,Control,6,3,2022,10/5/2022,ELM,N/A,22.9,,,,,,,,,,,,,,,,,,,,,>2.5,N/A,,N/A,Grazed
13H_S1,13,Herbicide,1,1,2020,10/21/2020,EM,N/A,14.7,12,34,39,48,68,74,81,92,96,97,105,110,111,113,115,128,133,138,145,147,1.0-1.5,14,,N/A,N/A
13H_S1,13,Herbicide,1,1,2021,10/5/2021,MR,N/A,15.1,1,4,13,28,53,56,57,60,63,71,85,98,109,127,132,133,134,138,146,151,1.0-1.5,N/A,Defoliated,N/A,N/A
13H_S1,13,Herbicide,1,1,2022,10/5/2022,RS,N/A,13.8,,,,,,,,,,,,,,,,,,,,,1-1.5,N/A,,0,Grazed
13H_S2,13,Herbicide,2,1,2020,10/21/2020,EM,N/A,15.4,8,20,35,36,37,39,46,58,87,88,111,114,115,117,123,130,135,137,143,152,1.5-2.0,37,,N/A,N/A
13H_S2,13,Herbicide,2,1,2021,10/5/2021,MR,N/A,16.1,2,4,10,11,13,42,59,73,85,94,95,99,105,109,121,122,132,135,145,154,1.5-2.0,N/A,Defoliated,N/A,N/A
13H_S2,13,Herbicide,2,1,2022,10/5/2022,RS,N/A,15.1,,,,,,,,,,,,,,,,,,,,,1.5-2,N/A,,10,Grazed
13H_S3,13,Herbicide,3,2,2020,10/21/2020,EM,N/A,10.5,1,11,14,17,19,21,23,30,32,34,45,46,50,54,73,76,83,85,91,92,1.5-2.0,22,,N/A,N/A
13H_S3,13,Herbicide,3,2,2021,10/2/2021,RS,AI,11.4,10,16,20,32,40,41,53,58,61,64,66,68,69,73,91,92,95,96,111,113,1.5-2.0,N/A,Defoliated,N/A,N/A
13H_S3,13,Herbicide,3,2,2022,10/5/2022,ELM,N/A,10.6,,,,,,,,,,,,,,,,,,,,,1.5-2,N/A,Closer to 1% regrowth,10,Grazed
13H_S4,13,Herbicide,4,2,2020,10/21/2020,AI,EM,11.1,5,7,17,18,23,25,29,44,52,53,58,59,69,73,75,88,96,102,104,106,1.0-1.5,38,,N/A,N/A
13H_S4,13,Herbicide,4,2,2021,10/2/2021,RS,AI,11.4,11,16,21,29,39,46,48,50,51,52,57,62,71,73,76,77,84,89,101,110,1.0-1.5,N/A,Defoliated,N/A,N/A
13H_S4,13,Herbicide,4,2,2022,10/5/2022,ELM,N/A,10.8,,,,,,,,,,,,,,,,,,,,,1-1.5,N/A,Closer to 1% regrowth,10,Grazed
13H_S5,13,Herbicide,5,3,2020,10/21/2020,EM,N/A,8.6,6,17,18,22,30,35,42,47,49,53,56,58,59,61,68,70,71,73,76,83,1.0-1.5,25,,N/A,N/A
13H_S5,13,Herbicide,5,3,2021,10/2/2021,ELM,N/A,8.1,1,3,15,16,28,29,31,32,35,38,41,47,57,65,69,72,74,75,80,81,1.0-1.5,N/A,Defoliated,N/A,N/A
13H_S5,13,Herbicide,5,3,2022,10/5/2022,RS,N/A,7.9,,,,,,,,,,,,,,,,,,,,,0.5-1,N/A,,10,Grazed
13H_S6,13,Herbicide,6,3,2020,10/21/2020,EM,N/A,8.8,0,1,5,14,15,21,24,31,32,34,40,46,58,60,64,65,67,72,74,81,1.0-1.5,39,,N/A,N/A
13H_S6,13,Herbicide,6,3,2021,10/2/2021,ELM,N/A,8.6,9,13,21,26,30,36,40,42,44,52,66,69,72,75,79,80,81,83,84,85,1.0-1.5,N/A,Defoliated,N/A,N/A
13H_S6,13,Herbicide,6,3,2022,10/5/2022,RS,N/A,7.8,,,,,,,,,,,,,,,,,,,,,1-1.5,N/A,,10,Grazed
14C_S1,14,Control,1,1,2020,9/28/2020,EM,N/A,10.2,0,5,16,17,18,19,20,40,43,53,55,58,60,65,68,70,82,87,89,101,0.5-1.0,8,Leaves senesing earlier than other PRGL,N/A,N/A
14C_S1,14,Control,1,1,2021,9/9/2021,AI,N/A,11.7,4,17,33,39,46,52,53,54,74,76,80,85,89,97,102,103,105,113,114,115,0.5-1.0,N/A,,N/A,N/A
14C_S1,14,Control,1,1,2022,9/19/2022,ELM,N/A,11.1,,,,,,,,,,,,,,,,,,,,,0.5-1,N/A,,N/A,Ungrazed
14C_S2,14,Control,2,1,2020,9/28/2020,RS,N/A,17.3,8,12,42,44,51,52,60,64,90,99,112,115,132,139,153,158,160,166,169,172,1.0-1.5,24,,N/A,N/A
14C_S2,14,Control,2,1,2021,9/9/2021,AI,N/A,19.3,3,13,15,17,51,73,74,90,92,97,102,112,118,123,127,132,178,185,189,192,0.5-1.0,N/A,,N/A,N/A
14C_S2,14,Control,2,1,2022,9/19/2022,ELM,N/A,18.7,,,,,,,,,,,,,,,,,,,,,1-1.5,N/A,,N/A,Ungrazed
14C_S3,14,Control,3,2,2020,9/28/2020,EM,N/A,10.9,6,7,12,25,26,30,33,34,41,42,51,56,59,66,73,76,81,82,100,101,1.0-1.5,12,,N/A,N/A
14C_S3,14,Control,3,2,2021,9/9/2021,DB,MR,11.7,2,5,24,36,45,46,52,55,61,63,71,77,78,83,90,94,99,100,105,106,1.0-1.5,N/A,,N/A,N/A
14C_S3,14,Control,3,2,2022,9/19/2022,RS,N/A,11.7,,,,,,,,,,,,,,,,,,,,,1-1.5,N/A,,N/A,Ungrazed
14C_S4,14,Control,4,2,2020,9/28/2020,EM,AI,16.5,22,29,30,46,54,55,57,67,68,75,81,82,83,88,104,111,112,113,117,132,1.5-2.0,15,,N/A,N/A
14C_S4,14,Control,4,2,2021,9/9/2021,DB,N/A,17.3,6,1638,40,41,58,61,65,68,73,81,105,110,125,130,134,142,150,152,169,170,1.5-2.0,N/A,,N/A,N/A
14C_S4,14,Control,4,2,2022,9/19/2022,RS,N/A,16.3,,,,,,,,,,,,,,,,,,,,,1.5-2,N/A,,N/A,Ungrazed
14C_S5,14,Control,5,3,2020,9/28/2020,EM,N/A,8.1,2,4,5,7,9,10,17,19,22,24,29,35,38,42,49,50,63,72,77,78,0.5-1.0,33,,N/A,N/A
14C_S5,14,Control,5,3,2021,9/9/2021,AI,N/A,9.4,2,6,7,12,22,24,25,30,31,46,54,60,63,66,77,78,80,84,87,93,0.5-1.0,N/A,,N/A,N/A
14C_S5,14,Control,5,3,2022,9/19/2022,RS,N/A,7.2,,,,,,,,,,,,,,,,,,,,,0.5-1,N/A,,N/A,Ungrazed
14C_S6,14,Control,6,3,2020,9/28/2020,EM,AI,13.1,1,4,6,12,20,35,37,38,41,46,82,86,96,102,107,109,117,121,123,127,1.0-1.5,47,,N/A,N/A
14C_S6,14,Control,6,3,2021,9/9/2021,AI,N/A,12.6,4,10,17,21,28,30,32,62,66,69,74,75,84,107,108,111,115,121,125,126,1.0-1.5,N/A,,N/A,N/A
14C_S6,14,Control,6,3,2022,9/19/2022,RS,N/A,11.8,,,,,,,,,,,,,,,,,,,,,1-1.5,N/A,,N/A,Ungrazed
14H_S1,14,Herbicide,1,1,2020,9/30/2020,EM,N/A,9.3,6,7,14,19,31,33,38,48,52,54,55,59,61,67,72,75,77,87,88,89,1.0-1.5,11,,N/A,N/A
14H_S1,14,Herbicide,1,1,2021,9/4/2021,AI,RS,9.1,4,5,11,14,19,21,28,29,30,32,40,53,57,58,61,74,76,80,82,90,1.0-1.5,N/A,Leaves yellowing and dropping ,N/A,N/A
14H_S1,14,Herbicide,1,1,2022,9/19/2022,RS,N/A,8.4,,,,,,,,,,,,,,,,,,,,,1-1.5,N/A,,40,Ungrazed
14H_S2,14,Herbicide,2,1,2020,9/30/2020,EM,AI,11,1,6,10,15,19,29,34,38,39,46,53,55,64,79,81,86,93,97,105,109,1.0-1.5,20,,N/A,N/A
14H_S2,14,Herbicide,2,1,2021,9/4/2021,AI,N/A,12.2,3,11,17,19,25,34,41,42,49,50,54,64,66,69,73,77,88,92,97,117,1.0-1.5,N/A,Leaves yellowing and dropping ,N/A,N/A
14H_S2,14,Herbicide,2,1,2022,9/19/2022,RS,N/A,10.4,,,,,,,,,,,,,,,,,,,,,1-1.5,N/A,,40,Ungrazed
14H_S3,14,Herbicide,3,2,2020,9/30/2020,EM,N/A,9.5,4,6,14,15,18,19,21,25,27,37,38,42,43,49,54,64,73,77,82,88,0.5-1.0,31,,N/A,N/A
14H_S3,14,Herbicide,3,2,2021,9/4/2021,MW,MR,9.5,2,11,12,14,22,26,27,36,40,43,58,63,66,69,74,80,86,92,93,95,0.5-1.0,N/A,Yellowing/Leaves dropping,N/A,N/A
14H_S3,14,Herbicide,3,2,2022,9/19/2022,RS,N/A,9.4,,,,,,,,,,,,,,,,,,,,,0.5-1,N/A,,10,Ungrazed
14H_S4,14,Herbicide,4,2,2020,9/30/2020,EM,AI,17.4,32,33,37,39,53,55,65,73,86,89,100,101,120,121,133,163,164,166,170,173,1.0-1.5,45,,N/A,N/A
14H_S4,14,Herbicide,4,2,2021,9/4/2021,MW,AI,18.8,1,14,23,25,53,54,61,64,88,89,104,109,117,125,127,149,162,164,180,188,1.0-1.5,N/A,"Mostly green leaves, but yellow and dropping ",N/A,N/A
14H_S4,14,Herbicide,4,2,2022,9/19/2022,RS,N/A,18.1,,,,,,,,,,,,,,,,,,,,,1-1.5,N/A,,40,Ungrazed
14H_S5,14,Herbicide,5,3,2020,9/30/2020,EM,MMR,13.9,10,25,30,33,35,45,72,73,84,87,90,92,96,102,114,116,117,118,122,124,1.0-1.5,11,,N/A,N/A
14H_S5,14,Herbicide,5,3,2021,9/9/2021,MR,MM,16.5,8,14,19,28,41,55,60,69,71,75,89,90,91,94,99,127,129,131,145,148,1.0-1.5,N/A,,N/A,N/A
14H_S5,14,Herbicide,5,3,2022,9/19/2022,RS,N/A,13.7,,,,,,,,,,,,,,,,,,,,,0.5-1,N/A,,10,Ungrazed
14H_S6,14,Herbicide,6,3,2020,9/30/2020,EM,N/A,19.8,12,13,63,66,68,70,72,79,84,109,115,121,140,145,156,162,184,172,179,197,1.0-1.5,43,,N/A,N/A
14H_S6,14,Herbicide,6,3,2021,9/9/2021,MR,MM,22.6,24,66,68,70,76,103,106,123,126,133,149,165,169,189,188,203,206,209,221,223,1.0-1.5,N/A,,N/A,N/A
14H_S6,14,Herbicide,6,3,2022,9/19/2022,RS,N/A,19.8,,,,,,,,,,,,,,,,,,,,,1-1.5,N/A,,20,Ungrazed
15C_S1,15,Control,1,1,2020,9/25/2020,MMR,JR,7.9,5,9,12,13,18,22,24,24,46,47,49,50,56,60,63,65,73,75,76,79,0.5-1.0,34,,N/A,N/A
15C_S1,15,Control,1,1,2021,9/21/2021,DH,MR,6.7,2,12,14,17,22,25,28,31,35,42,45,46,49,51,56,59,60,64,65,67,1.0-1.5,N/A,,N/A,N/A
15C_S1,15,Control,1,1,2022,9/28/2022,ELM,N/A,7.4,,,,,,,,,,,,,,,,,,,,,0.5-1,N/A,,N/A,Ungrazed
15C_S2,15,Control,2,1,2020,9/25/2020,MMR,JR,11.4,3,8,10,12,18,20,28,47,54,57,71,75,77,88,89,95,103,105,113,114,1.0-1.5,41,,N/A,N/A
15C_S2,15,Control,2,1,2021,9/21/2021,DH,MR,17,2,3,6,9,14,20,22,28,34,37,41,51,66,73,79,106,128,132,144,166,1.0-1.5,N/A,,N/A,N/A
15C_S2,15,Control,2,1,2022,9/28/2022,ELM,N/A,11.3,,,,,,,,,,,,,,,,,,,,,1-1.5,N/A,,N/A,Ungrazed
15C_S3,15,Control,3,2,2020,9/26/2020,RS,DB,12.9,2,3,6,9,15,20,21,24,33,37,39,52,57,90,99,113,114,117,125,128,1.0-1.5,9,,N/A,N/A
15C_S3,15,Control,3,2,2021,9/23/2021,DH,N/A,13,3,13,23,28,34,38,43,49,59,62,63,72,73,79,81,93,94,98,111,114,0.5-1.0,N/A,,N/A,N/A
15C_S3,15,Control,3,2,2022,9/28/2022,RS,N/A,14.3,,,,,,,,,,,,,,,,,,,,,1-1.5,N/A,,N/A,Ungrazed
15C_S4,15,Control,4,2,2020,9/26/2020,RS,DB,11,9,12,13,18,30,31,48,49,53,58,62,64,65,73,75,85,87,91,93,106,1.5-2.0,21,,N/A,N/A
15C_S4,15,Control,4,2,2021,9/23/2021,DH,N/A,11.1,1,3,8,9,11,20,37,42,54,58,59,63,67,77,78,86,89,98,103,109,1.5-2.0,N/A,,N/A,N/A
15C_S4,15,Control,4,2,2022,9/28/2022,RS,N/A,12.2,,,,,,,,,,,,,,,,,,,,,1.5-2,N/A,,N/A,Ungrazed
15C_S5,15,Control,5,3,2020,9/26/2020,RS,DB,14,12,14,20,22,24,35,49,51,57,62,71,75,79,81,83,93,98,106,124,140,2.0-2.5,31,,N/A,N/A
15C_S5,15,Control,5,3,2021,9/23/2021,RS,DH,18.8,2,20,25,35,47,53,60,66,78,82,90,113,123,128,134,143,150,153,175,184,1.5-2.0,N/A,,N/A,N/A
15C_S5,15,Control,5,3,2022,9/28/2022,ELM,N/A,15.6,,,,,,,,,,,,,,,,,,,,,1.5-2,N/A,,N/A,Ungrazed
15C_S6,15,Control,6,3,2020,9/26/2020,RS,DB,7.5,1,2,3,12,14,19,24,26,31,34,37,38,46,49,56,61,66,68,70,74,0.5-1.0,39,,N/A,N/A
15C_S6,15,Control,6,3,2021,9/23/2021,RS,N/A,12.1,8,19,30,43,48,49,59,60,69,71,75,81,83,87,89,100,101,104,108,117,0.5-1.0,N/A,,N/A,N/A
15C_S6,15,Control,6,3,2022,9/28/2022,ELM,N/A,11.4,,,,,,,,,,,,,,,,,,,,,0.5-1,N/A,,N/A,Ungrazed
15H_S1,15,Herbicide,1,1,2020,9/25/2020,RS,EM,6.5,1,4,5,10,12,14,15,19,21,22,24,25,27,29,32,42,46,47,55,63,0.5-1.0,26,,N/A,N/A
15H_S1,15,Herbicide,1,1,2021,9/21/2021,DH,N/A,6.4,1,7,10,14,15,22,26,29,34,35,38,39,42,43,46,49,52,54,55,56,0.5-1.0,N/A,,N/A,N/A
15H_S1,15,Herbicide,1,1,2022,9/28/2022,RS,N/A,7,,,,,,,,,,,,,,,,,,,,,0.5-1,N/A,,100,Ungrazed
15H_S2,15,Herbicide,2,1,2020,9/25/2020,RS,EM,8.4,2,8,9,10,12,15,16,29,31,33,37,38,39,49,58,67,74,79,81,82,1.0-1.5,30,,N/A,N/A
15H_S2,15,Herbicide,2,1,2021,9/22/2021,DH,N/A,8.5,7,13,24,25,28,30,31,33,34,35,38,40,43,56,57,64,65,67,69,83,0.5-1.0,N/A,,N/A,N/A
15H_S2,15,Herbicide,2,1,2022,9/28/2022,RS,N/A,8.4,,,,,,,,,,,,,,,,,,,,,0.5-1,N/A,,30,Ungrazed
15H_S3,15,Herbicide,3,2,2020,9/25/2020,MMR,JR,11.9,11,16,17,28,31,37,42,50,51,53,54,59,68,87,88,102,106,110,111,114,1.5-2.0,17,,N/A,N/A
15H_S3,15,Herbicide,3,2,2021,9/21/2021,DH,MM,10.4,5,7,13,27,31,33,38,41,44,52,55,71,82,87,88,91,98,100,101,104,1.0-1.5,N/A,Leaves dropped 50%,N/A,N/A
15H_S3,15,Herbicide,3,2,2022,9/28/2022,ELM,N/A,10.7,,,,,,,,,,,,,,,,,,,,,0.5-1,N/A,,30,Ungrazed
15H_S4,15,Herbicide,4,2,2020,9/25/2020,MMR,JR,12.7,11,23,32,40,44,50,54,55,64,69,72,83,84,86,87,97,107,109,122,123,1.5-2.0,30,,N/A,N/A
15H_S4,15,Herbicide,4,2,2021,9/21/2021,DH,N/A,9.6,2,13,15,23,32,34,43,45,56,58,64,69,70,72,78,87,88,89,91,94,1.5-2.0,N/A,Leaves Dropped,N/A,N/A
15H_S4,15,Herbicide,4,2,2022,9/28/2022,ELM,N/A,9.8,,,,,,,,,,,,,,,,,,,,,1.5-2,N/A,,20,Ungrazed
15H_S5,15,Herbicide,5,3,2020,9/23/2020,RS,N/A,8.3,1,4,8,9,12,15,16,17,24,31,35,37,42,45,49,60,64,66,69,83,0.5-1.0,13,,N/A,N/A
15H_S5,15,Herbicide,5,3,2021,9/21/2021,DH,N/A,9.9,5,16,26,27,32,46,49,50,52,57,61,62,65,67,70,76,80,82,85,98,0.5-1.0,N/A,Leaves Dropped,N/A,N/A
15H_S5,15,Herbicide,5,3,2022,9/28/2022,RS,N/A,7.9,,,,,,,,,,,,,,,,,,,,,0.5-1,N/A,,40,Ungrazed
15H_S6,15,Herbicide,6,3,2020,9/23/2020,RS,N/A,15.2,11,12,28,30,35,45,53,63,78,79,82,86,89,97,108,132,139,140,141,145,1.0-1.5,39,,N/A,N/A
15H_S6,15,Herbicide,6,3,2021,9/21/2021,DH,N/A,16.9,1,13,42,45,54,57,59,69,82,96,97,102,126,131,135,139,142,143,145,167,1.0-1.5,N/A,Leaves Dropped,N/A,N/A
15H_S6,15,Herbicide,6,3,2022,9/28/2022,RS,N/A,14.9,,,,,,,,,,,,,,,,,,,,,1-1.5,N/A,,80,Ungrazed
16C_S1,16,Control,1,1,2020,10/9/2020,EM,KR,11.4,9,13,15,32,34,37,71,77,79,83,84,85,86,89,92,94,95,97,107,114,1.5-2.0,21,,N/A,N/A
16C_S1,16,Control,1,1,2021,9/23/2021,ELM,N/A,12,5,10,23,27,28,38,39,47,50,55,59,61,64,70,73,77,86,93,103,108,1.5-2.0,N/A,,N/A,N/A
16C_S1,16,Control,1,1,2022,9/30/2022,RS,N/A,11.5,,,,,,,,,,,,,,,,,,,,,1.5-2,N/A,Canopy 50% defoliated from twig girdlers,N/A,Ungrazed
16C_S2,16,Control,2,1,2020,10/9/2020,EM,KR,9.2,4,8,17,19,24,29,33,34,36,40,41,43,51,58,67,75,77,84,87,91,1.0-1.5,50,,N/A,N/A
16C_S2,16,Control,2,1,2021,9/23/2021,AI,N/A,9.4,4,5,6,13,17,21,26,21,34,35,38,46,52,53,65,74,83,92,93,94,1.0-1.5,N/A,,N/A,N/A
16C_S2,16,Control,2,1,2022,9/30/2022,RS,N/A,8.9,,,,,,,,,,,,,,,,,,,,,1-1.5,N/A,Canopy 20% defoliated by twig girdlers,N/A,Ungrazed
16C_S3,16,Control,3,2,2020,10/9/2020,EM,JR,19.2,34,43,54,55,71,73,85,88,102,109,112,116,120,129,154,155,175,177,184,188,1.5-2.0,15,,N/A,N/A
16C_S3,16,Control,3,2,2021,9/23/2021,ELM,N/A,20.2,1,3,25,52,55,56,62,71,83,88,104,106,115,124,129,131,162,193,198,202,1.5-2.0,N/A,,N/A,N/A
16C_S3,16,Control,3,2,2022,9/30/2022,RS,N/A,18.5,,,,,,,,,,,,,,,,,,,,,1.5-2,N/A,Kangaroo rat mound in center of shrub,N/A,Ungrazed
16C_S4,16,Control,4,2,2020,10/9/2020,EM,JR,11.8,2,4,10,13,16,29,33,34,39,51,61,69,72,78,93,90,100,102,109,116,1.0-1.5,48,,N/A,N/A
16C_S4,16,Control,4,2,2021,9/23/2021,ELM,N/A,11.8,11,23,27,35,41,46,51,57,58,60,63,71,85,88,90,91,97,99,108,112,1.0-1.5,N/A,,N/A,N/A
16C_S4,16,Control,4,2,2022,9/30/2022,RS,N/A,10.4,,,,,,,,,,,,,,,,,,,,,1-1.5,N/A,,N/A,Ungrazed
16C_S5,16,Control,5,3,2020,10/10/2020,KR,N/A,16.6,5,17,19,29,33,41,45,61,75,79,82,85,93,95,109,113,115,133,136,155,1.5-2.0,8,,N/A,N/A
16C_S5,16,Control,5,3,2021,9/23/2021,ELM,N/A,17.6,2,9,13,20,37,39,40,57,72,107,122,129,132,138,140,145,146,148,152,171,1.5-2.0,N/A,,N/A,N/A
16C_S5,16,Control,5,3,2022,9/30/2022,RS,N/A,16,,,,,,,,,,,,,,,,,,,,,1.5-2,N/A,,N/A,Ungrazed
16C_S6,16,Control,6,3,2020,10/10/2020,AF,KR,11.2,6,8,21,30,35,41,43,44,45,46,56,58,60,64,79,82,87,94,95,96,1.0-1.5,45,,N/A,N/A
16C_S6,16,Control,6,3,2021,9/23/2021,AI,N/A,11.5,3,7,8,12,19,23,24,28,29,32,39,42,46,47,53,60,76,84,113,114,1.0-1.5,N/A,,N/A,N/A
16C_S6,16,Control,6,3,2022,9/30/2022,RS,N/A,11.5,,,,,,,,,,,,,,,,,,,,,1-1.5,N/A,,N/A,Ungrazed
16H_S1,16,Herbicide,1,1,2020,10/13/2020,AI,EM,11.6,5,9,14,22,31,33,38,44,47,49,61,64,80,86,95,99,100,109,112,114,1.5-2.0,36,,N/A,N/A
16H_S1,16,Herbicide,1,1,2021,9/23/2021,AI,N/A,11.5,14,23,31,33,40,43,46,56,60,62,65,70,72,78,93,103,105,110,113,114,1.5-2.0,N/A,,N/A,N/A
16H_S1,16,Herbicide,1,1,2022,9/28/2022,ELM,N/A,9.6,,,,,,,,,,,,,,,,,,,,,1.5-2,N/A,,0,Ungrazed
16H_S2,16,Herbicide,2,1,2020,10/13/2020,AI,EM,10.5,1,4,8,9,12,13,15,22,41,50,52,54,55,56,64,67,90,91,94,97,1.0-1.5,43,,N/A,N/A
16H_S2,16,Herbicide,2,1,2021,9/23/2021,ELM,N/A,9.8,1,7,13,17,19,21,27,34,52,58,59,61,70,73,74,75,79,83,88,95,1.0-1.5,N/A,,N/A,N/A
16H_S2,16,Herbicide,2,1,2022,9/28/2022,ELM,N/A,9.4,,,,,,,,,,,,,,,,,,,,,1-1.5,N/A,,10,Ungrazed
16H_S3,16,Herbicide,3,2,2020,10/13/2020,EM,N/A,12.4,9,27,41,43,50,52,61,64,70,71,73,76,77,85,87,95,106,117,121,122,1.0-1.5,9,,N/A,N/A
16H_S3,16,Herbicide,3,2,2021,9/24/2021,DH,N/A,10.1,1,3,10,12,17,18,23,25,28,42,48,53,54,56,64,68,70,74,92,99,1.0-1.5,N/A,,N/A,N/A
16H_S3,16,Herbicide,3,2,2022,9/30/2022,RS,N/A,10.2,,,,,,,,,,,,,,,,,,,,,1-1.5,N/A,,0,Ungrazed
16H_S4,16,Herbicide,4,2,2020,10/13/2020,EM,N/A,9.5,3,7,15,22,23,29,33,35,40,51,60,61,63,66,69,76,78,79,86,92,1.0-1.5,42,,N/A,N/A
16H_S4,16,Herbicide,4,2,2021,9/24/2021,DH,N/A,7,3,8,14,15,16,18,19,20,21,23,24,25,30,36,40,42,45,51,67,70,1.0-1.5,N/A,,N/A,N/A
16H_S4,16,Herbicide,4,2,2022,9/30/2022,RS,N/A,7.6,,,,,,,,,,,,,,,,,,,,,1-1.5,N/A,,20,Ungrazed
16H_S5,16,Herbicide,5,3,2020,10/10/2020,KR,N/A,10.1,3,6,8,22,23,26,38,54,59,62,63,77,78,83,84,86,87,89,90,94,1.5-2.0,1,,N/A,N/A
16H_S5,16,Herbicide,5,3,2021,9/24/2021,DH,N/A,8.3,1,3,5,9,14,22,28,37,41,42,44,50,52,54,57,58,72,73,74,81,1.0-1.5,N/A,,N/A,N/A
16H_S5,16,Herbicide,5,3,2022,9/30/2022,RS,N/A,8.9,,,,,,,,,,,,,,,,,,,,,1.5-2,N/A,,0,Ungrazed
16H_S6,16,Herbicide,6,3,2020,10/10/2020,KR,N/A,10,7,10,16,21,22,33,36,39,52,61,62,74,76,78,84,85,90,91,93,99,1.0-1.5,8,,N/A,N/A
16H_S6,16,Herbicide,6,3,2021,9/24/2021,DH,N/A,8.8,3,12,13,16,18,28,30,33,38,44,47,54,64,66,68,71,74,77,79,85,1.5-2.0,N/A,Some green leaves retained on canopy ,N/A,N/A
16H_S6,16,Herbicide,6,3,2022,9/30/2022,RS,N/A,8.6,,,,,,,,,,,,,,,,,,,,,1-1.5,N/A,,0,Ungrazed
17C_S1,17,Control,1,1,2020,9/23/2020,MMR,N/A,23.2,3,9,11,27,28,36,45,47,55,69,95,138,144,151,154,169,181,182,219,224,1.5-2.0,21,,N/A,N/A
17C_S1,17,Control,1,1,2021,9/18/2021,RS,N/A,23.7,2,26,31,44,56,67,68,79,104,128,138,154,171,199,205,207,213,224,225,237,1.5-2.0,N/A,,N/A,N/A
17C_S1,17,Control,1,1,2022,9/20/2022,RS,N/A,20.9,,,,,,,,,,,,,,,,,,,,,1.5-2,N/A,,N/A,Ungrazed
17C_S2,17,Control,2,1,2020,9/23/2020,AI,MMR,14.3,4,13,19,24,28,32,33,44,45,56,67,74,77,90,96,104,117,134,136,143,1.0-1.5,38,,N/A,N/A
17C_S2,17,Control,2,1,2021,9/18/2021,RS,N/A,12.4,5,11,13,16,19,21,31,34,43,44,45,72,76,85,95,98,101,105,114,119,1.0-1.5,N/A,,N/A,N/A
17C_S2,17,Control,2,1,2022,9/20/2022,RS,N/A,12.7,,,,,,,,,,,,,,,,,,,,,1-1.5,N/A,,N/A,Ungrazed
17C_S3,17,Control,3,2,2020,9/23/2020,RS,N/A,8.2,3,7,8,10,12,13,19,25,34,37,38,39,42,43,48,50,57,58,60,62,1.0-1.5,19,,N/A,N/A
17C_S3,17,Control,3,2,2021,9/21/2021,ELM,MR,8.8,7,9,21,26,29,32,38,43,51,55,63,67,72,76,79,80,81,84,87,88,0.5-1.0,N/A,,N/A,N/A
17C_S3,17,Control,3,2,2022,9/20/2022,RS,N/A,7.9,,,,,,,,,,,,,,,,,,,,,0.5-1,N/A,,N/A,Ungrazed
17C_S4,17,Control,4,2,2020,9/23/2020,RS,N/A,12.6,2,13,17,20,23,44,45,47,57,66,70,72,73,75,79,82,88,101,111,114,1.0-1.5,23,1.5-2.0 WITH ATCA2. Many Rodent holes. Taller Portion is saltbrush ,N/A,N/A
17C_S4,17,Control,4,2,2021,9/21/2021,DH,MR,13.5,4,10,38,44,47,53,56,59,62,64,69,73,81,88,104,105,107,113,117,122,1.5-2.0,N/A,ATCA Is tallest,N/A,N/A
17C_S4,17,Control,4,2,2022,9/20/2022,RS,N/A,14.2,,,,,,,,,,,,,,,,,,,,,1.5-2,N/A,ATCA2 tallest; YUEL included iin shrub island,N/A,Ungrazed
17C_S5,17,Control,5,3,2020,9/21/2020,MMR,N/A,16.5,6,7,26,34,37,38,62,66,79,84,102,104,109,114,117,121,135,154,163,165,1.0-1.5,7,,N/A,N/A
17C_S5,17,Control,5,3,2021,9/21/2021,DH,RS,13.9,0,7,17,23,27,30,44,50,59,66,81,82,84,88,89,90,100,113,122,137,1.0-1.5,N/A,,N/A,N/A
17C_S5,17,Control,5,3,2022,9/20/2022,RS,N/A,15.6,,,,,,,,,,,,,,,,,,,,,1-1.5,N/A,,N/A,Ungrazed
17C_S6,17,Control,6,3,2020,9/21/2020,MMR,N/A,7.6,2,3,5,7,16,19,20,30,32,38,43,56,59,61,64,65,67,71,74,76,0.5-1.0,42,,N/A,N/A
17C_S6,17,Control,6,3,2021,9/21/2021,DH,RS,6.4,0,1,8,14,22,24,25,26,28,30,39,41,46,47,48,51,53,54,59,60,0.5-1.0,N/A,,N/A,N/A
17C_S6,17,Control,6,3,2022,9/20/2022,RS,N/A,6.6,,,,,,,,,,,,,,,,,,,,,0.5-1,N/A,,N/A,Ungrazed
17H_S1,17,Herbicide,1,1,2020,9/18/2020,RS,N/A,11,8,14,16,35,37,39,63,68,70,73,78,80,86,88,94,97,103,104,106,110,1.0-1.5,17,,N/A,N/A
17H_S1,17,Herbicide,1,1,2021,9/18/2021,RS,N/A,11.6,7,17,23,27,34,39,45,51,55,57,63,77,82,97,98,104,108,112,115,116,1.0-1.5,N/A,Significant leaf drop,N/A,N/A
17H_S1,17,Herbicide,1,1,2022,9/21/2022,RS,N/A,11.2,,,,,,,,,,,,,,,,,,,,,1-1.5,N/A,,40,Ungrazed
17H_S2,17,Herbicide,2,1,2020,9/19/2020,RS,N/A,16.9,4,7,8,11,14,19,27,43,51,61,67,72,79,104,122,125,131,135,138,146,1.0-1.5,44,,N/A,N/A
17H_S2,17,Herbicide,2,1,2021,9/18/2021,RS,N/A,18.2,23,26,38,40,43,45,65,66,104,111,116,122,123,125,141,142,162,163,178,182,1.0-1.5,N/A,"Leaf yellowing/drop, big significant canopy with green leaves",N/A,N/A
17H_S2,17,Herbicide,2,1,2022,9/21/2022,RS,N/A,17.7,,,,,,,,,,,,,,,,,,,,,1-1.5,N/A,,70,Ungrazed
17H_S3,17,Herbicide,3,2,2020,9/21/2020,MMR,N/A,18.7,12,23,28,46,59,73,93,94,95,99,101,105,115,119,132,149,154,166,173,182,1.5-2.0,19,,N/A,N/A
17H_S3,17,Herbicide,3,2,2021,9/18/2021,RS,N/A,17.2,1,10,12,29,30,35,40,51,66,68,90,96,101,145,146,150,154,158,164,167,1.0-1.5,N/A,Significant leaf drop,N/A,N/A
17H_S3,17,Herbicide,3,2,2022,9/20/2022,RS,N/A,15.4,,,,,,,,,,,,,,,,,,,,,1.5-2,N/A,,0,Ungrazed
17H_S4,17,Herbicide,4,2,2020,9/21/2020,AI,MMR,14.6,11,22,24,26,30,31,32,39,46,50,55,60,62,64,79,90,101,105,121,145,1.0-1.5,47,,N/A,N/A
17H_S4,17,Herbicide,4,2,2021,9/18/2021,RS,N/A,13.7,4,12,14,18,31,35,37,53,56,63,66,71,80,96,110,112,120,121,123,129,1.0-1.5,N/A,"Significant leaf drop, eastern edge of shrub a large rill",N/A,N/A
17H_S4,17,Herbicide,4,2,2022,9/20/2022,RS,N/A,13.3,,,,,,,,,,,,,,,,,,,,,1-1.5,N/A,,10,Ungrazed
17H_S5,17,Herbicide,5,3,2020,9/21/2020,RS,N/A,7.1,0,7,11,13,14,15,19,24,25,28,33,41,45,46,48,53,58,59,64,69,1.0-1.5,19,Lactafluhe! ,N/A,N/A
17H_S5,17,Herbicide,5,3,2021,9/17/2021,ELM,SNL,8.8,2,4,12,13,14,18,22,23,26,33,42,50,56,60,61,62,73,78,87,88,1.0-1.5,N/A,Significant leaf drop,N/A,N/A
17H_S5,17,Herbicide,5,3,2022,9/20/2022,RS,N/A,6.3,,,,,,,,,,,,,,,,,,,,,1-1.5,N/A,,0,Ungrazed
17H_S6,17,Herbicide,6,3,2020,9/21/2020,rs,N/A,8.9,5,8,12,13,29,31,35,41,42,43,44,48,53,55,57,65,68,70,73,86,0.5-1.0,47,,N/A,N/A
17H_S6,17,Herbicide,6,3,2021,9/17/2021,ELM,MR,9.4,3,8,10,14,15,21,29,33,35,36,48,49,51,58,66,71,73,79,89,91,0.5-1.0,N/A,Significant leaf drop,N/A,N/A
17H_S6,17,Herbicide,6,3,2022,9/20/2022,RS,N/A,8.5,,,,,,,,,,,,,,,,,,,,,0.5-1,N/A,,20,Ungrazed
18C_S1,18,Control,1,1,2020,9/18/2020,EM,JR,8,5,9,14,22,23,24,28,30,33,35,36,37,48,52,54,63,64,68,73,80,1.0-1.5,6,,N/A,N/A
18C_S1,18,Control,1,1,2021,9/16/2021,ELM,RS,9.6,1,4,5,8,13,15,18,19,20,22,30,40,44,49,60,62,71,74,76,90,1.0-1.5,N/A,,N/A,N/A
18C_S1,18,Control,1,1,2022,9/21/2022,RS,N/A,8.6,,,,,,,,,,,,,,,,,,,,,1-1.5,N/A,,N/A,Ungrazed
18C_S2,18,Control,2,1,2020,9/18/2020,EM,N/A,12.9,10,21,28,29,30,31,37,40,50,53,58,70,74,79,80,82,89,105,108,127,1.0-1.5,32,,N/A,N/A
18C_S2,18,Control,2,1,2021,9/16/2021,ELM,RS,12.5,3,4,13,16,24,26,31,51,57,63,85,93,95,98,102,104,109,112,114,122,1.0-1.5,N/A,,N/A,N/A
18C_S2,18,Control,2,1,2022,9/21/2022,RS,N/A,12.2,,,,,,,,,,,,,,,,,,,,,1-1.5,N/A,,N/A,Ungrazed
18C_S3,18,Control,3,2,2020,9/18/2020,MMR,N/A,17.8,1,20,21,22,28,50,51,60,66,69,84,94,103,129,137,144,148,156,161,169,0.5-1.0,34,,N/A,N/A
18C_S3,18,Control,3,2,2021,9/16/2021,ELM,MR,17.1,18,20,26,35,43,50,55,56,57,60,64,68,91,93,100,101,103,146,150,158,1.0-1.5,N/A,,N/A,N/A
18C_S3,18,Control,3,2,2022,9/21/2022,ELM,N/A,15.9,,,,,,,,,,,,,,,,,,,,,0.5-1,N/A,,N/A,Ungrazed
18C_S4,18,Control,4,2,2020,9/18/2020,MMR,N/A,15,14,18,28,39,40,49,58,62,68,71,79,84,86,94,112,121,125,126,127,147,1.0-1.5,41,,N/A,N/A
18C_S4,18,Control,4,2,2021,9/16/2021,ELM,DH,16.1,5,9,12,18,26,37,43,45,46,61,66,76,88,89,105,114,122,128,148,149,1.0-1.5,N/A,,N/A,N/A
18C_S4,18,Control,4,2,2022,9/21/2022,ELM,N/A,14.2,,,,,,,,,,,,,,,,,,,,,1-1.5,N/A,,N/A,Ungrazed
18C_S5,18,Control,5,3,2020,9/18/2020,MMR,N/A,11.2,2,13,16,18,20,37,42,52,54,59,61,72,74,80,82,87,90,94,97,112,1.0-1.5,29,,N/A,N/A
18C_S5,18,Control,5,3,2021,9/15/2021,MMR,RS,9.9,7,10,13,14,21,23,25,27,28,31,37,43,57,53,70,74,77,88,92,94,1.0-1.5,N/A,,N/A,N/A
18C_S5,18,Control,5,3,2022,9/21/2022,RS,N/A,10.1,,,,,,,,,,,,,,,,,,,,,1-1.5,N/A,,N/A,Ungrazed
18C_S6,18,Control,6,3,2020,9/18/2020,MMR,N/A,23.6,3,8,11,35,42,44,51,88,91,114,121,130,136,163,168,190,199,203,220,223,1.0-1.5,44,,N/A,N/A
18C_S6,18,Control,6,3,2021,9/15/2021,MR,N/A,24.1,4,8,14,47,67,74,76,77,83,113,124,131,138,176,181,193,203,213,222,224,1.5-2.0,N/A,,N/A,N/A
18C_S6,18,Control,6,3,2022,9/21/2022,RS,N/A,21.9,,,,,,,,,,,,,,,,,,,,,1-1.5,N/A,,N/A,Ungrazed
18H_S1,18,Herbicide,1,1,2020,9/18/2020,MMR,JR,15.3,10,13,19,22,27,35,47,75,77,79,83,89,97,99,113,115,119,127,132,138,1.0-1.5,31,,N/A,N/A
18H_S1,18,Herbicide,1,1,2021,9/16/2021,ELM,N/A,13.3,1,2,19,26,32,36,39,45,46,51,57,76,87,94,97,108,111,112,128,130,0.5-1.0,N/A,"Leaves mostly green, not much defoliation ",N/A,N/A
18H_S1,18,Herbicide,1,1,2022,9/21/2022,ELM,N/A,13.8,,,,,,,,,,,,,,,,,,,,,1-1.5,N/A,,90,Ungrazed
18H_S2,18,Herbicide,2,1,2020,9/18/2020,EM,N/A,25.9,19,20,25,43,74,81,94,111,112,120,142,166,186,189,197,204,217,229,234,251,1.5-2.0,39,,N/A,N/A
18H_S2,18,Herbicide,2,1,2021,9/16/2021,DB,N/A,26.5,1,27,43,49,58,73,75,83,112,138,150,158,166,186,214,217,218,230,234,244,1.5-2.0,N/A,"Leaves mostly green, not much defoliation ",N/A,N/A
18H_S2,18,Herbicide,2,1,2022,9/21/2022,ELM,N/A,25.7,,,,,,,,,,,,,,,,,,,,,1.5-2,N/A,,90,Ungrazed
18H_S3,18,Herbicide,3,2,2020,9/16/2020,MMR,EM,9.4,1,8,11,22,23,24,28,33,34,35,43,48,51,59,71,76,77,85,92,93,1.0-1.5,7,,N/A,N/A
18H_S3,18,Herbicide,3,2,2021,9/16/2021,DB,MR,10.2,3,4,6,15,18,24,30,38,42,49,50,51,60,76,78,80,81,88,91,95,1.0-1.5,N/A,"Significant leaf dropping, yellowing ",N/A,N/A
18H_S3,18,Herbicide,3,2,2022,9/21/2022,RS,N/A,10,,,,,,,,,,,,,,,,,,,,,1-1.5,N/A,,10,Ungrazed
18H_S4,18,Herbicide,4,2,2020,9/16/2020,MMR,EM,17.5,2,25,30,45,46,62,64,73,87,91,93,104,108,109,113,142,148,162,164,169,1.0-1.5,29,,N/A,N/A
18H_S4,18,Herbicide,4,2,2021,9/16/2021,MR,DB,16.6,7,9,11,12,21,30,32,36,66,92,94,107,118,121,124,131,133,143,163,165,1.0-1.5,N/A,"Significant leaf dropping, yellowing ",N/A,N/A
18H_S4,18,Herbicide,4,2,2022,9/21/2022,RS,N/A,16.7,,,,,,,,,,,,,,,,,,,,,1-1.5,N/A,,10,Ungrazed
18H_S5,18,Herbicide,5,3,2020,9/16/2020,RS,AI,9.5,5,12,13,15,28,33,40,46,47,59,60,62,63,64,70,77,79,85,89,91,1.0-1.5,12,,N/A,N/A
18H_S5,18,Herbicide,5,3,2021,9/17/2021,ELM,N/A,10.6,1,9,11,17,18,22,24,36,42,45,46,52,53,57,65,82,96,97,102,105,1.0-1.5,N/A,"Significant leaf dropping, yellowing ",N/A,N/A
18H_S5,18,Herbicide,5,3,2022,9/21/2022,ELM,N/A,10.3,,,,,,,,,,,,,,,,,,,,,1-1.5,N/A,,0,Ungrazed
18H_S6,18,Herbicide,6,3,2020,9/16/2020,RS,AI,10.4,4,12,17,18,19,21,26,29,31,33,35,53,60,63,66,71,78,82,97,101,1.0-1.5,31,Partally Defoliated ,N/A,N/A
18H_S6,18,Herbicide,6,3,2021,9/17/2021,ELM,N/A,13.2,6,7,24,31,32,36,40,43,44,46,57,62,63,65,87,90,98,101,111,113,1.0-1.5,N/A,On the edge of herb coverage ,N/A,N/A
18H_S6,18,Herbicide,6,3,2022,9/21/2022,ELM,N/A,11.5,,,,,,,,,,,,,,,,,,,,,1-1.5,N/A,,90,Ungrazed
19C_S1,19,Control,1,1,2020,9/12/2020,RS,N/A,7.5,1,2,5,7,10,15,20,24,29,32,35,40,47,51,57,60,63,65,69,73,1-1.5,20,,N/A,N/A
19C_S1,19,Control,1,1,2021,9/1/2021,BW,AI,8.7,13,17,19,25,29,31,37,39,47,54,56,58,61,66,70,72,77,79,82,87,1.0-1.5,N/A,,N/A,N/A
19C_S1,19,Control,1,1,2022,9/16/2022,RS,N/A,8.4,,,,,,,,,,,,,,,,,,,,,1-1.5,N/A,,N/A,Ungrazed
19C_S2,19,Control,2,1,2020,9/12/2020,RS,N/A,9.5,1,7,13,14,22,23,24,25,28,34,37,40,41,56,57,58,70,80,89,93,0.5-1,33,,N/A,N/A
19C_S2,19,Control,2,1,2021,9/1/2021,BW,AI,11.2,4,9,17,20,23,26,27,31,41,47,49,50,55,67,71,72,85,88,91,93,0.5-1.0,N/A,,N/A,N/A
19C_S2,19,Control,2,1,2022,9/16/2022,RS,N/A,10.6,,,,,,,,,,,,,,,,,,,,,0.5-1,N/A,,N/A,Ungrazed
19C_S3,19,Control,3,2,2020,9/12/2020,MMR,N/A,10.6,15,17,24,28,33,38,41,55,58,59,63,64,65,73,75,88,95,97,102,106,1-1.5,13,,N/A,N/A
19C_S3,19,Control,3,2,2021,9/1/2021,ELM,AI,10.2,4,9,16,21,26,31,39,40,41,47,48,54,57,58,61,75,83,87,90,92,1.0-1.5,N/A,,N/A,N/A
19C_S3,19,Control,3,2,2022,9/7/2022,RS,N/A,10,,,,,,,,,,,,,,,,,,,,,1-1.5,N/A,,N/A,Ungrazed
19C_S4,19,Control,4,2,2020,9/12/2020,MMR,N/A,10.5,1,10,13,28,33,42,69,71,74,77,82,87,94,97,99,100,39,41,51,65,1-1.5,25,Accidently generated random for 150 points instead of 105; re-randomized 4 invalid randomized numbers that had yet to be sampled ,N/A,N/A
19C_S4,19,Control,4,2,2021,9/1/2021,AI,ELM,10.1,4,7,16,26,27,31,32,38,44,48,49,55,60,62,63,72,93,95,99,101,1.0-1.5,N/A,,N/A,N/A
19C_S4,19,Control,4,2,2022,9/7/2022,RS,N/A,9.8,,,,,,,,,,,,,,,,,,,,,1-1.5,N/A,,N/A,Ungrazed
19C_S5,19,Control,5,3,2020,9/14/2020,MMR,N/A,15,1,5,13,18,27,31,42,43,55,73,76,78,104,106,114,120,131,142,147,148,1-1.5,12,,N/A,N/A
19C_S5,19,Control,5,3,2021,9/1/2021,DB,N/A,13.6,2,14,17,18,19,24,25,28,29,36,41,44,52,75,84,87,90,110,123,134,1.0-1.5,N/A,,N/A,N/A
19C_S5,19,Control,5,3,2022,9/7/2022,RS,N/A,11.4,,,,,,,,,,,,,,,,,,,,,1-1.5,N/A,,N/A,Ungrazed
19C_S6,19,Control,6,3,2020,9/14/2020,RS,AI,19.8,13,15,34,45,54,58,60,65,74,91,92,105,126,136,139,146,151,156,176,186,2.0-2.5,35,,N/A,N/A
19C_S6,19,Control,6,3,2021,9/1/2021,DB,MW,25,43,52,64,65,73,80,88,111,131,133,137,172,177,191,213,220,234,235,240,250,2.0-2.5,N/A,,N/A,N/A
19C_S6,19,Control,6,3,2022,9/7/2022,RS,N/A,21.6,,,,,,,,,,,,,,,,,,,,,2-2.5,N/A,,N/A,Ungrazed
19H_S1,19,Herbicide,1,1,2020,9/16/2020,RS,AI,13.3,3,11,14,20,28,29,31,50,57,61,65,77,83,87,95,96,103,105,107,126,1.5-2.0,28,,N/A,N/A
19H_S1,19,Herbicide,1,1,2021,9/1/2021,ELM,MR,13.9,19,26,37,45,49,61,64,65,73,78,94,96,101,103,108,111,114,116,123,138,1.0-1.5,N/A,Chlorsis,N/A,N/A
19H_S1,19,Herbicide,1,1,2022,9/7/2022,RS,N/A,13.2,,,,,,,,,,,,,,,,,,,,,1-1.5,N/A,,10,Ungrazed
19H_S2,19,Herbicide,2,1,2020,9/14/2020,MMR,N/A,12.5,7,18,20,22,31,34,35,40,41,52,54,60,62,68,69,86,102,108,115,122,1-1.5,37,,N/A,N/A
19H_S2,19,Herbicide,2,1,2021,9/1/2021,ELM,MR,11.2,3,5,6,21,28,36,45,46,47,63,67,68,73,78,79,83,84,85,100,102,1.0-1.5,N/A,Chlorsis,N/A,N/A
19H_S2,19,Herbicide,2,1,2022,9/7/2022,RS,N/A,9.6,,,,,,,,,,,,,,,,,,,,,1-1.5,N/A,,10,Ungrazed
19H_S3,19,Herbicide,3,2,2020,9/14/2020,RS,N/A,17.7,15,17,56,66,74,78,84,90,93,109,118,128,134,136,150,163,164,170,173,177,1.5-2.0,14,,N/A,N/A
19H_S3,19,Herbicide,3,2,2021,8/31/2021,ELM,AI,13.2,1,21,37,43,48,52,76,82,84,94,97,102,109,114,115,117,120,122,128,130,1.5-2.0,N/A,Chlorsis,N/A,N/A
19H_S3,19,Herbicide,3,2,2022,9/7/2022,RS,N/A,11.6,,,,,,,,,,,,,,,,,,,,,1.5-2,N/A,,30,Ungrazed
19H_S4,19,Herbicide,4,2,2020,9/14/2020,RS,N/A,11.4,8,21,23,29,31,32,38,42,53,54,73,74,76,83,88,90,98,99,100,110,1-1.5,40,,N/A,N/A
19H_S4,19,Herbicide,4,2,2021,8/31/2021,MR,ELM,8.6,13,21,23,30,38,40,46,48,51,56,59,61,65,69,70,71,72,73,81,86,1.0-1.5,N/A,Chlorsis,N/A,N/A
19H_S4,19,Herbicide,4,2,2022,9/7/2022,RS,N/A,8.1,,,,,,,,,,,,,,,,,,,,,1-1.5,N/A,,0,Ungrazed
19H_S5,19,Herbicide,5,3,2020,9/14/2020,RS,AI,6.8,6,9,10,12,15,16,17,19,24,28,29,32,36,40,48,54,58,63,64,67,0.5-1,18,,N/A,N/A
19H_S5,19,Herbicide,5,3,2021,8/31/2021,RS,ELM,7.9,4,9,20,27,28,30,38,40,45,46,48,49,56,58,64,67,70,74,78,79,0.5-1.0,N/A,Chlorsis,N/A,N/A
19H_S5,19,Herbicide,5,3,2022,9/7/2022,RS,N/A,6.8,,,,,,,,,,,,,,,,,,,,,0.5-1,N/A,,10,Ungrazed
19H_S6,19,Herbicide,6,3,2020,9/14/2020,RS,AI,8.7,1,6,8,19,23,27,29,32,40,46,50,53,54,61,62,66,67,73,79,87,0.5-1,43,,N/A,N/A
19H_S6,19,Herbicide,6,3,2021,8/31/2021,RS,ELM,9.1,4,7,14,20,22,23,26,28,29,38,48,58,61,62,69,73,74,85,90,91,0.5-1.0,N/A,Chlorsis,N/A,N/A
19H_S6,19,Herbicide,6,3,2022,9/7/2022,RS,N/A,9.2,,,,,,,,,,,,,,,,,,,,,0.5-1,N/A,,0,Ungrazed
20C_S1,20,Control,1,1,2020,10/7/2020,MMR,AI,12.5,1,7,22,29,30,38,45,47,52,54,55,57,64,75,92,97,104,110,111,120,1.0-1.5,19,,N/A,N/A
20C_S1,20,Control,1,1,2021,9/3/2021,MM,SL,14,1,11,15,27,28,33,45,55,56,60,73,74,81,85,96,109,118,126,128,129,1.0-1.5,N/A,,N/A,N/A
20C_S1,20,Control,1,1,2022,9/17/2022,RS,N/A,12,,,,,,,,,,,,,,,,,,,,,1-1.5,N/A,,N/A,Ungrazed
20C_S2,20,Control,2,1,2020,10/7/2020,MMR,AI,8.8,2,4,15,21,22,24,26,29,30,31,38,46,50,57,60,65,72,74,82,88,0.5-1.0,32,,N/A,N/A
20C_S2,20,Control,2,1,2021,9/3/2021,MM,SL,8.3,1,5,7,20,23,30,33,34,36,39,45,48,51,52,62,64,65,70,73,76,0.5-1.0,N/A,,N/A,N/A
20C_S2,20,Control,2,1,2022,9/17/2022,RS,N/A,8,,,,,,,,,,,,,,,,,,,,,0.5-1,N/A,,N/A,Ungrazed
20C_S3,20,Control,3,2,2020,10/7/2020,MMR,AI,17.3,3,5,6,8,14,16,22,23,24,60,75,89,96,109,111,125,134,145,148,150,1.5-2.0,9,,N/A,N/A
20C_S3,20,Control,3,2,2021,9/3/2021,MM,SL,19.4,2,5,17,19,32,39,52,62,64,76,96,97,116,139,147,152,153,156,169,179,2.0-2.5,N/A,,N/A,N/A
20C_S3,20,Control,3,2,2022,9/17/2022,RS,N/A,18.8,,,,,,,,,,,,,,,,,,,,,2-2.5,N/A,,N/A,Ungrazed
20C_S4,20,Control,4,2,2020,10/7/2020,MMR,AI,10.7,13,14,26,30,32,36,40,47,56,57,58,65,76,77,78,87,91,97,101,107,1.0-1.5,33,,N/A,N/A
20C_S4,20,Control,4,2,2021,9/3/2021,MM,SL,12,0,5,10,15,20,28,33,41,45,47,52,56,60,61,63,64,68,73,91,100,1.0-1.5,N/A,Leaves damaged and dropping,N/A,N/A
20C_S4,20,Control,4,2,2022,9/17/2022,RS,N/A,9.4,,,,,,,,,,,,,,,,,,,,,1-1.5,N/A,,N/A,Ungrazed
20C_S5,20,Control,5,3,2020,10/7/2020,MMR,AI,14.7,8,16,24,26,28,46,52,53,57,59,60,72,82,86,87,90,98,103,127,129,1.0-1.5,1,,N/A,N/A
20C_S5,20,Control,5,3,2021,9/3/2021,RS,SL,15.3,8,11,22,37,53,61,70,76,78,81,88,104,110,113,119,126,132,148,152,153,1.0-1.5,N/A,,N/A,N/A
20C_S5,20,Control,5,3,2022,9/17/2022,RS,N/A,11.6,,,,,,,,,,,,,,,,,,,,,1-1.5,N/A,,N/A,Ungrazed
20C_S6,20,Control,6,3,2020,10/7/2020,MMR,AI,11.5,16,20,39,42,43,44,48,49,58,61,62,72,75,77,81,85,109,110,111,112,1.5-2.0,22,,N/A,N/A
20C_S6,20,Control,6,3,2021,9/3/2021,RS,SL,12.2,11,28,35,41,53,56,63,68,70,73,74,79,81,85,86,106,108,115,119,122,2.0-2.5,N/A,,N/A,N/A
20C_S6,20,Control,6,3,2022,9/17/2022,RS,N/A,9.7,,,,,,,,,,,,,,,,,,,,,2-2.5,N/A,,N/A,Ungrazed
20H_S1,20,Herbicide,1,1,2020,10/5/2020,EM,N/A,11.2,11,13,21,28,35,37,40,41,46,47,60,63,64,65,76,79,81,87,110,112,1.0-1.5,36,,N/A,N/A
20H_S1,20,Herbicide,1,1,2021,9/4/2021,AI,MW,15.5,1,4,14,17,20,26,34,41,49,57,58,70,98,106,112,122,125,126,139,148,1.0-1.5,N/A,Leaves yellow and dropping,N/A,N/A
20H_S1,20,Herbicide,1,1,2022,9/16/2022,RS,N/A,13.7,,,,,,,,,,,,,,,,,,,,,1-1.5,N/A,,30,Ungrazed
20H_S2,20,Herbicide,2,1,2020,10/5/2020,EM,AI,12.1,7,14,16,20,23,33,37,40,45,48,56,65,66,77,81,85,94,97,101,107,1.5-2.0,40,,N/A,N/A
20H_S2,20,Herbicide,2,1,2021,9/4/2021,AI,MW,15.1,4,18,23,24,27,30,32,37,38,46,61,65,66,75,93,100,105,112,135,149,1.5-2.0,N/A,"Leaves dropping, but most green",N/A,N/A
20H_S2,20,Herbicide,2,1,2022,9/16/2022,RS,N/A,13.7,,,,,,,,,,,,,,,,,,,,,1.5-2,N/A,,60,Ungrazed
20H_S3,20,Herbicide,3,2,2020,10/5/2020,EM,AI,8.9,4,5,15,17,23,30,34,36,38,45,47,48,64,68,69,71,72,73,77,81,1.0-1.5,17,,N/A,N/A
20H_S3,20,Herbicide,3,2,2021,9/4/2021,RS,N/A,16.9,7,9,21,27,28,30,42,55,56,80,96,110,112,119,131,145,148,150,53,156,1.0-1.5,N/A,"Leaves Dropping, some still green",N/A,N/A
20H_S3,20,Herbicide,3,2,2022,9/17/2022,RS,N/A,11.9,,,,,,,,,,,,,,,,,,,,,1-1.5,N/A,,10,Ungrazed
20H_S4,20,Herbicide,4,2,2020,10/5/2020,EM,N/A,12.1,12,18,23,30,32,39,48,49,51,55,62,69,73,76,87,90,99,100,111,120,1.0-1.5,28,,N/A,N/A
20H_S4,20,Herbicide,4,2,2021,9/4/2021,RS,N/A,14,2,19,21,23,24,39,40,43,56,78,80,92,93,94,104,118,122,131,132,138,1.0-1.5,N/A,"Leaves Dropping, some still green",N/A,N/A
20H_S4,20,Herbicide,4,2,2022,9/17/2022,RS,N/A,11.5,,,,,,,,,,,,,,,,,,,,,1-1.5,N/A,,90,Ungrazed
20H_S5,20,Herbicide,5,3,2020,10/5/2020,EM,N/A,10.9,13,21,24,30,32,42,47,55,56,62,65,68,70,72,79,87,90,96,103,105,1.0-1.5,30,,N/A,N/A
20H_S5,20,Herbicide,5,3,2021,9/4/2021,RS,N/A,15,4,7,17,25,29,38,39,50,54,75,78,80,82,92,109,117,133,139,148,149,1.0-1.5,N/A,Leaves yellow and dropping,N/A,N/A
20H_S5,20,Herbicide,5,3,2022,9/17/2022,RS,N/A,10.4,,,,,,,,,,,,,,,,,,,,,1-1.5,N/A,,20,Ungrazed
20H_S6,20,Herbicide,6,3,2020,10/5/2020,EM,N/A,18,8,15,25,38,44,53,74,79,82,87,92,102,103,106,117,133,137,165,168,172,1.0-1.5,34,,N/A,N/A
20H_S6,20,Herbicide,6,3,2021,9/4/2021,RS,N/A,19,2,15,22,23,24,40,65,74,77,82,99,107,109,112,145,167,170,175,181,189,1.5-2.0,N/A,Leaves yellow and dropping,N/A,N/A
20H_S6,20,Herbicide,6,3,2022,9/17/2022,RS,N/A,16.6,,,,,,,,,,,,,,,,,,,,,1.5-2,N/A,,20,Ungrazed
