Plot_ID,Block_Num,Treatment,Interspace_Num,Transect_Num,Year,Date,Initials_1,Initials_2,Azimuth,Bare_Class,Litter_Class,An_Grass_Class,Per_Grass_Class,An_Forb_Class,Per_Forb_Class,Shrub_Class,Subshrub_Class,Random_1,Random_2,Random_3,Random_4,Notes,Gravel_Class,An_Forb_Seedling_count,Grazed_Ungrazed
1C_I1,1,Control,1,1,2020,11/9/2020,MMR,EM,315,5,2,0,0,0,0,1,0,2,5,11,16,,0,N/A,N/A
1C_I1,1,Control,1,1,2021,10/22/2021,MR,MM,N/A,5,2,1,1,1,T,T,0,3,4,8,14,,0,N/A,N/A
1C_I1,1,Control,1,1,2022,10/14/2022,RS,N/A,N/A,5,2,0,0,2,0,1,0,1,3,9,13,,0,N/A,Grazed
1C_I2,1,Control,2,1,2020,11/9/2020,MMR,EM,251,6,1,0,0,0,0,0,0,2,3,5,8,,0,N/A,N/A
1C_I2,1,Control,2,1,2021,10/22/2021,MR,ELM,N/A,5,1,2,T,2,T,T,0,1,5,6,15,,0,N/A,N/A
1C_I2,1,Control,2,1,2022,10/14/2022,RS,N/A,N/A,4,2,1,1,2,0,0,0,2,10,11,13,,0,N/A,Grazed
1C_I3,1,Control,3,2,2020,11/9/2020,DH,N/A,318,4,2,0,2,0,1,0,0,1,3,12,15,Used nearest interspace,0,N/A,N/A
1C_I3,1,Control,3,2,2021,10/22/2021,ELM,MM,N/A,4,1,2,T,2,T,0,0,2,3,9,11,,0,N/A,N/A
1C_I3,1,Control,3,2,2022,10/14/2022,ELM,N/A,N/A,4,2,1,1,3,0,0,0,3,4,7,9,,0,N/A,Grazed
1C_I4,1,Control,4,2,2020,11/9/2020,DH,N/A,326,5,1,0,1,T,1,0,1,1,3,12,16,,0,N/A,N/A
1C_I4,1,Control,4,2,2021,10/22/2021,RS,MM,N/A,4,1,2,T,2,1,0,0,9,10,1,16,,0,N/A,N/A
1C_I4,1,Control,4,2,2022,10/14/2022,ELM,N/A,N/A,5,2,1,1,1,1,0,0,1,3,7,12,,0,N/A,Grazed
1C_I5,1,Control,5,3,2020,11/9/2020,EM,RS,336,6,1,0,0,1,T,0,0,7,8,10,14,,0,N/A,N/A
1C_I5,1,Control,5,3,2021,10/22/2021,ELM,SL,N/A,4,2,2,1,1,0,1,0,2,12,14,15,,0,N/A,N/A
1C_I5,1,Control,5,3,2022,10/14/2022,RS,N/A,N/A,4,2,1,1,2,0,0,0,3,4,6,15,,0,N/A,Grazed
1C_I6,1,Control,6,3,2020,11/9/2020,AI,RS,111,5,1,0,1,2,1,0,0,1,5,11,14,,0,N/A,N/A
1C_I6,1,Control,6,3,2021,10/22/2021,SL,ELM,N/A,5,2,2,T,1,1,0,0,2,3,5,12,,1,N/A,N/A
1C_I6,1,Control,6,3,2022,10/14/2022,RS,N/A,N/A,4,2,1,0,2,0,0,0,2,3,6,15,"Annual forb seedlings: 1 PORTU, 1 BOERHAVIA",0,2,Grazed
1H_I1,1,Herbicide,1,1,2020,11/11/2020,MR,DH,211,5,1,0,1,1,T,0,0,2,3,4,10,Used nearest interspace,0,N/A,N/A
1H_I1,1,Herbicide,1,1,2021,10/22/2021,RS,MR,N/A,4,1,2,1,2,2,0,0,2,10,14,15,,0,N/A,N/A
1H_I1,1,Herbicide,1,1,2022,10/14/2022,ELM,N/A,N/A,3,2,3,2,1,2,0,0,7,8,12,16,,0,N/A,Grazed
1H_I2,1,Herbicide,2,1,2020,11/11/2020,MR,EM,268,5,2,T,0,2,1,0,0,3,6,8,15,,0,N/A,N/A
1H_I2,1,Herbicide,2,1,2021,10/22/2021,MR,N/A,N/A,3,2,3,1,3,1,T,0,9,11,12,14,,0,N/A,N/A
1H_I2,1,Herbicide,2,1,2022,10/14/2022,ELM,N/A,N/A,4,2,2,1,1,0,0,0,6,7,13,15,,0,N/A,Grazed
1H_I3,1,Herbicide,3,2,2020,11/11/2020,AI,RS,114,6,1,0,1,0,T,0,0,5,10,14,15,,0,N/A,N/A
1H_I3,1,Herbicide,3,2,2021,10/26/2021,TT,N/A,N/A,4,1,1,1,2,T,0,0,1,3,8,10,,0,N/A,N/A
1H_I3,1,Herbicide,3,2,2022,10/14/2022,RS,N/A,N/A,4,2,2,1,0,0,0,0,1,6,10,12,,0,N/A,Grazed
1H_I4,1,Herbicide,4,2,2020,11/11/2020,AI,RS,34,5,1,0,2,0,T,0,1,4,6,12,14,,0,N/A,N/A
1H_I4,1,Herbicide,4,2,2021,10/26/2021,TT,N/A,N/A,5,1,0,1,1,1,T,0,2,3,7,9,,0,N/A,N/A
1H_I4,1,Herbicide,4,2,2022,10/14/2022,RS,N/A,N/A,6,1,T,0,0,0,0,0,2,3,4,9,Soil highly disturbed recently,0,N/A,Grazed
1H_I5,1,Herbicide,5,3,2020,11/11/2020,AI,MMR,61,6,1,0,0,T,0,0,0,1,6,7,14,Used nearest interspace,0,N/A,N/A
1H_I5,1,Herbicide,5,3,2021,10/26/2021,AI,TT,N/A,6,1,0,1,1,1,0,0,1,2,3,16,,0,N/A,N/A
1H_I5,1,Herbicide,5,3,2022,10/14/2022,ELM,N/A,N/A,5,1,T,0,1,1,0,0,2,6,12,13,,T,N/A,Grazed
1H_I6,1,Herbicide,6,3,2020,11/11/2020,AI,MMR,357,5,2,0,1,1,T,0,T,2,3,4,14,,0,N/A,N/A
1H_I6,1,Herbicide,6,3,2021,10/26/2021,RS,TT,N/A,5,2,2,1,2,0,0,0,8,9,11,16,,0,N/A,N/A
1H_I6,1,Herbicide,6,3,2022,10/14/2022,ELM,N/A,N/A,4,2,3,0,1,0,0,0,6,8,10,14,,0,N/A,Grazed
2C_I1,2,Control,1,1,2020,1/14/2021,MMR,N/A,120,5,1,0,1,1,0,0,0,6,8,9,11,,0,N/A,N/A
2C_I1,2,Control,1,1,2021,10/21/2021,TT,N/A,N/A,5,T,1,1,1,1,0,0,2,4,7,12,,0,N/A,N/A
2C_I1,2,Control,1,1,2022,10/15/2022,RS,N/A,N/A,5,1,1,0,1,1,0,0,8,10,12,13,,0,N/A,Grazed
2C_I2,2,Control,2,1,2020,1/14/2021,MMR,N/A,226,5,1,0,1,1,0,0,0,3,4,13,15,,0,N/A,N/A
2C_I2,2,Control,2,1,2021,10/21/2021,TT,N/A,N/A,6,T,1,T,T,0,0,0,1,4,5,12,,0,N/A,N/A
2C_I2,2,Control,2,1,2022,10/15/2022,RS,N/A,N/A,6,1,0,0,T,0,0,0,9,13,14,15,,0,2,Grazed
2C_I3,2,Control,3,2,2020,1/14/2021,RS,DH,62,5,1,0,1,0,0,1,0,2,4,10,15,,0,N/A,N/A
2C_I3,2,Control,3,2,2021,10/21/2021,TT,AI,N/A,6,T,1,1,1,0,0,0,5,6,9,12,,0,N/A,N/A
2C_I3,2,Control,3,2,2022,10/15/2022,RS,N/A,N/A,6,1,0,1,0,0,0,0,1,3,5,10,,0,N/A,Grazed
2C_I4,2,Control,4,2,2020,1/14/2021,RS,DH,217,5,1,0,2,T,T,0,0,2,9,11,13,,0,N/A,N/A
2C_I4,2,Control,4,2,2021,10/21/2021,TT,N/A,N/A,5,T,0,1,1,1,0,0,2,8,12,13,,0,N/A,N/A
2C_I4,2,Control,4,2,2022,10/15/2022,RS,N/A,N/A,5,2,1,1,1,T,0,0,2,9,10,15,Perennial forb seedling: 1 BAMU,T,1,Grazed
2C_I5,2,Control,5,3,2020,1/14/2021,RS,N/A,12,6,T,0,1,0,0,0,0,3,4,7,13,,0,N/A,N/A
2C_I5,2,Control,5,3,2021,10/21/2021,TT,N/A,N/A,3,1,1,1,2,1,0,0,1,4,5,10,,0,N/A,N/A
2C_I5,2,Control,5,3,2022,10/15/2022,RS,N/A,N/A,4,2,1,1,1,1,0,0,10,11,15,16,,0,N/A,Grazed
2C_I6,2,Control,6,3,2020,1/14/2021,DH,N/A,120,5,1,0,1,1,1,0,0,1,5,9,12,,0,N/A,N/A
2C_I6,2,Control,6,3,2021,10/21/2021,TT,N/A,N/A,4,1,1,T,2,2,0,0,1,4,15,16,,0,N/A,N/A
2C_I6,2,Control,6,3,2022,10/15/2022,RS,N/A,N/A,4,2,2,1,T,2,0,0,1,2,3,7,,1,N/A,Grazed
2H_I1,2,Herbicide,1,1,2020,1/14/2021,RS,DH,61,5,1,0,1,2,0,0,0,1,11,12,14,,0,N/A,N/A
2H_I1,2,Herbicide,1,1,2021,10/20/2021,TT,ELM,N/A,5,1,1,1,1,0,0,0,4,8,12,14,,0,N/A,N/A
2H_I1,2,Herbicide,1,1,2022,10/15/2022,RS,N/A,N/A,5,1,0,1,1,1,0,0,1,8,9,15,,0,N/A,Grazed
2H_I2,2,Herbicide,2,1,2020,1/14/2021,RS,N/A,148,5,1,0,1,1,T,0,0,1,5,6,13,,0,N/A,N/A
2H_I2,2,Herbicide,2,1,2021,10/20/2021,RS,ELM,N/A,5,1,1,1,1,T,0,0,1,4,8,13,,0,N/A,N/A
2H_I2,2,Herbicide,2,1,2022,10/15/2022,RS,N/A,N/A,5,2,0,2,2,T,0,0,11,12,15,16,,0,N/A,Grazed
2H_I3,2,Herbicide,3,2,2020,1/14/2021,MMR,N/A,279,6,1,0,T,0,0,0,0,7,8,10,16,Used nearest interspace,0,N/A,N/A
2H_I3,2,Herbicide,3,2,2021,10/21/2021,AI,N/A,N/A,6,1,0,T,0,0,0,0,1,3,4,14,,1,N/A,N/A
2H_I3,2,Herbicide,3,2,2022,10/15/2022,RS,N/A,N/A,5,1,1,0,2,1,0,0,1,3,9,14,,1,N/A,Grazed
2H_I4,2,Herbicide,4,2,2020,1/14/2021,MMR,N/A,252,6,T,0,T,0,0,0,0,6,13,15,16,,0,N/A,N/A
2H_I4,2,Herbicide,4,2,2021,10/21/2021,AI,N/A,N/A,6,1,T,0,0,T,0,0,6,7,9,10,,1,N/A,N/A
2H_I4,2,Herbicide,4,2,2022,10/15/2022,RS,N/A,N/A,6,1,0,0,0,1,0,0,4,8,9,15,In a gulley erosional area,1,N/A,Grazed
2H_I5,2,Herbicide,5,3,2020,1/14/2021,RS,N/A,185,5,1,0,1,0,0,0,0,11,12,13,16,,0,N/A,N/A
2H_I5,2,Herbicide,5,3,2021,10/21/2021,TT,AI,N/A,6,T,0,T,1,T,0,0,4,6,7,12,,0,N/A,N/A
2H_I5,2,Herbicide,5,3,2022,10/15/2022,RS,N/A,N/A,5,2,1,T,1,1,0,0,6,9,14,15,,T,N/A,Grazed
2H_I6,2,Herbicide,6,3,2020,1/14/2021,RS,N/A,234,5,1,0,1,0,0,0,1,2,8,10,13,,0,N/A,N/A
2H_I6,2,Herbicide,6,3,2021,10/21/2021,TT,AI,N/A,5,1,0,T,1,0,0,0,6,11,15,16,,0,N/A,N/A
2H_I6,2,Herbicide,6,3,2022,10/15/2022,RS,N/A,N/A,5,2,0,1,0,1,0,0,6,8,9,12,,0,N/A,Grazed
3C_I1,3,Control,1,1,2020,11/7/2020,RS,N/A,20,2,3,0,2,2,2,0,0,6,8,9,11,,0,N/A,N/A
3C_I1,3,Control,1,1,2021,10/19/2021,MR,N/A,N/A,3,2,3,2,1,1,0,0,2,3,12,13,,0,N/A,N/A
3C_I1,3,Control,1,1,2022,10/10/2022,ELM,N/A,N/A,4,2,1,2,0,1,0,0,3,10,15,16,,0,N/A,Grazed
3C_I2,3,Control,2,1,2020,11/7/2020,RS,N/A,120,2,3,T,3,2,T,0,0,5,7,8,14,,0,N/A,N/A
3C_I2,3,Control,2,1,2021,10/19/2021,MR,N/A,N/A,3,3,2,2,2,1,0,0,4,8,10,16,,0,N/A,N/A
3C_I2,3,Control,2,1,2022,10/10/2022,ELM,N/A,N/A,4,2,T,2,0,T,0,0,1,3,12,14,,0,N/A,Grazed
3C_I3,3,Control,3,2,2020,11/7/2020,RS,N/A,214,2,3,0,3,1,1,0,0,2,3,15,16,,0,34,N/A
3C_I3,3,Control,3,2,2021,10/19/2021,RS,TT,N/A,3,2,2,3,1,1,0,0,1,11,14,16,,0,N/A,N/A
3C_I3,3,Control,3,2,2022,10/11/2022,RS,N/A,N/A,3,3,0,4,1,0,0,0,7,8,9,10,,0,10,Grazed
3C_I4,3,Control,4,2,2020,11/7/2020,RS,N/A,342,2,3,0,3,1,0,0,0,5,7,8,12,,0,N/A,N/A
3C_I4,3,Control,4,2,2021,10/19/2021,RS,TT,N/A,4,2,2,3,1,1,0,0,2,3,4,6,,0,N/A,N/A
3C_I4,3,Control,4,2,2022,10/11/2022,RS,N/A,N/A,3,3,0,4,0,0,T,0,2,7,11,15,,0,N/A,Grazed
3C_I5,3,Control,5,3,2020,11/7/2020,RS,N/A,133,5,2,0,2,0,2,0,0,3,6,7,14,,0,N/A,N/A
3C_I5,3,Control,5,3,2021,10/19/2021,RS,MR,N/A,4,1,2,2,2,0,0,0,11,12,15,16,,0,N/A,N/A
3C_I5,3,Control,5,3,2022,10/11/2022,RS,N/A,N/A,4,2,2,2,1,0,0,0,4,6,7,14,,0,N/A,Grazed
3C_I6,3,Control,6,3,2020,11/7/2020,RS,N/A,245,5,2,1,2,1,0,0,0,1,4,7,14,,0,N/A,N/A
3C_I6,3,Control,6,3,2021,10/19/2021,MR,N/A,N/A,4,1,3,3,1,1,0,0,4,6,10,11,,0,N/A,N/A
3C_I6,3,Control,6,3,2022,10/11/2022,RS,N/A,N/A,4,2,2,1,T,0,0,0,3,5,6,13,,0,N/A,Grazed
3H_I1,3,Herbicide,1,1,2020,11/6/2020,SS,RS/KR,331,4,2,0,3,2,T,0,0,3,8,10,15,,0,N/A,N/A
3H_I1,3,Herbicide,1,1,2021,10/19/2021,AI,N/A,N/A,4,2,2,3,1,0,0,0,3,9,10,13,,0,N/A,N/A
3H_I1,3,Herbicide,1,1,2022,10/11/2022,RS,N/A,N/A,4,3,T,3,0,0,0,0,1,2,11,16,,0,N/A,Grazed
3H_I2,3,Herbicide,2,1,2020,11/6/2020,SS,RS/KR,159,4,2,0,3,2,0,0,0,1,14,15,16,,0,N/A,N/A
3H_I2,3,Herbicide,2,1,2021,10/19/2021,RS,N/A,N/A,4,2,2,2,2,0,0,0,2,5,6,14,,0,N/A,N/A
3H_I2,3,Herbicide,2,1,2022,10/11/2022,RS,N/A,N/A,4,2,3,2,0,0,0,0,10,12,13,15,,0,N/A,Grazed
3H_I3,3,Herbicide,3,2,2020,11/6/2020,RS,N/A,172,2,2,0,4,1,T,0,0,2,7,10,16,,0,N/A,N/A
3H_I3,3,Herbicide,3,2,2021,10/20/2021,ELM,MR,N/A,3,1,2,4,1,0,0,0,3,8,9,13,,0,N/A,N/A
3H_I3,3,Herbicide,3,2,2022,10/11/2022,RS,N/A,N/A,2,3,0,4,0,0,0,0,8,10,13,15,,0,N/A,Grazed
3H_I4,3,Herbicide,4,2,2020,11/6/2020,SS,N/A,77,3,2,0,3,1,1,0,0,5,6,9,13,,0,N/A,N/A
3H_I4,3,Herbicide,4,2,2021,10/20/2021,ELM,MR,N/A,3,2,3,2,2,0,0,0,2,5,11,14,,0,N/A,N/A
3H_I4,3,Herbicide,4,2,2022,10/11/2022,RS,N/A,N/A,4,2,3,1,1,1,0,0,2,3,5,8,,0,N/A,Grazed
3H_I5,3,Herbicide,5,3,2020,11/6/2020,MMR,SS,24,5,3,1,2,1,T,0,0,7,10,11,16,,0,25,N/A
3H_I5,3,Herbicide,5,3,2021,10/20/2021,TT,ELM,N/A,3,3,2,2,1,1,0,0,5,9,13,14,,0,N/A,N/A
3H_I5,3,Herbicide,5,3,2022,10/11/2022,RS,N/A,N/A,3,2,2,4,0,0,0,0,2,4,11,13,,0,N/A,Grazed
3H_I6,3,Herbicide,6,3,2020,11/6/2020,MMR,SS,200,5,3,0,1,1,0,0,0,2,3,9,12,,0,25,N/A
3H_I6,3,Herbicide,6,3,2021,10/20/2021,TT,ELM,N/A,3,3,2,1,2,1,0,0,1,7,10,15,,0,N/A,N/A
3H_I6,3,Herbicide,6,3,2022,10/11/2022,RS,N/A,N/A,4,3,2,2,0,1,0,0,1,2,7,9,,0,N/A,Grazed
4C_I1,4,Control,1,1,2020,11/2/2020,MMR,EM,107,5,1,0,1,T,T,0,0,4,5,9,14,,0,N/A,N/A
4C_I1,4,Control,1,1,2021,10/16/2021,MR,GT,N/A,4,1,2,1,1,2,0,0,1,2,7,11,,0,N/A,N/A
4C_I1,4,Control,1,1,2022,10/10/2022,ELM,N/A,N/A,4,1,2,1,1,1,0,0,3,4,12,16,,0,N/A,Grazed
4C_I2,4,Control,2,1,2020,11/2/2020,MMR,EM,278,5,2,0,0,1,1,0,0,2,5,9,13,,0,N/A,N/A
4C_I2,4,Control,2,1,2021,10/16/2021,MR,GT,N/A,4,2,3,T,2,2,0,0,11,12,13,16,,0,N/A,N/A
4C_I2,4,Control,2,1,2022,10/10/2022,ELM,N/A,N/A,4,2,2,1,0,1,0,0,2,4,11,14,,0,2,Grazed
4C_I3,4,Control,3,2,2020,11/2/2020,AI,EM,226,2,2,0,3,2,2,0,0,3,6,12,14,,0,N/A,N/A
4C_I3,4,Control,3,2,2021,10/15/2021,MR,N/A,N/A,4,2,2,2,2,2,0,0,3,5,6,9,,0,N/A,N/A
4C_I3,4,Control,3,2,2022,10/10/2022,RS,N/A,N/A,4,2,1,T,1,1,0,0,1,2,6,14,,0,N/A,Grazed
4C_I4,4,Control,4,2,2020,11/2/2020,AI,EM,98,5,2,0,0,2,1,0,0,2,4,5,6,,0,N/A,N/A
4C_I4,4,Control,4,2,2021,10/15/2021,MR,N/A,N/A,4,2,3,0,1,2,1,0,2,3,5,14,,0,N/A,N/A
4C_I4,4,Control,4,2,2022,10/10/2022,RS,N/A,N/A,4,2,1,0,1,2,0,0,1,4,8,11,Perennial forb seedlings: 7 BAMU,0,7,Grazed
4C_I5,4,Control,5,3,2020,11/4/2020,MMR,EM,308,5,1,0,0,1,1,0,0,1,5,6,13,,0,N/A,N/A
4C_I5,4,Control,5,3,2021,10/15/2021,ELM,MR,N/A,3,1,3,0,1,1,0,0,6,8,11,12,,0,N/A,N/A
4C_I5,4,Control,5,3,2022,10/10/2022,ELM,N/A,N/A,5,2,1,0,1,1,0,0,1,4,5,12,Perennial forb seedlings: 6 BAMU,0,6,Grazed
4C_I6,4,Control,6,3,2020,11/4/2020,MMR,EM,11,4,2,0,1,1,T,0,0,1,5,7,12,,0,N/A,N/A
4C_I6,4,Control,6,3,2021,10/15/2021,ELM,MR,N/A,3,2,3,2,2,T,0,0,7,10,13,15,,0,N/A,N/A
4C_I6,4,Control,6,3,2022,10/10/2022,ELM,N/A,N/A,4,2,0,2,2,1,0,0,3,11,12,15,,0,N/A,Grazed
4H_I1,4,Herbicide,1,1,2020,11/4/2020,RS,AI,133,2,3,0,3,2,1,0,0,2,4,12,15,,0,N/A,N/A
4H_I1,4,Herbicide,1,1,2021,10/14/2021,MR,DB,N/A,3,2,3,2,2,T,0,0,3,6,8,16,,0,N/A,N/A
4H_I1,4,Herbicide,1,1,2022,10/10/2022,RS,N/A,N/A,3,3,3,1,1,1,0,0,3,8,10,11,Perennial forb seedlings: 3 BAMU,0,3,Grazed
4H_I2,4,Herbicide,2,1,2020,11/4/2020,RS,EM/AI,179,4,2,1,2,1,T,0,0,1,2,6,14,,0,30,N/A
4H_I2,4,Herbicide,2,1,2021,10/14/2021,MR,DB,N/A,4,2,1,2,1,T,0,0,1,2,4,5,,0,N/A,N/A
4H_I2,4,Herbicide,2,1,2022,10/10/2022,RS,N/A,N/A,4,2,2,2,0,1,0,0,3,4,11,16,,0,N/A,Grazed
4H_I3,4,Herbicide,3,2,2020,11/4/2020,EM,MMR,273,4,3,T,0,1,1,0,0,1,3,11,16,,0,N/A,N/A
4H_I3,4,Herbicide,3,2,2021,10/15/2021,MR,ELM,N/A,2,2,3,0,3,1,0,0,3,9,11,14,,0,N/A,N/A
4H_I3,4,Herbicide,3,2,2022,10/10/2022,ELM,N/A,N/A,3,2,4,0,T,0,0,0,2,4,8,16,,0,N/A,Grazed
4H_I4,4,Herbicide,4,2,2020,11/4/2020,EM,MMR,208,4,3,0,2,2,2,0,0,1,2,7,13,,0,N/A,N/A
4H_I4,4,Herbicide,4,2,2021,10/15/2021,MR,ELM,N/A,3,2,3,2,3,1,0,0,7,11,14,16,,0,N/A,N/A
4H_I4,4,Herbicide,4,2,2022,10/10/2022,ELM,N/A,N/A,4,2,3,1,T,T,0,0,2,6,15,16,Perennial forb seedlings: 1 BAMU,0,1,Grazed
4H_I5,4,Herbicide,5,3,2020,11/4/2020,RS,AI,214,4,3,0,1,2,1,0,1,2,6,11,16,,0,N/A,N/A
4H_I5,4,Herbicide,5,3,2021,10/15/2021,MR,ELM,N/A,3,2,3,0,2,T,0,0,5,9,12,15,,0,N/A,N/A
4H_I5,4,Herbicide,5,3,2022,10/10/2022,RS,N/A,N/A,4,2,3,1,1,1,0,0,3,5,7,12,Perennial forb seedlings: 8 BAMU,0,8,Grazed
4H_I6,4,Herbicide,6,3,2020,11/4/2020,RS,EM,5,4,2,T,1,2,1,0,0,1,3,12,15,,0,N/A,N/A
4H_I6,4,Herbicide,6,3,2021,10/15/2021,MR,ELM,N/A,3,1,3,1,2,T,0,0,4,5,6,14,,0,N/A,N/A
4H_I6,4,Herbicide,6,3,2022,10/10/2022,RS,N/A,N/A,4,2,3,2,0,0,0,0,1,2,6,7,,0,N/A,Grazed
5C_I1,5,Control,1,1,2020,N/A,N/A,N/A,N/A,N/A,N/A,N/A,N/A,N/A,N/A,N/A,N/A,N/A,N/A,N/A,N/A,N/A,N/A,N/A,N/A
5C_I1,5,Control,1,1,2021,10/29/2021,RS,ELM,26,5,1,1,1,2,0,0,0,2,8,13,15,,0,N/A,N/A
5C_I1,5,Control,1,1,2022,10/18/2022,RS,N/A,N/A,5,2,0,1,1,0,0,0,2,5,6,11,,T,N/A,Grazed
5C_I2,5,Control,2,1,2020,N/A,N/A,N/A,N/A,N/A,N/A,N/A,N/A,N/A,N/A,N/A,N/A,N/A,N/A,N/A,N/A,N/A,N/A,N/A,N/A
5C_I2,5,Control,2,1,2021,10/29/2021,RS,ELM,84,6,T,0,T,1,0,0,0,2,5,6,15,,0,N/A,N/A
5C_I2,5,Control,2,1,2022,10/18/2022,RS,N/A,N/A,6,1,T,0,1,0,0,0,1,5,10,11,"Superb cores! (Quite clayey), could check weight for Bulk Density measurements, would feel confident in calculation",1,N/A,Grazed
5C_I3,5,Control,3,2,2020,N/A,N/A,N/A,N/A,N/A,N/A,N/A,N/A,N/A,N/A,N/A,N/A,N/A,N/A,N/A,N/A,N/A,N/A,N/A,N/A
5C_I3,5,Control,3,2,2021,10/29/2021,RS,ELM,49,6,1,T,0,1,0,1,0,4,8,12,14,,0,N/A,N/A
5C_I3,5,Control,3,2,2022,10/18/2022,RS,N/A,N/A,6,1,0,0,0,0,0,0,3,7,10,14,In a gulley erosional area,1,N/A,Grazed
5C_I4,5,Control,4,2,2020,N/A,N/A,N/A,N/A,N/A,N/A,N/A,N/A,N/A,N/A,N/A,N/A,N/A,N/A,N/A,N/A,N/A,N/A,N/A,N/A
5C_I4,5,Control,4,2,2021,10/29/2021,RS,ELM,243,6,T,0,0,0,0,0,0,1,3,11,16,,0,N/A,N/A
5C_I4,5,Control,4,2,2022,10/18/2022,RS,N/A,N/A,6,1,1,0,0,0,0,0,5,12,13,16,In a gulley erosional area,0,N/A,Grazed
5C_I5,5,Control,5,3,2020,N/A,N/A,N/A,N/A,N/A,N/A,N/A,N/A,N/A,N/A,N/A,N/A,N/A,N/A,N/A,N/A,N/A,N/A,N/A,N/A
5C_I5,5,Control,5,3,2021,10/29/2021,RS,ELM,106,6,1,0,T,0,0,0,0,2,3,11,13,,1,N/A,N/A
5C_I5,5,Control,5,3,2022,10/18/2022,RS,N/A,N/A,5,1,0,0,T,0,0,0,3,4,5,8,In a gulley erosional area,1,N/A,Grazed
5C_I6,5,Control,6,3,2020,N/A,N/A,N/A,N/A,N/A,N/A,N/A,N/A,N/A,N/A,N/A,N/A,N/A,N/A,N/A,N/A,N/A,N/A,N/A,N/A
5C_I6,5,Control,6,3,2021,10/29/2021,RS,ELM,231,6,1,0,0,0,1,0,0,11,12,15,16,,1,N/A,N/A
5C_I6,5,Control,6,3,2022,10/18/2022,RS,N/A,N/A,5,1,0,0,1,1,0,0,5,8,13,15,,1,N/A,Grazed
5H_I1,5,Herbicide,1,1,2020,N/A,N/A,N/A,N/A,N/A,N/A,N/A,N/A,N/A,N/A,N/A,N/A,N/A,N/A,N/A,N/A,N/A,N/A,N/A,N/A
5H_I1,5,Herbicide,1,1,2021,10/30/2021,AB,N/A,126,6,1,0,0,T,1,0,0,3,8,9,11,,T,N/A,N/A
5H_I1,5,Herbicide,1,1,2022,10/18/2022,RS,N/A,N/A,5,1,0,0,2,1,0,0,2,6,13,16,,T,N/A,Grazed
5H_I2,5,Herbicide,2,1,2020,N/A,N/A,N/A,N/A,N/A,N/A,N/A,N/A,N/A,N/A,N/A,N/A,N/A,N/A,N/A,N/A,N/A,N/A,N/A,N/A
5H_I2,5,Herbicide,2,1,2021,10/30/2021,AB,N/A,219,6,1,0,0,0,T,0,0,6,7,9,12,,0,N/A,N/A
5H_I2,5,Herbicide,2,1,2022,10/18/2022,RS,N/A,N/A,6,1,0,0,0,0,0,0,6,8,10,11,,0,N/A,Grazed
5H_I3,5,Herbicide,3,2,2020,N/A,N/A,N/A,N/A,N/A,N/A,N/A,N/A,N/A,N/A,N/A,N/A,N/A,N/A,N/A,N/A,N/A,N/A,N/A,N/A
5H_I3,5,Herbicide,3,2,2021,10/30/2021,RS,N/A,133,5,1,1,T,0,1,0,0,4,10,12,14,,2,N/A,N/A
5H_I3,5,Herbicide,3,2,2022,10/18/2022,RS,N/A,N/A,5,1,0,1,1,0,0,0,1,7,8,10,,2,N/A,Grazed
5H_I4,5,Herbicide,4,2,2020,N/A,N/A,N/A,N/A,N/A,N/A,N/A,N/A,N/A,N/A,N/A,N/A,N/A,N/A,N/A,N/A,N/A,N/A,N/A,N/A
5H_I4,5,Herbicide,4,2,2021,10/30/2021,RS,N/A,215,5,1,1,1,0,0,0,0,4,7,8,16,,2,N/A,N/A
5H_I4,5,Herbicide,4,2,2022,10/18/2022,RS,N/A,N/A,5,1,0,T,1,0,0,0,3,7,13,14,,2,N/A,Grazed
5H_I5,5,Herbicide,5,3,2020,N/A,N/A,N/A,N/A,N/A,N/A,N/A,N/A,N/A,N/A,N/A,N/A,N/A,N/A,N/A,N/A,N/A,N/A,N/A,N/A
5H_I5,5,Herbicide,5,3,2021,10/30/2021,MR,N/A,264,5,1,T,T,T,0,0,0,2,6,7,11,,2,N/A,N/A
5H_I5,5,Herbicide,5,3,2022,10/18/2022,RS,N/A,N/A,5,1,1,0,1,0,0,0,12,13,14,16,In a gulley erosional area,2,N/A,Grazed
5H_I6,5,Herbicide,6,3,2020,N/A,N/A,N/A,N/A,N/A,N/A,N/A,N/A,N/A,N/A,N/A,N/A,N/A,N/A,N/A,N/A,N/A,N/A,N/A,N/A
5H_I6,5,Herbicide,6,3,2021,10/30/2021,MR,N/A,5,5,1,1,1,T,0,0,0,3,9,11,15,,2,N/A,N/A
5H_I6,5,Herbicide,6,3,2022,10/18/2022,RS,N/A,N/A,5,1,0,1,1,1,0,0,7,13,14,15,,2,N/A,Grazed
6C_I1,6,Control,1,1,2020,N/A,N/A,N/A,N/A,N/A,N/A,N/A,N/A,N/A,N/A,N/A,N/A,N/A,N/A,N/A,N/A,N/A,N/A,N/A,N/A
6C_I1,6,Control,1,1,2021,9/14/2021,MR,N/A,169,5,1,2,T,2,1,0,0,5,6,7,11,,0,N/A,N/A
6C_I1,6,Control,1,1,2022,9/23/2022,RS,N/A,N/A,5,1,0,0,1,2,0,0,1,2,8,10,,0,N/A,Ungrazed
6C_I2,6,Control,2,1,2020,N/A,N/A,N/A,N/A,N/A,N/A,N/A,N/A,N/A,N/A,N/A,N/A,N/A,N/A,N/A,N/A,N/A,N/A,N/A,N/A
6C_I2,6,Control,2,1,2021,9/14/2021,MR,N/A,47,5,1,T,1,0,1,1,0,2,3,9,12,,0,N/A,N/A
6C_I2,6,Control,2,1,2022,9/23/2022,RS,N/A,N/A,6,1,0,0,0,0,1,0,3,9,15,16,,1,N/A,Ungrazed
6C_I3,6,Control,3,2,2020,N/A,N/A,N/A,N/A,N/A,N/A,N/A,N/A,N/A,N/A,N/A,N/A,N/A,N/A,N/A,N/A,N/A,N/A,N/A,N/A
6C_I3,6,Control,3,2,2021,9/14/2021,RS,N/A,300,5,1,1,T,1,2,1,0,2,3,5,9,Used nearest interspace,0,N/A,N/A
6C_I3,6,Control,3,2,2022,9/23/2022,RS,N/A,N/A,5,1,0,0,0,2,1,0,3,7,10,16,,0,N/A,Ungrazed
6C_I4,6,Control,4,2,2020,N/A,N/A,N/A,N/A,N/A,N/A,N/A,N/A,N/A,N/A,N/A,N/A,N/A,N/A,N/A,N/A,N/A,N/A,N/A,N/A
6C_I4,6,Control,4,2,2021,9/14/2021,RS,N/A,270,5,T,0,T,1,1,1,0,4,13,14,16,Used nearest interspace,0,N/A,N/A
6C_I4,6,Control,4,2,2022,9/23/2022,RS,N/A,N/A,6,1,0,0,0,1,1,0,3,4,9,13,,0,N/A,Ungrazed
6C_I5,6,Control,5,3,2020,N/A,N/A,N/A,N/A,N/A,N/A,N/A,N/A,N/A,N/A,N/A,N/A,N/A,N/A,N/A,N/A,N/A,N/A,N/A,N/A
6C_I5,6,Control,5,3,2021,9/11/2021,MR,DB,199,5,1,1,1,2,2,0,0,3,4,10,14,,0,N/A,N/A
6C_I5,6,Control,5,3,2022,9/23/2022,RS,N/A,N/A,5,1,1,1,1,2,0,0,3,14,15,16,,1,N/A,Ungrazed
6C_I6,6,Control,6,3,2020,N/A,N/A,N/A,N/A,N/A,N/A,N/A,N/A,N/A,N/A,N/A,N/A,N/A,N/A,N/A,N/A,N/A,N/A,N/A,N/A
6C_I6,6,Control,6,3,2021,9/11/2021,MR,N/A,77,5,1,1,1,1,2,0,0,5,8,11,12,,0,N/A,N/A
6C_I6,6,Control,6,3,2022,9/23/2022,RS,N/A,N/A,5,1,1,0,1,1,T,0,8,12,13,14,,0,N/A,Ungrazed
6H_I1,6,Herbicide,1,1,2020,N/A,N/A,N/A,N/A,N/A,N/A,N/A,N/A,N/A,N/A,N/A,N/A,N/A,N/A,N/A,N/A,N/A,N/A,N/A,N/A
6H_I1,6,Herbicide,1,1,2021,9/14/2021,RS,N/A,213,4,1,1,1,1,2,0,0,1,4,5,10,,0,N/A,N/A
6H_I1,6,Herbicide,1,1,2022,9/24/2022,RS,N/A,N/A,5,1,1,1,1,1,0,0,1,5,7,11,,0,N/A,Ungrazed
6H_I2,6,Herbicide,2,1,2020,N/A,N/A,N/A,N/A,N/A,N/A,N/A,N/A,N/A,N/A,N/A,N/A,N/A,N/A,N/A,N/A,N/A,N/A,N/A,N/A
6H_I2,6,Herbicide,2,1,2021,9/14/2021,RS,N/A,349,3,2,1,1,1,3,0,0,4,6,11,15,,0,N/A,N/A
6H_I2,6,Herbicide,2,1,2022,9/24/2022,RS,N/A,N/A,5,2,1,T,1,1,0,0,4,5,6,14,,0,N/A,Ungrazed
6H_I3,6,Herbicide,3,2,2020,N/A,N/A,N/A,N/A,N/A,N/A,N/A,N/A,N/A,N/A,N/A,N/A,N/A,N/A,N/A,N/A,N/A,N/A,N/A,N/A
6H_I3,6,Herbicide,3,2,2021,9/15/2021,MM,N/A,292,5,1,2,T,1,2,0,0,1,7,9,16,,1,N/A,N/A
6H_I3,6,Herbicide,3,2,2022,9/24/2022,RS,N/A,N/A,5,1,1,0,2,0,0,0,2,5,15,16,,1,N/A,Ungrazed
6H_I4,6,Herbicide,4,2,2020,N/A,N/A,N/A,N/A,N/A,N/A,N/A,N/A,N/A,N/A,N/A,N/A,N/A,N/A,N/A,N/A,N/A,N/A,N/A,N/A
6H_I4,6,Herbicide,4,2,2021,9/15/2021,MM,N/A,270,4,1,1,1,2,2,0,0,2,3,4,15,Used nearest interspace,2,N/A,N/A
6H_I4,6,Herbicide,4,2,2022,9/24/2022,RS,N/A,N/A,5,1,1,1,1,0,0,0,2,5,6,9,,2,N/A,Ungrazed
6H_I5,6,Herbicide,5,3,2020,N/A,N/A,N/A,N/A,N/A,N/A,N/A,N/A,N/A,N/A,N/A,N/A,N/A,N/A,N/A,N/A,N/A,N/A,N/A,N/A
6H_I5,6,Herbicide,5,3,2021,9/15/2021,MR,N/A,17,5,1,1,1,2,2,0,0,1,4,6,15,,0,N/A,N/A
6H_I5,6,Herbicide,5,3,2022,9/24/2022,RS,N/A,N/A,5,1,1,1,2,1,0,0,2,3,9,10,,1,N/A,Ungrazed
6H_I6,6,Herbicide,6,3,2020,N/A,N/A,N/A,N/A,N/A,N/A,N/A,N/A,N/A,N/A,N/A,N/A,N/A,N/A,N/A,N/A,N/A,N/A,N/A,N/A
6H_I6,6,Herbicide,6,3,2021,9/15/2021,DH,N/A,346,5,1,T,T,1,1,T,0,4,10,14,16,,0,N/A,N/A
6H_I6,6,Herbicide,6,3,2022,9/24/2022,RS,N/A,N/A,6,1,1,T,1,T,0,0,3,7,8,15,,1,N/A,Ungrazed
7C_I1,7,Control,1,1,2020,N/A,N/A,N/A,N/A,N/A,N/A,N/A,N/A,N/A,N/A,N/A,N/A,N/A,N/A,N/A,N/A,N/A,N/A,N/A,N/A
7C_I1,7,Control,1,1,2021,9/10/2021,MR,N/A,292,5,1,2,T,2,1,0,0,2,6,7,14,,0,N/A,N/A
7C_I1,7,Control,1,1,2022,9/24/2022,RS,N/A,N/A,5,2,1,T,1,2,0,0,2,9,12,15,,2,N/A,Ungrazed
7C_I2,7,Control,2,1,2020,N/A,N/A,N/A,N/A,N/A,N/A,N/A,N/A,N/A,N/A,N/A,N/A,N/A,N/A,N/A,N/A,N/A,N/A,N/A,N/A
7C_I2,7,Control,2,1,2021,9/10/2021,MR,SL,119,5,1,T,T,1,2,0,0,1,4,11,12,,0,N/A,N/A
7C_I2,7,Control,2,1,2022,9/24/2022,RS,N/A,N/A,5,1,1,0,1,2,T,0,1,2,7,11,,1,N/A,Ungrazed
7C_I3,7,Control,3,2,2020,N/A,N/A,N/A,N/A,N/A,N/A,N/A,N/A,N/A,N/A,N/A,N/A,N/A,N/A,N/A,N/A,N/A,N/A,N/A,N/A
7C_I3,7,Control,3,2,2021,9/9/2021,MR,N/A,221,5,1,T,0,T,1,2,0,1,8,12,16,,0,N/A,N/A
7C_I3,7,Control,3,2,2022,9/26/2022,RS,N/A,N/A,6,1,0,0,0,1,1,0,2,7,11,15,,0,N/A,Ungrazed
7C_I4,7,Control,4,2,2020,N/A,N/A,N/A,N/A,N/A,N/A,N/A,N/A,N/A,N/A,N/A,N/A,N/A,N/A,N/A,N/A,N/A,N/A,N/A,N/A
7C_I4,7,Control,4,2,2021,9/9/2021,MR,SL,341,5,1,1,T,1,1,0,0,6,8,9,12,,0,N/A,N/A
7C_I4,7,Control,4,2,2022,9/26/2022,RS,N/A,N/A,6,1,T,0,T,1,0,0,4,6,7,16,,1,N/A,Ungrazed
7C_I5,7,Control,5,3,2020,N/A,N/A,N/A,N/A,N/A,N/A,N/A,N/A,N/A,N/A,N/A,N/A,N/A,N/A,N/A,N/A,N/A,N/A,N/A,N/A
7C_I5,7,Control,5,3,2021,9/9/2021,DB,N/A,64,5,1,0,T,1,1,0,0,8,9,12,14,,0,N/A,N/A
7C_I5,7,Control,5,3,2022,9/26/2022,ELM,N/A,N/A,6,1,T,0,T,T,0,0,3,4,6,11,,T,N/A,Ungrazed
7C_I6,7,Control,6,3,2020,N/A,N/A,N/A,N/A,N/A,N/A,N/A,N/A,N/A,N/A,N/A,N/A,N/A,N/A,N/A,N/A,N/A,N/A,N/A,N/A
7C_I6,7,Control,6,3,2021,9/9/2021,DB,N/A,279,5,1,0,1,1,2,0,0,1,7,9,10,,0,N/A,N/A
7C_I6,7,Control,6,3,2022,9/26/2022,ELM,N/A,N/A,5,1,0,0,0,2,0,0,3,7,15,16,,2,N/A,Ungrazed
7H_I1,7,Herbicide,1,1,2020,N/A,N/A,N/A,N/A,N/A,N/A,N/A,N/A,N/A,N/A,N/A,N/A,N/A,N/A,N/A,N/A,N/A,N/A,N/A,N/A
7H_I1,7,Herbicide,1,1,2021,9/10/2021,RS,N/A,137,5,2,2,T,1,1,0,0,2,5,8,14,,0,N/A,N/A
7H_I1,7,Herbicide,1,1,2022,9/26/2022,ELM,N/A,N/A,4,2,2,T,2,1,0,0,9,10,11,13,,0,N/A,Ungrazed
7H_I2,7,Herbicide,2,1,2020,N/A,N/A,N/A,N/A,N/A,N/A,N/A,N/A,N/A,N/A,N/A,N/A,N/A,N/A,N/A,N/A,N/A,N/A,N/A,N/A
7H_I2,7,Herbicide,2,1,2021,9/10/2021,SL,N/A,228,5,1,1,T,1,1,0,0,2,9,12,13,,2,N/A,N/A
7H_I2,7,Herbicide,2,1,2022,9/26/2022,ELM,N/A,N/A,5,1,1,1,2,1,0,0,4,5,9,11,,2,N/A,Ungrazed
7H_I3,7,Herbicide,3,2,2020,N/A,N/A,N/A,N/A,N/A,N/A,N/A,N/A,N/A,N/A,N/A,N/A,N/A,N/A,N/A,N/A,N/A,N/A,N/A,N/A
7H_I3,7,Herbicide,3,2,2021,9/10/2021,MR,N/A,322,5,1,1,0,T,2,0,0,1,8,11,15,,0,N/A,N/A
7H_I3,7,Herbicide,3,2,2022,9/26/2022,RS,N/A,N/A,5,1,1,1,2,T,0,0,3,4,12,14,,1,N/A,Ungrazed
7H_I4,7,Herbicide,4,2,2020,N/A,N/A,N/A,N/A,N/A,N/A,N/A,N/A,N/A,N/A,N/A,N/A,N/A,N/A,N/A,N/A,N/A,N/A,N/A,N/A
7H_I4,7,Herbicide,4,2,2021,9/10/2021,MR,SL,166,5,1,2,1,2,2,0,1,6,9,13,14,,0,N/A,N/A
7H_I4,7,Herbicide,4,2,2022,9/26/2022,RS,N/A,N/A,4,1,1,1,3,0,0,0,13,14,15,16,,0,N/A,Ungrazed
7H_I5,7,Herbicide,5,3,2020,N/A,N/A,N/A,N/A,N/A,N/A,N/A,N/A,N/A,N/A,N/A,N/A,N/A,N/A,N/A,N/A,N/A,N/A,N/A,N/A
7H_I5,7,Herbicide,5,3,2021,9/11/2021,MR,N/A,82,5,1,0,T,0,1,0,0,1,3,9,10,,0,N/A,N/A
7H_I5,7,Herbicide,5,3,2022,9/26/2022,ELM,N/A,N/A,5,0,0,0,1,0,0,0,2,3,6,13,,1,N/A,Ungrazed
7H_I6,7,Herbicide,6,3,2020,N/A,N/A,N/A,N/A,N/A,N/A,N/A,N/A,N/A,N/A,N/A,N/A,N/A,N/A,N/A,N/A,N/A,N/A,N/A,N/A
7H_I6,7,Herbicide,6,3,2021,9/11/2021,MR,DB,149,5,1,1,1,2,1,0,0,1,6,11,13,,0,N/A,N/A
7H_I6,7,Herbicide,6,3,2022,9/26/2022,ELM,N/A,N/A,5,2,T,1,1,T,0,0,2,6,7,10,,0,N/A,Ungrazed
8C_I1,8,Control,1,1,2020,10/24/2020,MMR,N/A,204,4,2,0,3,1,T,0,0,1,3,10,13,,0,N/A,N/A
8C_I1,8,Control,1,1,2021,10/8/2021,MR,ELM,N/A,3,2,2,2,2,1,0,0,1,7,13,14,,0,N/A,N/A
8C_I1,8,Control,1,1,2022,10/7/2022,ELM,N/A,N/A,5,2,1,2,1,0,0,0,2,5,12,13,,0,N/A,Grazed
8C_I2,8,Control,2,1,2020,10/24/2020,DB,MMR,61,3,2,0,3,1,1,0,1,1,8,11,13,,0,N/A,N/A
8C_I2,8,Control,2,1,2021,10/8/2021,MR,ELM,N/A,3,2,1,2,2,2,0,1,2,3,9,10,,0,N/A,N/A
8C_I2,8,Control,2,1,2022,10/7/2022,ELM,N/A,N/A,5,2,0,1,1,1,0,1,1,8,10,11,,0,N/A,Grazed
8C_I3,8,Control,3,2,2020,10/24/2020,DB,N/A,330,4,2,0,2,1,1,0,0,8,9,12,14,Nearest avalbile interspace selected ,0,N/A,N/A
8C_I3,8,Control,3,2,2021,10/8/2021,MR,ELM,N/A,4,1,2,2,1,0,0,0,2,7,14,15,,0,N/A,N/A
8C_I3,8,Control,3,2,2022,10/7/2022,RS,N/A,N/A,5,2,T,2,T,0,0,0,3,6,15,16,,0,N/A,Grazed
8C_I4,8,Control,4,2,2020,10/24/2020,WB,N/A,19,5,1,0,1,T,0,0,0,2,5,14,15,,0,N/A,N/A
8C_I4,8,Control,4,2,2021,10/8/2021,MR,ELM,N/A,5,1,2,2,1,1,0,0,2,8,9,15,,0,N/A,N/A
8C_I4,8,Control,4,2,2022,10/7/2022,RS,N/A,N/A,5,1,T,1,0,T,0,0,3,5,7,9,,0,N/A,Grazed
8C_I5,8,Control,5,3,2020,10/24/2020,WB,N/A,33,5,2,0,2,1,1,0,0,2,3,11,14,,0,N/A,N/A
8C_I5,8,Control,5,3,2021,10/7/2021,MR,AI,N/A,4,1,2,1,2,T,0,0,6,10,13,16,,0,N/A,N/A
8C_I5,8,Control,5,3,2022,10/7/2022,ELM,N/A,N/A,5,2,2,1,1,0,0,0,5,12,14,16,,0,N/A,Grazed
8C_I6,8,Control,6,3,2020,10/24/2020,RS,N/A,100,3,2,0,3,2,1,0,0,1,4,8,10,Nearest avalbile interspace selected ,0,N/A,N/A
8C_I6,8,Control,6,3,2021,10/7/2021,MR,AI,N/A,4,1,2,3,1,2,0,0,3,7,12,14,,0,N/A,N/A
8C_I6,8,Control,6,3,2022,10/7/2022,ELM,N/A,N/A,4,2,0,2,1,1,0,0,10,11,13,14,,0,N/A,Grazed
8H_I1,8,Herbicide,1,1,2020,10/26/2020,AI,RS,159,2,2,0,4,2,1,0,0,5,6,11,16,,0,N/A,N/A
8H_I1,8,Herbicide,1,1,2021,10/6/2021,MR,ELM,N/A,3,2,1,3,2,0,0,0,1,4,15,16,,0,N/A,N/A
8H_I1,8,Herbicide,1,1,2022,10/7/2022,RS,N/A,N/A,3,2,1,3,1,0,0,0,3,10,13,15,,0,N/A,Grazed
8H_I2,8,Herbicide,2,1,2020,10/26/2020,AI,RS,241,2,2,0,3,2,0,0,0,1,3,13,14,,0,N/A,N/A
8H_I2,8,Herbicide,2,1,2021,10/6/2021,MR,ELM,N/A,3,2,2,3,2,0,0,0,8,11,13,14,,0,N/A,N/A
8H_I2,8,Herbicide,2,1,2022,10/7/2022,RS,N/A,N/A,3,2,1,3,2,0,0,0,3,10,13,15,,0,N/A,Grazed
8H_I3,8,Herbicide,3,2,2020,10/26/2020,MMR,EM,109,4,2,0,2,1,0,0,0,2,4,6,13,,0,N/A,N/A
8H_I3,8,Herbicide,3,2,2021,10/7/2021,MR,DB,N/A,4,2,0,2,0,0,0,0,2,8,13,14,,0,N/A,N/A
8H_I3,8,Herbicide,3,2,2022,10/7/2022,ELM,N/A,N/A,4,2,0,2,2,0,0,0,6,9,12,16,,0,N/A,Grazed
8H_I4,8,Herbicide,4,2,2020,10/26/2020,MME,EM,329,4,2,0,2,1,0,0,0,4,10,14,16,,0,N/A,N/A
8H_I4,8,Herbicide,4,2,2021,10/7/2021,MR,AI,N/A,4,1,1,2,2,T,0,0,7,8,11,15,,0,N/A,N/A
8H_I4,8,Herbicide,4,2,2022,10/7/2022,ELM,N/A,N/A,4,2,1,2,2,1,0,0,1,4,8,12,,0,N/A,Grazed
8H_I5,8,Herbicide,5,3,2020,10/26/2020,AI,N/A,132,3,2,0,4,2,1,0,0,1,4,6,15,,0,N/A,N/A
8H_I5,8,Herbicide,5,3,2021,10/7/2021,MR,N/A,N/A,4,2,1,3,1,0,0,0,1,4,11,12,,0,N/A,N/A
8H_I5,8,Herbicide,5,3,2022,10/5/2022,RS,N/A,N/A,3,2,1,3,1,0,0,0,8,10,13,15,,0,N/A,Grazed
8H_I6,8,Herbicide,6,3,2020,10/26/2020,AI,N/A,170,2,2,0,4,2,0,0,0,1,5,7,16,,0,N/A,N/A
8H_I6,8,Herbicide,6,3,2021,10/7/2021,MR,AI,N/A,3,2,1,3,2,0,0,0,6,7,13,15,,0,N/A,N/A
8H_I6,8,Herbicide,6,3,2022,10/5/2022,RS,N/A,N/A,3,3,2,2,1,0,0,0,3,6,9,10,,0,N/A,Grazed
9C_I1,9,Control,1,1,2020,11/2/2020,AI,MMR,17,5,2,0,2,1,1,0,0,2,3,13,16,,0,N/A,N/A
9C_I1,9,Control,1,1,2021,10/13/2021,MR,ELM,N/A,5,1,1,2,1,1,0,0,1,2,7,12,,0,N/A,N/A
9C_I1,9,Control,1,1,2022,10/8/2022,RS,N/A,N/A,4,2,0,1,0,2,0,0,4,6,9,10,,0,N/A,Grazed
9C_I2,9,Control,2,1,2020,11/2/2020,EM,MMR,338,5,1,0,2,T,T,0,1,1,4,9,10,,0,N/A,N/A
9C_I2,9,Control,2,1,2021,10/13/2021,MR,MM,N/A,5,1,1,1,T,1,0,0,3,5,6,7,,0,N/A,N/A
9C_I2,9,Control,2,1,2022,10/8/2022,RS,N/A,N/A,5,2,0,1,0,1,0,0,1,9,10,16,,0,N/A,Grazed
9C_I3,9,Control,3,2,2020,11/2/2020,MMR,EM,290,5,1,0,0,1,1,0,0,2,4,6,16,,0,N/A,N/A
9C_I3,9,Control,3,2,2021,10/13/2021,MR,ELM,N/A,5,1,1,1,1,1,0,0,1,2,10,14,,0,N/A,N/A
9C_I3,9,Control,3,2,2022,10/8/2022,RS,N/A,N/A,5,1,0,1,0,2,0,0,2,4,8,11,,0,N/A,Grazed
9C_I4,9,Control,4,2,2020,11/2/2020,MMR,AI,80,5,2,0,0,T,1,0,0,3,4,5,15,,0,N/A,N/A
9C_I4,9,Control,4,2,2021,10/13/2021,MR,ELM,N/A,4,1,3,0,2,2,0,0,2,4,7,16,,0,N/A,N/A
9C_I4,9,Control,4,2,2022,10/8/2022,RS,N/A,N/A,4,2,1,0,2,2,0,0,4,9,11,14,,0,N/A,Grazed
9C_I5,9,Control,5,3,2020,10/31/2020,RS,N/A,192,5,2,0,2,1,1,0,1,3,6,10,11,,0,N/A,N/A
9C_I5,9,Control,5,3,2021,10/14/2021,MR,AI,N/A,5,1,2,0,2,2,0,0,6,11,13,15,,0,N/A,N/A
9C_I5,9,Control,5,3,2022,10/7/2022,RS,N/A,N/A,4,2,0,1,0,2,0,0,10,12,15,16,,0,N/A,Grazed
9C_I6,9,Control,6,3,2020,10/31/2020,RS,N/A,247,4,2,0,2,1,1,0,0,2,3,5,12,,0,N/A,N/A
9C_I6,9,Control,6,3,2021,10/14/2021,MR,DB,N/A,4,1,2,2,2,2,0,0,2,10,15,16,,0,N/A,N/A
9C_I6,9,Control,6,3,2022,10/7/2022,RS,N/A,N/A,4,2,T,1,1,2,0,0,1,2,11,16,,0,N/A,Grazed
9H_I1,9,Herbicide,1,1,2020,10/31/2020,DB,N/A,5,4,2,0,2,1,1,0,3,4,5,6,13,,0,N/A,N/A
9H_I1,9,Herbicide,1,1,2021,10/13/2021,MR,ELM,N/A,4,2,2,2,1,T,0,2,3,8,13,15,,0,N/A,N/A
9H_I1,9,Herbicide,1,1,2022,10/8/2022,RS,N/A,N/A,4,2,2,2,2,0,0,0,7,9,14,16,,0,N/A,Grazed
9H_I2,9,Herbicide,2,1,2020,10/31/2020,DB,N/A,205,5,1,0,2,0,T,0,0,1,2,3,5,,0,N/A,N/A
9H_I2,9,Herbicide,2,1,2021,10/13/2021,MR,MM,N/A,5,1,2,2,1,1,0,T,4,5,9,11,,0,N/A,N/A
9H_I2,9,Herbicide,2,1,2022,10/8/2022,RS,N/A,N/A,4,2,1,2,0,1,0,0,1,5,7,9,,0,N/A,Grazed
9H_I3,9,Herbicide,3,2,2020,10/31/2020,RS,N/A,45,4,3,0,1,1,1,0,1,6,7,10,14,,0,N/A,N/A
9H_I3,9,Herbicide,3,2,2021,10/9/2021,MR,DB,N/A,4,1,2,1,2,0,0,1,2,3,6,12,,0,N/A,N/A
9H_I3,9,Herbicide,3,2,2022,10/8/2022,RS,N/A,N/A,5,2,0,1,1,0,0,0,8,11,12,15,,0,N/A,Grazed
9H_I4,9,Herbicide,4,2,2020,10/31/2020,KR,N/A,127,4,2,0,2,1,1,0,1,4,14,15,16,,0,N/A,N/A
9H_I4,9,Herbicide,4,2,2021,10/9/2021,MR,BW,N/A,4,1,2,1,T,0,0,1,3,4,8,12,,0,N/A,N/A
9H_I4,9,Herbicide,4,2,2022,10/8/2022,RS,N/A,N/A,5,2,2,1,0,1,0,0,1,5,7,14,,0,N/A,Grazed
9H_I5,9,Herbicide,5,3,2020,10/31/2020,RS,N/A,282,6,1,0,0,0,0,1,0,3,6,8,10,,0,N/A,N/A
9H_I5,9,Herbicide,5,3,2021,10/8/2021,MR,SL,N/A,5,1,1,1,T,T,0,0,3,5,12,14,,0,N/A,N/A
9H_I5,9,Herbicide,5,3,2022,10/8/2022,RS,N/A,N/A,5,1,1,T,1,2,0,0,2,4,8,15,,0,N/A,Grazed
9H_I6,9,Herbicide,6,3,2020,10/31/2020,RS,N/A,327,5,2,0,0,1,1,0,0,4,5,9,12,,0,N/A,N/A
9H_I6,9,Herbicide,6,3,2021,10/8/2021,MR,SL,N/A,5,1,T,1,1,1,0,0,1,4,8,15,,0,N/A,N/A
9H_I6,9,Herbicide,6,3,2022,10/8/2022,RS,N/A,N/A,6,1,T,0,0,0,0,0,2,11,12,15,,0,N/A,Grazed
10C_I1,10,Control,1,1,2020,11/13/2020,JR,N/A,180,2,2,0,4,T,0,0,0,2,5,7,10,,0,N/A,N/A
10C_I1,10,Control,1,1,2021,10/28/2021,TT,N/A,N/A,2,2,0,4,T,1,0,1,1,8,12,16,,0,N/A,N/A
10C_I1,10,Control,1,1,2022,10/12/2022,RS,N/A,N/A,4,2,0,3,0,1,0,1,6,9,10,11,,0,N/A,Grazed
10C_I2,10,Control,2,1,2020,11/13/2020,JR,N/A,142,2,2,0,4,1,2,0,0,4,7,10,11,,0,N/A,N/A
10C_I2,10,Control,2,1,2021,10/28/2021,TT,N/A,N/A,2,2,2,3,2,1,0,0,2,5,6,14,,0,N/A,N/A
10C_I2,10,Control,2,1,2022,10/12/2022,RS,N/A,N/A,4,2,0,3,0,2,0,0,2,5,11,13,,0,N/A,Grazed
10C_I3,10,Control,3,2,2020,11/13/2020,JR,N/A,195,2,2,0,4,1,T,1,0,3,5,6,9,,0,N/A,N/A
10C_I3,10,Control,3,2,2021,10/28/2021,AI,MR,N/A,3,2,2,3,1,1,0,0,5,9,10,11,,0,N/A,N/A
10C_I3,10,Control,3,2,2022,10/12/2022,ELM,N/A,N/A,3,3,0,3,1,2,0,0,3,4,8,13,,0,N/A,Grazed
10C_I4,10,Control,4,2,2020,11/13/2020,JR,N/A,97,3,2,0,4,T,0,0,0,5,9,11,13,,0,N/A,N/A
10C_I4,10,Control,4,2,2021,10/28/2021,AI,MR,N/A,3,2,1,3,2,0,0,0,2,5,6,15,,0,N/A,N/A
10C_I4,10,Control,4,2,2022,10/12/2022,ELM,N/A,N/A,4,2,0,3,1,0,0,0,6,10,11,15,,0,N/A,Grazed
10C_I5,10,Control,5,3,2020,11/11/2020,AI,MMR,188,5,2,0,2,0,0,1,0,1,4,8,13,,0,N/A,N/A
10C_I5,10,Control,5,3,2021,10/28/2021,TT,N/A,N/A,4,2,1,2,2,0,0,0,3,6,10,13,,0,N/A,N/A
10C_I5,10,Control,5,3,2022,10/12/2022,RS,N/A,N/A,5,2,0,2,0,0,1,0,2,12,13,14,,0,N/A,Grazed
10C_I6,10,Control,6,3,2020,11/11/2020,AI,MMR,103,4,1,0,3,0,0,0,0,3,4,5,9,,0,N/A,N/A
10C_I6,10,Control,6,3,2021,10/28/2021,TT,N/A,N/A,4,1,0,3,1,0,0,0,3,6,7,10,,0,N/A,N/A
10C_I6,10,Control,6,3,2022,10/12/2022,RS,N/A,N/A,4,2,0,2,0,0,0,0,2,6,13,14,,0,N/A,Grazed
10H_I1,10,Herbicide,1,1,2020,11/13/2020,RS,N/A,147,4,2,0,3,1,0,0,0,2,6,11,13,,0,N/A,N/A
10H_I1,10,Herbicide,1,1,2021,10/27/2021,TT,N/A,N/A,4,1,0,3,1,T,0,0,2,8,9,16,,0,N/A,N/A
10H_I1,10,Herbicide,1,1,2022,10/12/2022,ELM,N/A,N/A,4,2,0,2,1,0,0,0,7,9,14,15,,0,N/A,Grazed
10H_I2,10,Herbicide,2,1,2020,11/13/2020,JR,N/A,298,5,1,0,0,0,0,0,2,6,7,10,13,,0,N/A,N/A
10H_I2,10,Herbicide,2,1,2021,10/27/2021,TT,ELM,N/A,5,1,1,T,1,0,0,2,2,10,12,15,,0,N/A,N/A
10H_I2,10,Herbicide,2,1,2022,10/12/2022,ELM,N/A,N/A,5,1,0,1,0,0,0,T,3,7,15,16,,1,N/A,Grazed
10H_I3,10,Herbicide,3,2,2020,11/14/2020,DB,MMR,20,5,2,0,1,T,1,0,0,1,4,9,16,,0,N/A,N/A
10H_I3,10,Herbicide,3,2,2021,10/27/2021,TT,N/A,N/A,3,3,2,1,1,1,0,0,1,2,8,10,,0,N/A,N/A
10H_I3,10,Herbicide,3,2,2022,10/12/2022,RS,N/A,N/A,4,2,2,2,2,0,0,0,4,5,9,14,,0,N/A,Grazed
10H_I4,10,Herbicide,4,2,2020,11/14/2020,DB,MMR,323,4,2,0,2,0,1,0,0,5,7,13,16,,0,N/A,N/A
10H_I4,10,Herbicide,4,2,2021,10/27/2021,TT,N/A,N/A,4,2,2,3,2,1,0,0,9,11,13,15,,0,N/A,N/A
10H_I4,10,Herbicide,4,2,2022,10/12/2022,RS,N/A,N/A,5,2,0,2,1,0,0,0,4,13,15,16,PVC marker bent,0,N/A,Grazed
10H_I5,10,Herbicide,5,3,2020,11/14/2020,DB,N/A,96,2,2,0,4,1,1,0,0,1,6,7,13,,0,N/A,N/A
10H_I5,10,Herbicide,5,3,2021,10/27/2021,TT,ELM,N/A,2,2,1,4,3,0,0,0,8,10,11,13,,0,N/A,N/A
10H_I5,10,Herbicide,5,3,2022,10/12/2022,ELM,N/A,N/A,4,2,1,2,1,1,0,0,8,10,14,15,,0,N/A,Grazed
10H_I6,10,Herbicide,6,3,2020,11/14/2020,DB,N/A,262,3,2,0,3,1,0,0,0,2,4,5,14,,0,N/A,N/A
10H_I6,10,Herbicide,6,3,2021,10/27/2021,TT,ELM,N/A,3,2,1,3,2,0,0,0,1,3,5,14,,0,N/A,N/A
10H_I6,10,Herbicide,6,3,2022,10/12/2022,ELM,N/A,N/A,3,2,0,3,1,0,0,0,3,4,10,15,,0,N/A,Grazed
11C_I1,11,Control,1,1,2020,10/17/2020,MMR,N/A,39,5,2,0,1,1,T,0,0,8,9,11,15,,0,N/A,N/A
11C_I1,11,Control,1,1,2021,9/25/2021,DB,N/A,N/A,4,2,1,1,2,1,1,0,6,7,10,16,,0,N/A,N/A
11C_I1,11,Control,1,1,2022,10/1/2022,RS,N/A,N/A,5,2,1,1,1,1,1,0,1,8,11,14,Ant colont on plot edge,0,N/A,Grazed
11C_I2,11,Control,2,1,2020,10/17/2020,MMR,N/A,12,5,1,0,T,1,T,0,0,6,9,13,14,,0,N/A,N/A
11C_I2,11,Control,2,1,2021,9/25/2021,RS,N/A,N/A,4,1,2,T,2,1,0,0,3,6,8,11,,0,N/A,N/A
11C_I2,11,Control,2,1,2022,10/1/2022,RS,N/A,N/A,5,2,1,T,2,2,0,0,2,6,12,14,,1,N/A,Grazed
11C_I3,11,Control,3,2,2020,10/16/2020,KR,N/A,318,4,2,0,2,1,1,0,0,2,11,12,14,,0,N/A,N/A
11C_I3,11,Control,3,2,2021,9/25/2021,DH,N/A,N/A,3,2,2,2,2,1,0,0,3,8,9,11,,0,N/A,N/A
11C_I3,11,Control,3,2,2022,10/1/2022,RS,N/A,N/A,5,2,1,1,1,1,0,0,2,5,6,14,,0,N/A,Grazed
11C_I4,11,Control,4,2,2020,10/16/2020,KR,DH,150,3,2,0,4,2,T,0,0,2,7,14,15,,0,N/A,N/A
11C_I4,11,Control,4,2,2021,9/25/2021,DH,N/A,N/A,3,2,1,3,2,1,0,0,1,3,14,16,,0,N/A,N/A
11C_I4,11,Control,4,2,2022,10/1/2022,RS,N/A,N/A,4,3,0,2,1,0,0,0,3,5,12,16,,0,N/A,Grazed
11C_I5,11,Control,5,3,2020,10/16/2020,KR,N/A,142,4,2,0,1,1,1,1,0,6,7,9,13,,0,N/A,N/A
11C_I5,11,Control,5,3,2021,9/25/2021,MR,ELM,N/A,4,1,2,1,3,2,0,0,3,8,9,10,,0,N/A,N/A
11C_I5,11,Control,5,3,2022,10/2/2022,RS,N/A,N/A,5,2,1,1,1,T,0,0,3,9,14,15,"PVC marker uprooted, replace as best as possible",0,N/A,Grazed
11C_I6,11,Control,6,3,2020,10/16/2020,KR,N/A,224,5,1,0,1,1,T,0,0,2,9,12,14,,0,N/A,N/A
11C_I6,11,Control,6,3,2021,9/25/2021,MR,ELM,N/A,4,1,2,2,2,2,0,0,4,13,14,16,,0,N/A,N/A
11C_I6,11,Control,6,3,2022,10/2/2022,RS,N/A,N/A,5,2,T,2,1,0,0,0,3,4,10,11,,0,N/A,Grazed
11H_I1,11,Herbicide,1,1,2020,10/14/2020,MMR,EM,141,4,2,0,2,1,0,0,0,5,8,11,15,,0,N/A,N/A
11H_I1,11,Herbicide,1,1,2021,9/29/2021,RS,ELM,N/A,3,2,2,2,2,T,0,0,2,3,11,15,,0,N/A,N/A
11H_I1,11,Herbicide,1,1,2022,10/1/2022,RS,N/A,N/A,4,2,2,2,0,0,0,0,9,11,13,15,,0,N/A,Grazed
11H_I2,11,Herbicide,2,1,2020,10/14/2020,MMR,EM,43,5,2,0,2,1,0,0,0,2,3,7,16,,0,N/A,N/A
11H_I2,11,Herbicide,2,1,2021,9/29/2021,RS,ELM,N/A,4,2,2,2,2,1,0,0,4,5,9,12,,0,N/A,N/A
11H_I2,11,Herbicide,2,1,2022,10/1/2022,RS,N/A,N/A,5,2,2,1,1,1,0,0,4,6,11,15,,0,N/A,Grazed
11H_I3,11,Herbicide,3,2,2020,10/14/2020,MMR,EM,211,4,3,0,2,T,0,0,0,5,12,15,16,,0,N/A,N/A
11H_I3,11,Herbicide,3,2,2021,9/29/2021,MR,ELM,N/A,4,1,2,1,3,0,0,0,2,4,11,15,,0,N/A,N/A
11H_I3,11,Herbicide,3,2,2022,10/1/2022,RS,N/A,N/A,4,2,3,1,1,0,0,0,3,5,13,15,,0,N/A,Grazed
11H_I4,11,Herbicide,4,2,2020,10/14/2020,MMR,EM,188,4,2,0,1,2,T,2,0,5,8,10,16,,0,N/A,N/A
11H_I4,11,Herbicide,4,2,2021,9/29/2021,MR,ELM,N/A,3,1,2,1,2,1,2,0,7,11,12,15,,0,N/A,N/A
11H_I4,11,Herbicide,4,2,2022,10/1/2022,RS,N/A,N/A,4,2,2,1,1,0,2,0,4,10,11,15,Fresh pile of cattle manure in plot,0,N/A,Grazed
11H_I5,11,Herbicide,5,3,2020,10/14/2020,RS,N/A,46,3,3,0,2,T,2,0,0,8,9,12,16,,0,N/A,N/A
11H_I5,11,Herbicide,5,3,2021,9/25/2021,RS,ELM,N/A,4,2,2,2,2,T,0,0,2,13,15,16,,0,N/A,N/A
11H_I5,11,Herbicide,5,3,2022,10/1/2022,RS,N/A,N/A,3,2,3,2,0,0,0,0,5,10,11,14,,0,N/A,Grazed
11H_I6,11,Herbicide,6,3,2020,10/14/2020,RS,N/A,198,2,3,0,4,T,1,2,0,2,13,14,16,,0,N/A,N/A
11H_I6,11,Herbicide,6,3,2021,9/25/2021,RS,N/A,N/A,3,2,T,3,2,0,2,1,2,3,6,7,,0,N/A,N/A
11H_I6,11,Herbicide,6,3,2022,10/1/2022,RS,N/A,N/A,3,3,1,3,1,0,1,0,3,7,11,15,,0,N/A,Grazed
12C_I1,12,Control,1,1,2020,10/19/2020,MMR,N/A,329,3,2,0,2,T,1,3,0,2,6,11,12,,0,N/A,N/A
12C_I1,12,Control,1,1,2021,10/1/2021,RS,N/A,N/A,4,2,1,2,3,2,2,0,1,5,10,12,,0,N/A,N/A
12C_I1,12,Control,1,1,2022,10/2/2022,RS,N/A,N/A,3,2,1,2,2,2,2,0,2,8,9,10,,0,N/A,Grazed
12C_I2,12,Control,2,1,2020,10/19/2020,EM,MMR,222,2,2,0,2,2,1,2,0,1,4,7,14,,0,N/A,N/A
12C_I2,12,Control,2,1,2021,10/1/2021,RS,N/A,N/A,3,2,2,2,2,1,3,0,9,14,15,16,,0,N/A,N/A
12C_I2,12,Control,2,1,2022,10/2/2022,RS,N/A,N/A,3,2,1,2,0,0,3,0,3,5,8,10,,0,N/A,Grazed
12C_I3,12,Control,3,2,2020,10/19/2020,EM,N/A,206,3,3,0,3,1,1,0,0,1,4,7,14,,0,N/A,N/A
12C_I3,12,Control,3,2,2021,10/1/2021,RS,MR,N/A,4,2,1,2,2,2,0,0,3,4,14,15,,0,N/A,N/A
12C_I3,12,Control,3,2,2022,10/3/2022,ELM,N/A,N/A,4,3,2,2,1,1,0,0,2,5,6,8,,0,N/A,Grazed
12C_I4,12,Control,4,2,2020,10/19/2020,RS,N/A,214,2,2,0,4,2,1,0,0,1,8,11,14,,0,N/A,N/A
12C_I4,12,Control,4,2,2021,10/1/2021,RS,MR,N/A,3,1,1,3,2,2,T,0,2,3,8,13,,0,N/A,N/A
12C_I4,12,Control,4,2,2022,10/3/2022,ELM,N/A,N/A,4,2,1,3,0,1,0,0,3,12,13,14,,0,N/A,Grazed
12C_I5,12,Control,5,3,2020,10/19/2020,RS,EM,206,4,3,0,2,2,1,0,0,3,7,13,14,,0,N/A,N/A
12C_I5,12,Control,5,3,2021,10/1/2021,RS,SL,N/A,4,2,1,2,2,1,1,0,6,8,13,15,,0,N/A,N/A
12C_I5,12,Control,5,3,2022,10/3/2022,RS,N/A,N/A,5,2,T,1,2,0,0,0,1,3,6,7,,0,N/A,Grazed
12C_I6,12,Control,6,3,2020,10/19/2020,AF,MMR,69,5,2,0,2,1,1,2,0,6,13,14,15,,0,N/A,N/A
12C_I6,12,Control,6,3,2021,10/1/2021,RS,SL,N/A,4,2,1,1,2,1,2,0,1,5,7,13,,0,N/A,N/A
12C_I6,12,Control,6,3,2022,10/4/2022,RS,N/A,N/A,4,2,2,1,1,0,2,0,1,2,6,16,,0,N/A,Grazed
12H_I1,12,Herbicide,1,1,2020,10/19/2020,EM,RS,321,2,2,0,4,2,2,1,0,8,13,14,15,,0,N/A,N/A
12H_I1,12,Herbicide,1,1,2021,9/29/2021,MR,ELM,N/A,3,2,0,2,3,0,1,0,2,3,7,11,,0,N/A,N/A
12H_I1,12,Herbicide,1,1,2022,10/4/2022,ELM,N/A,N/A,4,2,2,2,1,1,0,0,1,6,11,15,,0,N/A,Grazed
12H_I2,12,Herbicide,2,1,2020,10/19/2020,RS,N/A,248,2,2,0,4,1,1,0,0,2,4,13,16,,0,N/A,N/A
12H_I2,12,Herbicide,2,1,2021,9/29/2021,MR,ELM,N/A,3,2,1,3,1,0,0,0,2,4,7,8,,0,N/A,N/A
12H_I2,12,Herbicide,2,1,2022,10/4/2022,ELM,N/A,N/A,3,2,2,2,1,0,0,0,2,5,10,11,,0,N/A,Grazed
12H_I3,12,Herbicide,3,2,2020,10/17/2020,MMR,N/A,29,3,2,0,3,1,1,0,0,4,6,13,14,,0,N/A,N/A
12H_I3,12,Herbicide,3,2,2021,9/29/2021,RS,AI,N/A,4,2,2,3,2,0,0,0,2,8,11,14,,0,N/A,N/A
12H_I3,12,Herbicide,3,2,2022,10/4/2022,RS,N/A,N/A,3,2,2,3,1,0,0,0,6,9,12,13,,0,N/A,Grazed
12H_I4,12,Herbicide,4,2,2020,10/17/2020,MMR,N/A,22,3,2,0,1,1,1,3,0,1,7,11,14,Used only viable interspace ,0,N/A,N/A
12H_I4,12,Herbicide,4,2,2021,9/29/2021,RS,AI,N/A,4,2,2,1,2,1,3,0,1,4,6,16,,0,N/A,N/A
12H_I4,12,Herbicide,4,2,2022,10/4/2022,RS,N/A,N/A,4,2,2,1,2,0,2,0,1,7,10,14,,0,N/A,Grazed
12H_I5,12,Herbicide,5,3,2020,10/17/2020,DB,N/A,290,5,2,0,1,0,T,0,0,2,5,9,12,,0,N/A,N/A
12H_I5,12,Herbicide,5,3,2021,9/29/2021,RS,N/A,N/A,5,2,2,1,1,1,0,0,2,10,11,12,,0,N/A,N/A
12H_I5,12,Herbicide,5,3,2022,10/4/2022,ELM,N/A,N/A,4,2,2,2,0,0,0,0,2,1,12,15,,0,N/A,Grazed
12H_I6,12,Herbicide,6,3,2020,10/17/2020,RS,N/A,183,2,2,0,4,2,0,1,0,2,10,12,16,,0,N/A,N/A
12H_I6,12,Herbicide,6,3,2021,9/29/2021,RS,N/A,N/A,2,2,1,3,2,2,1,0,1,7,9,14,,0,N/A,N/A
12H_I6,12,Herbicide,6,3,2022,10/4/2022,ELM,N/A,N/A,3,2,2,3,0,0,T,0,3,6,7,11,,0,N/A,Grazed
13C_I1,13,Control,1,1,2020,10/24/2020,MMR,WB,72,5,1,0,1,T,1,0,0,2,3,4,13,,0,N/A,N/A
13C_I1,13,Control,1,1,2021,10/5/2021,MR,N/A,N/A,4,1,3,2,1,1,0,0,3,4,7,12,,0,N/A,N/A
13C_I1,13,Control,1,1,2022,10/4/2022,RS,N/A,N/A,5,2,1,1,1,1,0,0,1,6,13,15,,0,N/A,Grazed
13C_I2,13,Control,2,1,2020,10/24/2020,WB,N/A,0,4,2,0,3,T,1,0,0,1,8,12,15,,0,N/A,N/A
13C_I2,13,Control,2,1,2021,10/5/2021,MR,N/A,N/A,4,1,2,2,2,T,0,0,3,7,9,14,,0,N/A,N/A
13C_I2,13,Control,2,1,2022,10/4/2022,RS,N/A,N/A,4,3,2,1,2,1,0,0,7,8,13,14,,0,N/A,Grazed
13C_I3,13,Control,3,2,2020,10/21/2020,SS,RS,318,4,3,0,2,1,3,2,0,4,7,12,16,,0,N/A,N/A
13C_I3,13,Control,3,2,2021,10/5/2021,RS,N/A,N/A,4,2,2,T,1,1,2,0,2,9,12,14,,0,N/A,N/A
13C_I3,13,Control,3,2,2022,10/4/2022,ELM,N/A,N/A,3,3,1,1,2,0,2,0,9,10,14,15,,0,N/A,Grazed
13C_I4,13,Control,4,2,2020,10/21/2020,SS,MMR,273,5,1,0,0,0,1,1,0,7,8,9,13,,0,N/A,N/A
13C_I4,13,Control,4,2,2021,10/5/2021,RS,N/A,N/A,5,2,2,1,2,1,0,0,3,10,13,14,,0,N/A,N/A
13C_I4,13,Control,4,2,2022,10/4/2022,ELM,N/A,N/A,5,2,1,2,T,T,0,0,1,5,6,16,,0,N/A,Grazed
13C_I5,13,Control,5,3,2020,10/21/2020,SS,N/A,350,5,1,0,2,1,1,0,0,1,4,8,13,,0,N/A,N/A
13C_I5,13,Control,5,3,2021,10/6/2021,MR,RS,N/A,4,1,2,2,2,1,0,0,1,6,13,16,,0,N/A,N/A
13C_I5,13,Control,5,3,2022,10/5/2022,RS,N/A,N/A,4,2,1,2,0,0,0,0,1,3,4,16,,0,N/A,Grazed
13C_I6,13,Control,6,3,2020,10/21/2020,SS,N/A,359,5,2,0,0,T,1,0,0,3,7,10,13,,0,N/A,N/A
13C_I6,13,Control,6,3,2021,10/6/2021,MR,RS,N/A,3,2,2,1,2,T,0,0,3,10,13,16,,0,N/A,N/A
13C_I6,13,Control,6,3,2022,10/5/2022,RS,N/A,N/A,5,2,1,0,T,T,0,0,1,10,12,14,,0,N/A,Grazed
13H_I1,13,Herbicide,1,1,2020,10/21/2020,MMR,EM,241,3,2,0,3,0,0,T,0,8,10,11,13,,0,N/A,N/A
13H_I1,13,Herbicide,1,1,2021,10/5/2021,AI,RS,N/A,4,2,1,3,2,T,1,0,3,6,7,12,,0,N/A,N/A
13H_I1,13,Herbicide,1,1,2022,10/5/2022,ELM,N/A,N/A,4,2,1,3,2,0,0,0,7,8,13,14,,0,N/A,Grazed
13H_I2,13,Herbicide,2,1,2020,10/21/2020,MR,EM,340,6,1,0,T,0,T,0,0,1,2,4,16,Only large enough avalible interspace ,0,N/A,N/A
13H_I2,13,Herbicide,2,1,2021,10/5/2021,RS,AI,N/A,5,1,2,1,2,0,0,0,1,2,13,16,,0,N/A,N/A
13H_I2,13,Herbicide,2,1,2022,10/5/2022,ELM,N/A,N/A,4,2,2,T,3,0,0,0,1,4,10,15,,0,N/A,Grazed
13H_I3,13,Herbicide,3,2,2020,10/21/2020,DH,N/A,324,4,1,0,2,T,1,2,0,12,9,15,16,,0,N/A,N/A
13H_I3,13,Herbicide,3,2,2021,10/2/2021,RS,N/A,N/A,4,1,2,2,1,1,2,0,11,13,14,16,,0,N/A,N/A
13H_I3,13,Herbicide,3,2,2022,10/5/2022,RS,N/A,N/A,3,2,1,2,2,0,2,0,1,11,12,13,,0,N/A,Grazed
13H_I4,13,Herbicide,4,2,2020,10/21/2020,DH,RS,350,3,2,0,3,0,T,0,0,5,9,15,16,,0,N/A,N/A
13H_I4,13,Herbicide,4,2,2021,10/2/2021,RS,N/A,N/A,4,2,2,2,2,0,0,0,2,5,13,16,,0,N/A,N/A
13H_I4,13,Herbicide,4,2,2022,10/5/2022,RS,N/A,N/A,3,2,2,3,3,0,0,0,1,6,13,16,,0,N/A,Grazed
13H_I5,13,Herbicide,5,3,2020,10/21/2020,DH,N/A,15,4,2,0,3,T,0,2,0,5,6,8,12,,0,N/A,N/A
13H_I5,13,Herbicide,5,3,2021,10/2/2021,MR,N/A,N/A,4,1,1,2,2,0,2,0,6,9,10,12,,0,N/A,N/A
13H_I5,13,Herbicide,5,3,2022,10/5/2022,ELM,N/A,N/A,3,3,0,1,3,1,1,0,1,5,10,13,Shrub is dead,0,N/A,Grazed
13H_I6,13,Herbicide,6,3,2020,10/21/2020,RS,N/A,284,3,2,0,3,1,1,0,0,1,3,6,12,,0,N/A,N/A
13H_I6,13,Herbicide,6,3,2021,10/2/2021,MR,N/A,N/A,4,2,2,2,2,1,0,0,2,3,4,12,,0,N/A,N/A
13H_I6,13,Herbicide,6,3,2022,10/5/2022,ELM,N/A,N/A,3,2,2,2,3,1,0,0,1,9,11,12,,0,N/A,Grazed
14C_I1,14,Control,1,1,2020,9/28/2020,EM,N/A,313,5,1,0,0,0,2,0,2,2,5,7,14,,0,N/A,N/A
14C_I1,14,Control,1,1,2021,9/9/2021,N/A,N/A,N/A,4,1,2,1,1,2,1,1,1,2,11,13,Initials not written down,0,N/A,N/A
14C_I1,14,Control,1,1,2022,9/19/2022,RS,N/A,N/A,4,1,T,1,1,2,1,0,3,9,12,16,,0,N/A,Ungrazed
14C_I2,14,Control,2,1,2020,9/28/2020,EM,N/A,206,5,1,0,0,0,1,0,2,3,4,8,13,,0,N/A,N/A
14C_I2,14,Control,2,1,2021,9/9/2021,N/A,N/A,N/A,3,T,2,T,2,2,0,2,3,10,13,15,Initials not written down,0,N/A,N/A
14C_I2,14,Control,2,1,2022,9/19/2022,RS,N/A,N/A,4,2,T,1,1,2,0,0,2,5,10,11,,0,N/A,Ungrazed
14C_I3,14,Control,3,2,2020,9/28/2020,EM,N/A,306,6,T,0,0,0,1,0,0,1,5,6,12,,0,N/A,N/A
14C_I3,14,Control,3,2,2021,9/9/2021,MR,AI,N/A,5,1,0,1,1,1,0,0,6,9,10,11,,0,N/A,N/A
14C_I3,14,Control,3,2,2022,9/19/2022,ELM,N/A,N/A,5,1,0,1,T,2,0,0,3,8,9,14,,1,N/A,Ungrazed
14C_I4,14,Control,4,2,2020,9/28/2020,RS,N/A,1,3,1,0,1,0,0,3,2,4,6,7,11,,0,N/A,N/A
14C_I4,14,Control,4,2,2021,9/9/2021,MR,DB,N/A,3,1,2,1,2,1,3,0,8,9,12,16,,0,N/A,N/A
14C_I4,14,Control,4,2,2022,9/19/2022,ELM,N/A,N/A,4,2,T,1,1,2,3,0,2,4,6,7,,0,N/A,Ungrazed
14C_I5,14,Control,5,3,2020,9/28/2020,EM,N/A,91,6,1,0,0,T,T,0,0,1,3,9,15,,0,N/A,N/A
14C_I5,14,Control,5,3,2021,9/9/2021,RS,AI,N/A,4,1,1,T,3,1,0,0,2,5,6,14,,0,N/A,N/A
14C_I5,14,Control,5,3,2022,9/19/2022,ELM,N/A,N/A,5,1,0,1,2,2,0,0,8,9,14,15,,0,N/A,Ungrazed
14C_I6,14,Control,6,3,2020,9/28/2020,RS,N/A,265,6,1,0,1,0,1,0,0,3,11,14,16,,0,N/A,N/A
14C_I6,14,Control,6,3,2021,9/9/2021,RS,AI,N/A,4,1,1,2,2,1,0,0,6,7,8,16,,0,N/A,N/A
14C_I6,14,Control,6,3,2022,9/19/2022,ELM,N/A,N/A,5,1,0,0,1,1,0,0,4,5,8,16,,0,N/A,Ungrazed
14H_I1,14,Herbicide,1,1,2020,9/30/2020,MMR,EM,247,6,T,0,0,0,0,0,0,2,7,9,14,,0,N/A,N/A
14H_I1,14,Herbicide,1,1,2021,9/7/2021,RS,AI,N/A,6,1,1,0,1,1,0,0,5,6,13,14,,0,N/A,N/A
14H_I1,14,Herbicide,1,1,2022,9/19/2022,ELM,N/A,N/A,5,1,1,T,1,0,0,0,8,12,13,14,,1,N/A,Ungrazed
14H_I2,14,Herbicide,2,1,2020,9/30/2020,MMR,EM,270,5,1,0,2,0,0,0,0,2,12,14,15,,0,N/A,N/A
14H_I2,14,Herbicide,2,1,2021,9/7/2021,N/A,N/A,N/A,2,1,3,1,3,1,1,0,2,4,13,15,Shrub is PRGL2 seedlings,0,N/A,N/A
14H_I2,14,Herbicide,2,1,2022,9/19/2022,ELM,N/A,N/A,3,1,3,2,3,T,0,0,6,11,12,14,,0,N/A,Ungrazed
14H_I3,14,Herbicide,3,2,2020,9/28/2020,MMR,EM,108,5,1,0,1,0,0,0,0,1,7,13,16,,0,N/A,N/A
14H_I3,14,Herbicide,3,2,2021,9/7/2021,MR,MW,N/A,4,T,1,1,3,0,0,0,2,8,9,12,,0,N/A,N/A
14H_I3,14,Herbicide,3,2,2022,9/19/2022,ELM,N/A,N/A,5,1,T,0,2,0,0,0,4,6,8,13,,0,N/A,Ungrazed
14H_I4,14,Herbicide,4,2,2020,9/28/2020,MMR,EM,221,5,1,0,0,0,1,0,0,6,8,13,16,,0,N/A,N/A
14H_I4,14,Herbicide,4,2,2021,9/7/2021,MR,AI,N/A,4,1,2,T,2,2,T,0,4,8,11,14,MW also helped sample,0,N/A,N/A
14H_I4,14,Herbicide,4,2,2022,9/19/2022,ELM,N/A,N/A,5,1,1,0,2,0,0,0,5,9,10,14,,0,N/A,Ungrazed
14H_I5,14,Herbicide,5,3,2020,9/28/2020,MMR,EM,78,5,1,0,1,0,1,0,1,2,4,9,11,,0,N/A,N/A
14H_I5,14,Herbicide,5,3,2021,9/8/2021,MR,MM,N/A,3,1,3,0,2,2,0,1,5,9,10,16,,0,N/A,N/A
14H_I5,14,Herbicide,5,3,2022,9/19/2022,ELM,N/A,N/A,4,2,2,1,1,T,0,0,6,7,11,16,,0,N/A,Ungrazed
14H_I6,14,Herbicide,6,3,2020,9/28/2020,MMR,EM,178,4,1,0,0,0,2,0,0,5,7,9,10,,0,N/A,N/A
14H_I6,14,Herbicide,6,3,2021,9/8/2021,MR,MM,N/A,3,1,2,2,2,3,0,0,1,3,4,11,,0,N/A,N/A
14H_I6,14,Herbicide,6,3,2022,9/19/2022,ELM,N/A,N/A,3,2,3,1,2,0,0,0,3,1,13,14,,0,N/A,Ungrazed
15C_I1,15,Control,1,1,2020,9/25/2020,MMR,JR,286,6,1,0,0,0,T,0,0,3,12,14,15,,0,N/A,N/A
15C_I1,15,Control,1,1,2021,9/21/2021,MR,ELM,N/A,5,1,0,1,2,T,0,0,5,6,8,16,,0,N/A,N/A
15C_I1,15,Control,1,1,2022,9/28/2022,RS,N/A,N/A,6,1,0,0,1,0,0,0,6,10,14,16,,1,N/A,Ungrazed
15C_I2,15,Control,2,1,2020,9/25/2020,MMR,JR,157,6,T,0,0,0,1,0,0,2,3,4,12,,0,N/A,N/A
15C_I2,15,Control,2,1,2021,9/21/2021,MR,ELM,N/A,4,1,2,1,2,1,T,0,6,8,13,15,,0,N/A,N/A
15C_I2,15,Control,2,1,2022,9/28/2022,RS,N/A,N/A,5,1,0,0,1,2,1,0,5,7,8,13,,0,N/A,Ungrazed
15C_I3,15,Control,3,2,2020,9/26/2020,RS,DB,188,5,1,0,0,0,1,0,0,1,4,6,8,,0,N/A,N/A
15C_I3,15,Control,3,2,2021,9/21/2021,ELM,MR,N/A,4,1,2,1,2,2,1,0,2,9,11,12,,0,N/A,N/A
15C_I3,15,Control,3,2,2022,9/28/2022,ELM,N/A,N/A,5,1,T,T,1,2,1,0,3,13,15,16,,0,N/A,Ungrazed
15C_I4,15,Control,4,2,2020,9/26/2020,RS,DB,23,6,T,0,0,0,1,0,0,1,10,13,16,,0,N/A,N/A
15C_I4,15,Control,4,2,2021,9/21/2021,RS,MR,N/A,4,1,1,T,3,1,0,0,3,4,9,12,,0,N/A,N/A
15C_I4,15,Control,4,2,2022,9/28/2022,ELM,N/A,N/A,5,1,0,0,0,2,0,0,1,11,12,15,,0,N/A,Ungrazed
15C_I5,15,Control,5,3,2020,9/26/2020,RS,DB,173,5,1,0,0,0,1,0,0,3,4,8,11,,0,N/A,N/A
15C_I5,15,Control,5,3,2021,9/21/2021,RS,MR,N/A,5,1,1,0,2,1,1,1,1,2,6,11,,0,N/A,N/A
15C_I5,15,Control,5,3,2022,9/28/2022,RS,N/A,N/A,5,1,0,1,1,2,1,0,1,4,5,13,,0,N/A,Ungrazed
15C_I6,15,Control,6,3,2020,9/26/2020,RS,DB,8,4,1,0,0,0,2,0,1,1,3,7,15,,0,N/A,N/A
15C_I6,15,Control,6,3,2021,9/21/2021,RS,AI,N/A,3,1,3,1,2,2,1,2,1,7,8,16,,0,N/A,N/A
15C_I6,15,Control,6,3,2022,9/28/2022,RS,N/A,N/A,3,2,1,1,2,3,0,0,2,6,10,12,,0,N/A,Ungrazed
15H_I1,15,Herbicide,1,1,2020,9/25/2020,EM,RS,28,6,T,0,0,0,0,0,1,7,8,13,14,,0,N/A,N/A
15H_I1,15,Herbicide,1,1,2021,9/22/2021,RS,MM,N/A,6,1,0,0,0,T,0,0,7,9,11,16,,0,N/A,N/A
15H_I1,15,Herbicide,1,1,2022,9/28/2022,ELM,N/A,N/A,6,1,0,0,1,0,0,0,1,7,10,14,,0,N/A,Ungrazed
15H_I2,15,Herbicide,2,1,2020,9/25/2020,EM,RS,260,6,1,0,1,0,1,0,0,2,6,12,13,,0,N/A,N/A
15H_I2,15,Herbicide,2,1,2021,9/22/2021,RS,MM,N/A,5,1,1,T,2,1,0,0,4,9,11,15,,0,N/A,N/A
15H_I2,15,Herbicide,2,1,2022,9/28/2022,ELM,N/A,N/A,5,1,1,1,2,0,1,0,1,3,13,16,,0,N/A,Ungrazed
15H_I3,15,Herbicide,3,2,2020,9/25/2020,MMR,JR,222,5,1,0,0,0,2,T,0,6,7,12,15,,0,N/A,N/A
15H_I3,15,Herbicide,3,2,2021,9/22/2021,MR,MM,N/A,3,1,3,1,2,3,0,0,7,11,14,15,,0,N/A,N/A
15H_I3,15,Herbicide,3,2,2022,9/28/2022,RS,N/A,N/A,3,2,3,T,2,0,0,0,7,9,10,14,,0,N/A,Ungrazed
15H_I4,15,Herbicide,4,2,2020,9/25/2020,MMR,JR,144,4,1,0,0,0,2,0,0,6,7,13,16,,0,N/A,N/A
15H_I4,15,Herbicide,4,2,2021,9/22/2021,MR,MM,N/A,4,1,2,T,2,2,T,0,2,8,9,13,,0,N/A,N/A
15H_I4,15,Herbicide,4,2,2022,9/28/2022,RS,N/A,N/A,3,2,4,1,1,0,0,0,5,6,8,13,,0,N/A,Ungrazed
15H_I5,15,Herbicide,5,3,2020,9/23/2020,RS,N/A,81,4,1,0,1,1,0,0,2,5,10,11,14,,0,N/A,N/A
15H_I5,15,Herbicide,5,3,2021,9/21/2021,RS,DH,N/A,4,1,1,1,2,1,0,0,5,6,10,16,,0,N/A,N/A
15H_I5,15,Herbicide,5,3,2022,9/28/2022,ELM,N/A,N/A,4,2,2,3,2,1,0,0,4,7,11,13,,0,N/A,Ungrazed
15H_I6,15,Herbicide,6,3,2020,9/23/2020,AI,RS,213,5,1,0,1,0,1,0,0,8,9,10,16,,0,N/A,N/A
15H_I6,15,Herbicide,6,3,2021,9/21/2021,RS,MM,N/A,4,1,1,1,2,1,0,2,3,5,9,10,,0,N/A,N/A
15H_I6,15,Herbicide,6,3,2022,9/28/2022,ELM,N/A,N/A,4,2,0,2,2,1,1,0,5,11,12,14,,0,N/A,Ungrazed
16C_I1,16,Control,1,1,2020,10/9/2020,KR,N/A,1,4,1,0,2,0,1,0,1,4,12,14,15,,0,N/A,N/A
16C_I1,16,Control,1,1,2021,9/23/2021,RS,AI,N/A,4,1,1,2,2,1,0,1,4,7,10,15,,1,N/A,N/A
16C_I1,16,Control,1,1,2022,9/30/2022,RS,N/A,N/A,5,1,T,2,1,1,0,1,2,12,13,16,,1,N/A,Ungrazed
16C_I2,16,Control,2,1,2020,10/9/2020,KR,N/A,200,6,1,0,0,0,1,0,1,3,8,13,16,,0,N/A,N/A
16C_I2,16,Control,2,1,2021,9/23/2021,RS,ELM,N/A,4,1,2,1,2,1,0,0,3,5,10,11,,1,N/A,N/A
16C_I2,16,Control,2,1,2022,9/30/2022,RS,N/A,N/A,4,2,1,0,2,2,0,0,6,7,9,11,,2,N/A,Ungrazed
16C_I3,16,Control,3,2,2020,10/9/2020,JR,EM,56,3,T,0,2,0,1,0,0,3,5,12,14,,0,N/A,N/A
16C_I3,16,Control,3,2,2021,9/23/2021,ELM,RS,N/A,4,1,1,3,2,1,T,0,1,2,3,15,,1,N/A,N/A
16C_I3,16,Control,3,2,2022,9/30/2022,RS,N/A,N/A,4,1,0,3,1,2,0,0,4,5,9,15,,1,N/A,Ungrazed
16C_I4,16,Control,4,2,2020,10/9/2020,JR,EM,163,4,1,0,2,0,1,0,0,3,8,13,14,,0,N/A,N/A
16C_I4,16,Control,4,2,2021,9/23/2021,AI,RS,N/A,2,2,2,2,4,2,1,0,1,3,7,9,,0,N/A,N/A
16C_I4,16,Control,4,2,2022,9/30/2022,RS,N/A,N/A,4,2,1,2,2,2,0,0,8,9,12,14,,0,N/A,Ungrazed
16C_I5,16,Control,5,3,2020,10/10/2020,KR,N/A,129,4,1,0,2,0,1,0,0,5,6,9,16,,0,N/A,N/A
16C_I5,16,Control,5,3,2021,9/23/2021,RS,ELM,N/A,3,1,1,2,3,1,0,0,7,9,12,14,,0,N/A,N/A
16C_I5,16,Control,5,3,2022,9/30/2022,RS,N/A,N/A,5,2,0,2,1,1,1,0,1,4,12,13,,0,N/A,Ungrazed
16C_I6,16,Control,6,3,2020,10/10/2020,KR,AF,10,4,2,0,2,0,1,0,0,1,5,6,9,,0,N/A,N/A
16C_I6,16,Control,6,3,2021,9/23/2021,RS,ELM,N/A,2,2,3,2,2,1,0,0,7,10,11,16,,0,N/A,N/A
16C_I6,16,Control,6,3,2022,9/30/2022,RS,N/A,N/A,4,2,1,2,3,1,0,0,3,4,11,14,,0,N/A,Ungrazed
16H_I1,16,Herbicide,1,1,2020,10/13/2020,MMR,N/A,101,4,1,0,1,0,T,0,2,1,6,10,12,Adjacent to krat mound ,0,N/A,N/A
16H_I1,16,Herbicide,1,1,2021,9/23/2021,RS,ELM,N/A,5,1,2,1,2,T,0,2,4,6,11,15,,2,N/A,N/A
16H_I1,16,Herbicide,1,1,2022,9/28/2022,RS,N/A,N/A,5,2,1,1,1,1,0,0,11,14,15,16,,2,N/A,Ungrazed
16H_I2,16,Herbicide,2,1,2020,10/13/2020,MMR,N/A,110,3,2,0,3,0,1,0,0,3,5,6,12,,0,N/A,N/A
16H_I2,16,Herbicide,2,1,2021,9/23/2021,RS,ELM,N/A,2,1,2,3,2,1,0,0,1,5,12,16,,0,N/A,N/A
16H_I2,16,Herbicide,2,1,2022,9/28/2022,RS,N/A,N/A,3,2,0,3,1,1,0,0,1,3,9,15,,0,N/A,Ungrazed
16H_I3,16,Herbicide,3,2,2020,10/13/2020,MMR,AI,23,5,1,0,2,0,T,0,1,1,9,10,13,,0,N/A,N/A
16H_I3,16,Herbicide,3,2,2021,9/24/2021,RS,DH,N/A,4,1,1,2,1,1,0,0,1,6,12,16,,0,N/A,N/A
16H_I3,16,Herbicide,3,2,2022,9/28/2022,ELM,N/A,N/A,5,2,0,1,1,1,0,0,2,7,8,15,,0,N/A,Ungrazed
16H_I4,16,Herbicide,4,2,2020,10/13/2020,MMR,EM,212,4,1,0,3,0,1,0,0,4,6,9,14,,0,N/A,N/A
16H_I4,16,Herbicide,4,2,2021,9/24/2021,RS,DH,N/A,3,1,2,2,2,1,1,0,7,12,13,15,,0,N/A,N/A
16H_I4,16,Herbicide,4,2,2022,9/28/2022,RS,N/A,N/A,3,2,2,3,3,1,T,0,1,2,7,10,,0,N/A,Ungrazed
16H_I5,16,Herbicide,5,3,2020,10/10/2020,KR,NA,22,4,1,0,2,0,1,0,0,9,12,15,16,,0,N/A,N/A
16H_I5,16,Herbicide,5,3,2021,9/24/2021,MR,N/A,N/A,2,2,T,3,4,2,T,0,3,6,10,15,,0,N/A,N/A
16H_I5,16,Herbicide,5,3,2022,9/30/2022,RS,N/A,N/A,4,2,0,2,2,0,1,0,2,3,9,12,,1,N/A,Ungrazed
16H_I6,16,Herbicide,6,3,2020,10/10/2020,KR,N/A,95,4,1,0,3,0,1,0,0,5,8,10,12,,0,N/A,N/A
16H_I6,16,Herbicide,6,3,2021,9/24/2021,MR,N/A,N/A,3,1,1,2,3,1,0,0,3,4,8,10,,0,N/A,N/A
16H_I6,16,Herbicide,6,3,2022,9/30/2022,RS,N/A,N/A,4,1,0,3,0,1,0,0,3,4,10,16,,0,N/A,Ungrazed
17C_I1,17,Control,1,1,2020,9/23/2020,AI,MMR,146,6,1,0,0,0,T,0,0,4,6,10,15,,0,N/A,N/A
17C_I1,17,Control,1,1,2021,9/18/2021,RS,N/A,N/A,5,1,1,T,2,1,0,0,1,3,7,12,,0,N/A,N/A
17C_I1,17,Control,1,1,2022,9/20/2022,RS,N/A,N/A,6,1,0,0,1,1,0,0,2,3,5,8,,0,N/A,Ungrazed
17C_I2,17,Control,2,1,2020,9/23/2020,RS,N/A,231,5,1,0,1,0,1,0,0,12,13,14,16,,0,N/A,N/A
17C_I2,17,Control,2,1,2021,9/18/2021,RS,N/A,N/A,5,1,1,1,1,2,0,0,3,4,15,16,,0,N/A,N/A
17C_I2,17,Control,2,1,2022,9/20/2022,RS,N/A,N/A,5,1,0,0,T,2,0,0,2,7,8,12,,1,N/A,Ungrazed
17C_I3,17,Control,3,2,2020,9/23/2020,RS,N/A,73,5,1,0,1,0,1,1,0,2,3,9,16,,0,N/A,N/A
17C_I3,17,Control,3,2,2021,9/21/2021,MR,ELM,N/A,4,1,2,1,1,2,1,0,3,4,8,12,Sampled in Northeast corner instead of Southeast,0,N/A,N/A
17C_I3,17,Control,3,2,2022,9/20/2022,RS,N/A,N/A,5,1,0,0,T,2,1,0,3,11,12,13,,0,N/A,Ungrazed
17C_I4,17,Control,4,2,2020,9/23/2020,RS,N/A,27,6,T,0,T,0,1,0,0,2,13,14,16,,0,N/A,N/A
17C_I4,17,Control,4,2,2021,9/21/2021,MR,DH,N/A,4,1,2,1,1,2,T,0,7,8,11,14,Sampled in Northeast corner instead of Southeast,0,N/A,N/A
17C_I4,17,Control,4,2,2022,9/20/2022,RS,N/A,N/A,5,1,0,0,T,2,1,0,4,8,11,14,,0,N/A,Ungrazed
17C_I5,17,Control,5,3,2020,9/21/2020,MMR,N/A,79,4,2,0,0,0,1,2,0,1,5,14,15,,0,N/A,N/A
17C_I5,17,Control,5,3,2021,9/21/2021,RS,ELM,N/A,4,1,2,1,2,1,2,0,5,8,14,15,,0,N/A,N/A
17C_I5,17,Control,5,3,2022,9/20/2022,RS,N/A,N/A,4,2,1,2,T,1,2,0,3,5,10,15,,0,N/A,Ungrazed
17C_I6,17,Control,6,3,2020,9/21/2020,MMR,AI,71,5,1,0,1,0,1,0,2,3,4,10,15,,0,N/A,N/A
17C_I6,17,Control,6,3,2021,9/21/2021,RS,ELM,N/A,5,1,1,1,2,1,0,2,2,3,5,6,,0,N/A,N/A
17C_I6,17,Control,6,3,2022,9/20/2022,RS,N/A,N/A,5,1,0,0,0,2,1,0,6,9,10,16,,0,N/A,Ungrazed
17H_I1,17,Herbicide,1,1,2020,9/18/2020,RS,N/A,23,5,2,0,1,0,2,0,0,2,3,4,6,Litter_Class: Mainly woody litter from dead PRGL,0,N/A,N/A
17H_I1,17,Herbicide,1,1,2021,9/18/2021,RS,MR,N/A,4,2,1,0,1,3,0,0,3,4,13,16,,0,N/A,N/A
17H_I1,17,Herbicide,1,1,2022,9/21/2022,ELM,N/A,N/A,4,2,1,1,3,2,0,0,9,10,11,12,,1,N/A,Ungrazed
17H_I2,17,Herbicide,2,1,2020,9/18/2020,RS,N/A,178,5,T,0,0,0,2,0,0,2,4,5,7,,0,N/A,N/A
17H_I2,17,Herbicide,2,1,2021,9/18/2021,RS,MR,N/A,4,1,1,0,0,3,0,0,3,9,12,16,,0,N/A,N/A
17H_I2,17,Herbicide,2,1,2022,9/21/2022,RS,N/A,N/A,4,1,0,0,1,3,0,0,1,5,9,12,,0,N/A,Ungrazed
17H_I3,17,Herbicide,3,2,2020,9/21/2020,AI,MMR,53,5,1,0,0,0,2,0,0,1,3,9,12,,0,N/A,N/A
17H_I3,17,Herbicide,3,2,2021,9/18/2021,RS,N/A,N/A,3,1,3,1,2,2,0,0,2,5,6,11,"Soils quite loamy, good cores",0,N/A,N/A
17H_I3,17,Herbicide,3,2,2022,9/20/2022,RS,N/A,N/A,3,2,3,1,4,1,0,0,7,12,13,16,,0,N/A,Ungrazed
17H_I4,17,Herbicide,4,2,2020,9/21/2020,AI,MMR,24,5,T,0,0,0,T,0,0,1,5,6,7,,2,N/A,N/A
17H_I4,17,Herbicide,4,2,2021,9/18/2021,RS,N/A,N/A,6,1,0,0,0,1,0,0,2,6,8,11,,1,N/A,N/A
17H_I4,17,Herbicide,4,2,2022,9/20/2022,RS,N/A,N/A,5,1,0,0,1,0,0,0,10,11,14,15,,1,N/A,Ungrazed
17H_I5,17,Herbicide,5,3,2020,9/21/2020,RS,N/A,226,6,1,0,1,0,1,0,0,2,6,9,11,,0,N/A,N/A
17H_I5,17,Herbicide,5,3,2021,9/17/2021,SL,MR,N/A,3,1,2,1,4,2,0,0,7,10,12,15,,0,N/A,N/A
17H_I5,17,Herbicide,5,3,2022,9/20/2022,RS,N/A,N/A,4,1,2,1,3,T,0,0,2,9,12,14,,0,N/A,Ungrazed
17H_I6,17,Herbicide,6,3,2020,9/21/2020,RS,N/A,198,4,2,0,T,0,2,0,0,1,3,8,12,,0,N/A,N/A
17H_I6,17,Herbicide,6,3,2021,9/17/2021,SL,MR,N/A,3,1,2,0,3,3,T,0,6,8,13,16,,0,N/A,N/A
17H_I6,17,Herbicide,6,3,2022,9/20/2022,RS,N/A,N/A,3,1,3,1,4,T,0,0,8,10,11,14,,0,N/A,Ungrazed
18C_I1,18,Control,1,1,2020,9/18/2020,EM,N/A,158,6,1,0,0,0,0,0,0,2,4,11,12,,0,N/A,N/A
18C_I1,18,Control,1,1,2021,9/16/2021,RS,ELM,N/A,5,1,1,1,1,1,0,0,2,3,8,9,,0,N/A,N/A
18C_I1,18,Control,1,1,2022,9/21/2022,ELM,N/A,N/A,5,1,1,2,1,1,0,0,2,10,12,14,,1,N/A,Ungrazed
18C_I2,18,Control,2,1,2020,9/18/2020,EM,N/A,130,5,1,0,0,0,2,0,0,3,12,15,16,Chose azimuth in closest resonable interspace ,3,N/A,N/A
18C_I2,18,Control,2,1,2021,9/16/2021,RS,ELM,N/A,3,1,2,1,3,1,0,0,3,5,11,13,,2,N/A,N/A
18C_I2,18,Control,2,1,2022,9/21/2022,ELM,N/A,N/A,4,2,1,1,2,3,0,0,5,7,9,11,,2,N/A,Ungrazed
18C_I3,18,Control,3,2,2020,9/18/2020,MMR,N/A,215,5,1,0,1,0,2,0,0,2,5,10,13,,0,N/A,N/A
18C_I3,18,Control,3,2,2021,9/16/2021,MR,ELM,N/A,4,2,2,2,3,2,0,0,2,4,8,15,,0,N/A,N/A
18C_I3,18,Control,3,2,2022,9/21/2022,RS,N/A,N/A,4,2,1,2,1,2,0,0,5,6,8,13,,0,N/A,Ungrazed
18C_I4,18,Control,4,2,2020,9/18/2020,MMR,N/A,343,5,1,0,0,1,2,0,0,3,4,5,13,,0,N/A,N/A
18C_I4,18,Control,4,2,2021,9/16/2021,MR,N/A,N/A,3,1,1,1,3,2,T,0,1,5,12,13,,0,N/A,N/A
18C_I4,18,Control,4,2,2022,9/21/2022,RS,N/A,N/A,5,1,1,2,2,2,1,0,2,3,4,8,,0,N/A,Ungrazed
18C_I5,18,Control,5,3,2020,9/18/2020,MMR,N/A,135,5,1,0,1,T,1,0,0,1,11,14,16,,0,N/A,N/A
18C_I5,18,Control,5,3,2021,9/15/2021,RS,N/A,N/A,3,1,1,1,2,3,0,0,2,3,9,12,,0,N/A,N/A
18C_I5,18,Control,5,3,2022,9/21/2022,ELM,N/A,N/A,4,1,0,1,1,3,0,0,3,5,10,11,,0,N/A,Ungrazed
18C_I6,18,Control,6,3,2020,9/18/2020,MMR,N/A,278,5,1,0,0,T,1,0,0,3,5,10,11,,0,N/A,N/A
18C_I6,18,Control,6,3,2021,9/15/2021,RS,N/A,N/A,5,1,1,1,2,2,0,0,2,6,11,14,,0,N/A,N/A
18C_I6,18,Control,6,3,2022,9/21/2022,ELM,N/A,N/A,5,1,T,T,T,2,0,0,2,4,12,13,,1,N/A,Ungrazed
18H_I1,18,Herbicide,1,1,2020,9/18/2020,MMR,JR,57,5,2,0,0,0,1,0,0,3,6,8,16,,0,N/A,N/A
18H_I1,18,Herbicide,1,1,2021,9/16/2021,AI,MR,N/A,2,2,1,2,5,2,0,0,4,7,9,14,,0,N/A,N/A
18H_I1,18,Herbicide,1,1,2022,9/21/2022,RS,N/A,N/A,3,2,2,3,1,T,0,0,6,9,11,13,,0,N/A,Ungrazed
18H_I2,18,Herbicide,2,1,2020,9/18/2020,EM,N/A,310,6,1,0,0,0,1,0,0,2,6,14,15,,0,N/A,N/A
18H_I2,18,Herbicide,2,1,2021,9/16/2021,AI,MR,N/A,3,1,2,1,4,3,0,0,2,6,7,14,,0,N/A,N/A
18H_I2,18,Herbicide,2,1,2022,9/21/2022,RS,N/A,N/A,4,2,2,0,1,2,0,0,5,6,11,16,,0,N/A,Ungrazed
18H_I3,18,Herbicide,3,2,2020,9/16/2020,MMR,EM,38,5,1,0,1,0,2,0,0,2,3,12,13,,0,N/A,N/A
18H_I3,18,Herbicide,3,2,2021,9/16/2021,AI,MR,N/A,4,1,1,1,2,2,0,0,2,8,9,11,ELM also helped sample,0,N/A,N/A
18H_I3,18,Herbicide,3,2,2022,9/21/2022,ELM,N/A,N/A,5,2,1,2,1,1,0,0,4,5,8,14,,0,N/A,Ungrazed
18H_I4,18,Herbicide,4,2,2020,9/16/2020,MMR,EM,67,5,1,0,0,0,2,0,0,6,7,8,12,,0,N/A,N/A
18H_I4,18,Herbicide,4,2,2021,9/16/2021,AI,MR,N/A,4,1,1,2,1,2,0,0,1,4,7,11,ELM also helped sample,0,N/A,N/A
18H_I4,18,Herbicide,4,2,2022,9/21/2022,ELM,N/A,N/A,5,1,T,2,1,0,0,0,5,7,13,16,,0,N/A,Ungrazed
18H_I5,18,Herbicide,5,3,2020,9/16/2020,RS,AI,357,5,1,0,0,0,3,0,0,3,6,10,16,,0,N/A,N/A
18H_I5,18,Herbicide,5,3,2021,9/17/2021,RS,N/A,N/A,3,1,1,3,2,3,0,0,3,7,12,15,,0,N/A,N/A
18H_I5,18,Herbicide,5,3,2022,9/21/2022,RS,N/A,N/A,2,2,1,5,1,0,0,0,1,2,4,10,,0,N/A,Ungrazed
18H_I6,18,Herbicide,6,3,2020,9/16/2020,RS,AI,228,6,1,0,0,0,1,0,0,3,6,9,13,,0,N/A,N/A
18H_I6,18,Herbicide,6,3,2021,9/17/2021,RS,N/A,N/A,4,1,1,1,1,2,0,0,2,4,11,14,,0,N/A,N/A
18H_I6,18,Herbicide,6,3,2022,9/21/2022,RS,N/A,N/A,4,1,1,3,T,1,0,0,1,2,8,13,,0,N/A,Ungrazed
19C_I1,19,Control,1,1,2020,9/12/2020,RS,N/A,266,5,1,0,1,0,1,0,0,10,11,12,16,,0,N/A,N/A
19C_I1,19,Control,1,1,2021,9/1/2021,RS,BW,N/A,5,1,1,1,1,2,0,0,1,6,9,10,,0,N/A,N/A
19C_I1,19,Control,1,1,2022,9/16/2022,RS,N/A,N/A,5,1,1,1,1,2,0,0,4,5,10,12,,0,N/A,Ungrazed
19C_I2,19,Control,2,1,2020,9/12/2020,RS,N/A,33,6,1,0,0,0,1,0,0,4,7,13,14,,0,N/A,N/A
19C_I2,19,Control,2,1,2021,12/8/2021,RS,MR,N/A,5,1,1,1,1,1,0,0,unk,unk,unk,unk,Data and location of random #s lost/misplaced. Took cover data 12/8/2021,0,N/A,N/A
19C_I2,19,Control,2,1,2022,9/16/2022,RS,N/A,N/A,5,T,1,0,0,2,0,0,3,9,12,14,,1,N/A,Ungrazed
19C_I3,19,Control,3,2,2020,9/12/2020,MMR,N/A,100,5,T,0,T,T,1,0,1,5,6,10,11,,0,N/A,N/A
19C_I3,19,Control,3,2,2021,9/1/2021,RS,BW,N/A,4,1,1,1,3,1,0,0,9,11,14,16,,0,N/A,N/A
19C_I3,19,Control,3,2,2022,9/16/2022,RS,N/A,N/A,5,1,0,1,1,2,0,0,2,4,5,15,,0,N/A,Ungrazed
19C_I4,19,Control,4,2,2020,9/12/2020,MMR,N/A,169,2,2,0,1,0,3,2,0,1,3,10,16,,0,N/A,N/A
19C_I4,19,Control,4,2,2021,9/1/2021,RS,BW,N/A,2,1,2,T,4,1,2,0,2,4,6,7,,0,N/A,N/A
19C_I4,19,Control,4,2,2022,9/16/2022,RS,N/A,N/A,4,2,2,T,2,1,2,0,4,6,7,9,,0,N/A,Ungrazed
19C_I5,19,Control,5,3,2020,9/14/2020,EM,N/A,65,4,1,0,0,0,2,0,2,7,8,9,15,,0,N/A,N/A
19C_I5,19,Control,5,3,2021,9/1/2021,MR,DB,N/A,3,1,2,T,3,3,0,2,2,7,11,13,,0,N/A,N/A
19C_I5,19,Control,5,3,2022,9/7/2022,RS,N/A,N/A,4,1,T,1,1,3,0,2,5,6,7,11,,0,N/A,Ungrazed
19C_I6,19,Control,6,3,2020,9/14/2020,AI,MMR,26,4,2,0,1,0,2,2,0,2,6,11,14,,0,N/A,N/A
19C_I6,19,Control,6,3,2021,9/1/2021,MR,DB,N/A,3,1,2,0,2,3,2,0,1,7,9,16,,0,N/A,N/A
19C_I6,19,Control,6,3,2022,9/7/2022,RS,N/A,N/A,4,2,1,T,1,3,2,0,4,11,12,13,,0,N/A,Ungrazed
19H_I1,19,Herbicide,1,1,2020,9/16/2020,RS,AI,0,5,1,0,0,0,1,0,0,1,9,13,15,,0,N/A,N/A
19H_I1,19,Herbicide,1,1,2021,9/1/2021,MR,ELM,N/A,3,T,1,1,4,2,0,0,3,8,12,16,,0,N/A,N/A
19H_I1,19,Herbicide,1,1,2022,9/7/2022,RS,N/A,N/A,4,1,2,2,2,0,0,0,6,8,9,13,,0,N/A,Ungrazed
19H_I2,19,Herbicide,2,1,2020,9/16/2020,MMR,N/A,34,5,1,0,T,0,2,0,0,2,7,13,16,,0,N/A,N/A
19H_I2,19,Herbicide,2,1,2021,9/1/2021,MR,ELM,N/A,3,1,1,T,1,3,0,0,4,5,9,12,,0,N/A,N/A
19H_I2,19,Herbicide,2,1,2022,9/7/2022,RS,N/A,N/A,5,1,0,1,1,1,0,0,1,3,6,13,,0,N/A,Ungrazed
19H_I3,19,Herbicide,3,2,2020,9/16/2020,EM,N/A,175,4,T,0,0,0,1,0,2,1,6,7,13,,0,N/A,N/A
19H_I3,19,Herbicide,3,2,2021,8/31/2021,AI,ELM,N/A,4,1,T,0,1,1,0,2,3,5,12,15,,0,N/A,N/A
19H_I3,19,Herbicide,3,2,2022,9/7/2022,RS,N/A,N/A,5,2,T,0,0,T,0,0,4,5,7,11,,0,N/A,Ungrazed
19H_I4,19,Herbicide,4,2,2020,9/16/2020,MMR,N/A,323,5,T,0,2,0,1,0,0,6,9,13,15,,0,N/A,N/A
19H_I4,19,Herbicide,4,2,2021,8/31/2021,ELM,AI,N/A,4,1,2,T,2,1,0,0,1,4,7,9,,0,N/A,N/A
19H_I4,19,Herbicide,4,2,2022,9/7/2022,RS,N/A,N/A,6,1,1,T,1,0,0,0,4,5,8,15,,T,N/A,Ungrazed
19H_I5,19,Herbicide,5,3,2020,9/14/2020,AI,RS,299,4,1,0,0,0,3,1,0,3,11,13,15,,0,N/A,N/A
19H_I5,19,Herbicide,5,3,2021,8/31/2021,RS,ELM,N/A,3,1,2,0,2,3,1,0,6,7,14,15,,0,N/A,N/A
19H_I5,19,Herbicide,5,3,2022,9/7/2022,RS,N/A,N/A,5,2,T,0,1,0,0,0,6,8,12,15,,0,N/A,Ungrazed
19H_I6,19,Herbicide,6,3,2020,9/14/2020,AI,RS,283,5,1,0,1,0,2,0,0,3,5,8,16,,0,N/A,N/A
19H_I6,19,Herbicide,6,3,2021,8/31/2021,ELM,RS,N/A,3,1,2,0,2,2,0,0,3,4,11,13,,0,N/A,N/A
19H_I6,19,Herbicide,6,3,2022,9/7/2022,RS,N/A,N/A,4,1,2,T,2,0,0,0,4,11,15,16,,0,N/A,Ungrazed
20C_I1,20,Control,1,1,2020,10/7/2020,AI,MMR,30,5,1,0,T,0,1,0,0,2,8,9,11,,0,N/A,N/A
20C_I1,20,Control,1,1,2021,9/3/2021,RS,SL,N/A,4,1,1,T,2,2,1,0,1,5,9,13,,0,N/A,N/A
20C_I1,20,Control,1,1,2022,9/17/2022,RS,N/A,N/A,4,1,1,1,2,2,1,0,4,7,11,16,"PVC unearthed, replaced as near as possible to original location using GPS coordinates",0,N/A,Ungrazed
20C_I2,20,Control,2,1,2020,10/7/2020,AI,MMR,312,6,T,0,T,0,0,0,0,2,8,9,16,,0,N/A,N/A
20C_I2,20,Control,2,1,2021,9/3/2021,RS,SL,N/A,4,1,2,T,2,1,0,0,1,4,13,16,,0,N/A,N/A
20C_I2,20,Control,2,1,2022,9/17/2022,RS,N/A,N/A,5,1,1,1,2,1,0,0,7,9,11,14,,0,N/A,Ungrazed
20C_I3,20,Control,3,2,2020,10/7/2020,AI,MMR,108,5,T,0,T,0,1,0,0,1,4,12,13,,0,N/A,N/A
20C_I3,20,Control,3,2,2021,9/3/2021,RS,SL,N/A,4,1,2,T,3,1,0,0,1,9,10,11,,0,N/A,N/A
20C_I3,20,Control,3,2,2022,9/17/2022,RS,N/A,N/A,4,2,1,2,2,1,0,0,1,3,6,15,,0,N/A,Ungrazed
20C_I4,20,Control,4,2,2020,10/7/2020,AI,MMR,301,5,T,0,0,0,1,0,0,2,3,4,5,,0,N/A,N/A
20C_I4,20,Control,4,2,2021,9/3/2021,RS,SL,N/A,5,1,1,T,1,2,0,0,11,12,13,15,,0,N/A,N/A
20C_I4,20,Control,4,2,2022,9/17/2022,RS,N/A,N/A,5,1,T,1,T,2,0,0,2,5,8,11,,0,N/A,Ungrazed
20C_I5,20,Control,5,3,2020,10/7/2020,AI,MMR,11,5,1,0,1,0,0,1,0,2,7,9,12,,0,N/A,N/A
20C_I5,20,Control,5,3,2021,9/3/2021,RS,SL,N/A,4,1,2,1,3,1,1,0,10,11,12,13,,0,N/A,N/A
20C_I5,20,Control,5,3,2022,9/17/2022,RS,N/A,N/A,4,1,2,2,3,0,1,0,1,2,8,9,,0,N/A,Ungrazed
20C_I6,20,Control,6,3,2020,10/7/2020,AI,MMR,217,5,1,0,1,0,1,1,0,6,7,10,14,,0,N/A,N/A
20C_I6,20,Control,6,3,2021,9/3/2021,RS,SL,N/A,4,T,1,1,3,2,1,0,2,6,8,16,,0,N/A,N/A
20C_I6,20,Control,6,3,2022,9/17/2022,RS,N/A,N/A,4,1,1,3,1,1,1,0,1,4,5,12,BOER4 present ,0,N/A,Ungrazed
20H_I1,20,Herbicide,1,1,2020,10/5/2020,MMR,EM,180,3,2,0,1,0,1,3,0,2,9,11,13,,0,N/A,N/A
20H_I1,20,Herbicide,1,1,2021,9/7/2021,MR,AI,N/A,3,2,1,1,1,2,3,0,3,9,13,14,,0,N/A,N/A
20H_I1,20,Herbicide,1,1,2022,9/16/2022,RS,N/A,N/A,3,1,1,3,T,2,3,0,2,3,4,7,,0,N/A,Ungrazed
20H_I2,20,Herbicide,2,1,2020,10/5/2020,MMR,EM,113,6,1,0,0,0,T,0,0,9,10,12,15,,0,N/A,N/A
20H_I2,20,Herbicide,2,1,2021,9/7/2021,AI,N/A,N/A,5,T,1,1,1,T,0,0,10,11,13,16,,0,N/A,N/A
20H_I2,20,Herbicide,2,1,2022,9/16/2022,RS,N/A,N/A,6,1,0,T,1,0,0,0,5,11,14,16,,0,N/A,Ungrazed
20H_I3,20,Herbicide,3,2,2020,10/5/2020,MMR,EM,24,6,1,0,T,0,1,0,0,5,9,13,14,,0,N/A,N/A
20H_I3,20,Herbicide,3,2,2021,9/4/2021,RS,MR,N/A,5,1,2,1,1,1,0,0,8,9,12,14,,0,N/A,N/A
20H_I3,20,Herbicide,3,2,2022,9/17/2022,RS,N/A,N/A,4,1,2,2,2,0,0,0,2,4,5,12,,0,N/A,Ungrazed
20H_I4,20,Herbicide,4,2,2020,10/5/2020,MMR,EM,161,5,T,0,0,0,2,0,0,8,12,15,16,,0,N/A,N/A
20H_I4,20,Herbicide,4,2,2021,9/4/2021,RS,N/A,N/A,4,T,1,1,3,2,0,0,6,9,11,12,,0,N/A,N/A
20H_I4,20,Herbicide,4,2,2022,9/17/2022,RS,N/A,N/A,4,1,2,3,1,0,0,0,1,5,7,16,,0,N/A,Ungrazed
20H_I5,20,Herbicide,5,3,2020,10/5/2020,MMR,EM,247,5,T,0,0,0,1,0,0,2,5,6,15,,0,N/A,N/A
20H_I5,20,Herbicide,5,3,2021,9/4/2021,RS,N/A,N/A,4,T,1,1,2,2,0,0,5,10,15,16,,0,N/A,N/A
20H_I5,20,Herbicide,5,3,2022,9/17/2022,RS,N/A,N/A,3,1,2,1,4,0,0,0,7,12,13,15,,0,N/A,Ungrazed
20H_I6,20,Herbicide,6,3,2020,10/5/2020,MMR,EM,320,6,T,0,0,0,0,0,0,2,8,12,14,,0,N/A,N/A
20H_I6,20,Herbicide,6,3,2021,9/4/2021,RS,N/A,N/A,5,1,1,2,2,0,0,0,4,5,14,16,,0,N/A,N/A
20H_I6,20,Herbicide,6,3,2022,9/17/2022,RS,N/A,N/A,3,1,1,1,3,0,0,0,2,4,5,12,,0,N/A,Ungrazed
