"","Plot_ID","Block_Num","Treatment","Shrub_Num","Transect_Num","Year","Perimeter_m","Height_m"
"1","1C_S1","1","Control","1","1","2020",21,1.75
"2","1C_S1","1","Control","1","1","2021",22.2,1.75
"3","1C_S1","1","Control","1","1","2022",21.3,1.75
"4","1C_S2","1","Control","2","1","2020",18.5,1.75
"5","1C_S2","1","Control","2","1","2021",17.7,1.75
"6","1C_S2","1","Control","2","1","2022",17.9,1.75
"7","1C_S3","1","Control","3","2","2020",13.2,1.75
"8","1C_S3","1","Control","3","2","2021",15.3,2.25
"9","1C_S3","1","Control","3","2","2022",14.3,2.25
"10","1C_S4","1","Control","4","2","2020",14.6,1.75
"11","1C_S4","1","Control","4","2","2021",16,1.75
"12","1C_S4","1","Control","4","2","2022",15.4,1.75
"13","1C_S5","1","Control","5","3","2020",15.6,1.25
"14","1C_S5","1","Control","5","3","2021",16.9,1.25
"15","1C_S5","1","Control","5","3","2022",15.8,1.25
"16","1C_S6","1","Control","6","3","2020",12.2,1.25
"17","1C_S6","1","Control","6","3","2021",12.2,1.25
"18","1C_S6","1","Control","6","3","2022",11.8,1.25
"19","1H_S1","1","Herbicide","1","1","2020",11.9,1.25
"20","1H_S1","1","Herbicide","1","1","2021",12.9,1.25
"21","1H_S1","1","Herbicide","1","1","2022",12.6,1.25
"22","1H_S2","1","Herbicide","2","1","2020",19.6,1.75
"23","1H_S2","1","Herbicide","2","1","2021",17.8,2.25
"24","1H_S2","1","Herbicide","2","1","2022",16.7,2.25
"25","1H_S3","1","Herbicide","3","2","2020",17.2,1.75
"26","1H_S3","1","Herbicide","3","2","2021",16.6,1.25
"27","1H_S3","1","Herbicide","3","2","2022",17.4,1.75
"28","1H_S4","1","Herbicide","4","2","2020",13.3,1.25
"29","1H_S4","1","Herbicide","4","2","2021",14.8,1.25
"30","1H_S4","1","Herbicide","4","2","2022",14.7,1.25
"31","1H_S5","1","Herbicide","5","3","2020",13.4,1.25
"32","1H_S5","1","Herbicide","5","3","2021",13.9,1.25
"33","1H_S5","1","Herbicide","5","3","2022",13.6,1.25
"34","1H_S6","1","Herbicide","6","3","2020",16.1,1.25
"35","1H_S6","1","Herbicide","6","3","2021",17.6,1.75
"36","1H_S6","1","Herbicide","6","3","2022",17.3,2.25
"37","2C_S1","2","Control","1","1","2020",19.7,1.75
"38","2C_S1","2","Control","1","1","2021",21,1.75
"39","2C_S1","2","Control","1","1","2022",21.1,1.75
"40","2C_S2","2","Control","2","1","2020",12.2,1.25
"41","2C_S2","2","Control","2","1","2021",12.5,1.25
"42","2C_S2","2","Control","2","1","2022",12.5,1.25
"43","2C_S3","2","Control","3","2","2020",13.9,1.25
"44","2C_S3","2","Control","3","2","2021",14.2,1.75
"45","2C_S3","2","Control","3","2","2022",13.8,1.75
"46","2C_S4","2","Control","4","2","2020",30.5,1.75
"47","2C_S4","2","Control","4","2","2021",34.3,1.75
"48","2C_S4","2","Control","4","2","2022",31.5,1.75
"49","2C_S5","2","Control","5","3","2020",19.2,1.75
"50","2C_S5","2","Control","5","3","2021",18.8,1.75
"51","2C_S5","2","Control","5","3","2022",28.6,2.25
"52","2C_S6","2","Control","6","3","2020",12.9,1.75
"53","2C_S6","2","Control","6","3","2021",16.2,1.25
"54","2C_S6","2","Control","6","3","2022",12.4,1.25
"55","2H_S1","2","Herbicide","1","1","2020",11.5,1.75
"56","2H_S1","2","Herbicide","1","1","2021",13.1,1.25
"57","2H_S1","2","Herbicide","1","1","2022",12.7,1.75
"58","2H_S2","2","Herbicide","2","1","2020",16.6,1.75
"59","2H_S2","2","Herbicide","2","1","2021",15.6,1.25
"60","2H_S2","2","Herbicide","2","1","2022",16.4,1.25
"61","2H_S3","2","Herbicide","3","2","2020",18.4,2.25
"62","2H_S3","2","Herbicide","3","2","2021",19.9,1.75
"63","2H_S3","2","Herbicide","3","2","2022",22.7,1.75
"64","2H_S4","2","Herbicide","4","2","2020",18,2.25
"65","2H_S4","2","Herbicide","4","2","2021",21.2,2.25
"66","2H_S4","2","Herbicide","4","2","2022",19.8,2.25
"67","2H_S5","2","Herbicide","5","3","2020",13.5,1.75
"68","2H_S5","2","Herbicide","5","3","2021",13.8,1.75
"69","2H_S5","2","Herbicide","5","3","2022",12,1.75
"70","2H_S6","2","Herbicide","6","3","2020",18.8,2.25
"71","2H_S6","2","Herbicide","6","3","2021",21.5,2.25
"72","2H_S6","2","Herbicide","6","3","2022",19.4,2.25
"73","3C_S1","3","Control","1","1","2020",9.8,1.25
"74","3C_S1","3","Control","1","1","2021",11.9,1.25
"75","3C_S1","3","Control","1","1","2022",10.1,1.25
"76","3C_S2","3","Control","2","1","2020",8.3,0.75
"77","3C_S2","3","Control","2","1","2021",9.9,0.75
"78","3C_S2","3","Control","2","1","2022",8.8,0.75
"79","3C_S3","3","Control","3","2","2020",10.2,1.75
"80","3C_S3","3","Control","3","2","2021",12,1.75
"81","3C_S3","3","Control","3","2","2022",10.7,1.75
"82","3C_S4","3","Control","4","2","2020",9.2,1.75
"83","3C_S4","3","Control","4","2","2021",12.4,1.75
"84","3C_S4","3","Control","4","2","2022",9.7,1.75
"85","3C_S5","3","Control","5","3","2020",11.4,1.75
"86","3C_S5","3","Control","5","3","2021",14.4,1.75
"87","3C_S5","3","Control","5","3","2022",10.9,1.75
"88","3C_S6","3","Control","6","3","2020",7.8,1.25
"89","3C_S6","3","Control","6","3","2021",9.3,1.75
"90","3C_S6","3","Control","6","3","2022",8.2,1.25
"91","3H_S1","3","Herbicide","1","1","2020",9.2,1.25
"92","3H_S1","3","Herbicide","1","1","2021",9,1.25
"93","3H_S1","3","Herbicide","1","1","2022",7.9,1.25
"94","3H_S2","3","Herbicide","2","1","2020",9.5,1.25
"95","3H_S2","3","Herbicide","2","1","2021",6.6,1.25
"96","3H_S2","3","Herbicide","2","1","2022",5.8,1.25
"97","3H_S3","3","Herbicide","3","2","2020",10.2,1.25
"98","3H_S3","3","Herbicide","3","2","2021",9,1.25
"99","3H_S3","3","Herbicide","3","2","2022",7.7,1.25
"100","3H_S4","3","Herbicide","4","2","2020",14,2.25
"101","3H_S4","3","Herbicide","4","2","2021",15.2,2.25
"102","3H_S4","3","Herbicide","4","2","2022",12.4,2.25
"103","3H_S5","3","Herbicide","5","3","2020",13.1,1.75
"104","3H_S5","3","Herbicide","5","3","2021",10.7,1.75
"105","3H_S5","3","Herbicide","5","3","2022",8.3,1.75
"106","3H_S6","3","Herbicide","6","3","2020",11.1,1.25
"107","3H_S6","3","Herbicide","6","3","2021",10.9,1.25
"108","3H_S6","3","Herbicide","6","3","2022",9.1,1.25
"109","4C_S1","4","Control","1","1","2020",26,1.75
"110","4C_S1","4","Control","1","1","2021",28.2,1.75
"111","4C_S1","4","Control","1","1","2022",27,1.75
"112","4C_S2","4","Control","2","1","2020",14.8,2.25
"113","4C_S2","4","Control","2","1","2021",13.4,2.25
"114","4C_S2","4","Control","2","1","2022",13.2,2.25
"115","4C_S3","4","Control","3","2","2020",12.1,1.75
"116","4C_S3","4","Control","3","2","2021",12.8,1.75
"117","4C_S3","4","Control","3","2","2022",12.4,1.25
"118","4C_S4","4","Control","4","2","2020",14,1.75
"119","4C_S4","4","Control","4","2","2021",14.8,1.75
"120","4C_S4","4","Control","4","2","2022",13.8,1.75
"121","4C_S5","4","Control","5","3","2020",20.8,1.75
"122","4C_S5","4","Control","5","3","2021",23.1,1.75
"123","4C_S5","4","Control","5","3","2022",19.9,1.75
"124","4C_S6","4","Control","6","3","2020",8,1.75
"125","4C_S6","4","Control","6","3","2021",10.3,2.25
"126","4C_S6","4","Control","6","3","2022",8.1,2.25
"127","4H_S1","4","Herbicide","1","1","2020",14.3,1.75
"128","4H_S1","4","Herbicide","1","1","2021",13.8,1.25
"129","4H_S1","4","Herbicide","1","1","2022",11.8,1.75
"130","4H_S2","4","Herbicide","2","1","2020",7.5,0.75
"131","4H_S2","4","Herbicide","2","1","2021",9.4,0.75
"132","4H_S2","4","Herbicide","2","1","2022",7.7,0.75
"133","4H_S3","4","Herbicide","3","2","2020",10.8,1.75
"134","4H_S3","4","Herbicide","3","2","2021",10.3,1.75
"135","4H_S3","4","Herbicide","3","2","2022",9.8,1.75
"136","4H_S4","4","Herbicide","4","2","2020",10.2,1.75
"137","4H_S4","4","Herbicide","4","2","2021",9.3,1.75
"138","4H_S4","4","Herbicide","4","2","2022",9.1,1.25
"139","4H_S5","4","Herbicide","5","3","2020",11.3,0.75
"140","4H_S5","4","Herbicide","5","3","2021",10.8,0.75
"141","4H_S5","4","Herbicide","5","3","2022",11.2,0.75
"142","4H_S6","4","Herbicide","6","3","2020",12.5,1.25
"143","4H_S6","4","Herbicide","6","3","2021",11.8,1.25
"144","4H_S6","4","Herbicide","6","3","2022",10.5,1.25
"145","5C_S1","5","Control","1","1","2021",9,0.75
"146","5C_S1","5","Control","1","1","2022",11.1,0.75
"147","5C_S2","5","Control","2","1","2021",20.6,2.25
"148","5C_S2","5","Control","2","1","2022",19.7,1.75
"149","5C_S3","5","Control","3","2","2021",11.3,1.75
"150","5C_S3","5","Control","3","2","2022",11.2,1.75
"151","5C_S4","5","Control","4","2","2021",27.7,1.75
"152","5C_S4","5","Control","4","2","2022",26.2,1.75
"153","5C_S5","5","Control","5","3","2021",54,1.75
"154","5C_S5","5","Control","5","3","2022",53.4,1.75
"155","5C_S6","5","Control","6","3","2021",9.6,1.25
"156","5C_S6","5","Control","6","3","2022",9.1,1.25
"157","5H_S1","5","Herbicide","1","1","2021",28.1,2.25
"158","5H_S1","5","Herbicide","1","1","2022",26.8,2.25
"159","5H_S2","5","Herbicide","2","1","2021",20.4,1.75
"160","5H_S2","5","Herbicide","2","1","2022",19.1,1.75
"161","5H_S3","5","Herbicide","3","2","2021",14.6,1.25
"162","5H_S3","5","Herbicide","3","2","2022",13.9,1.75
"163","5H_S4","5","Herbicide","4","2","2021",24.9,1.75
"164","5H_S4","5","Herbicide","4","2","2022",20.4,1.75
"165","5H_S5","5","Herbicide","5","3","2021",22.9,2.25
"166","5H_S5","5","Herbicide","5","3","2022",21.5,2.25
"167","5H_S6","5","Herbicide","6","3","2021",14.8,0.75
"168","5H_S6","5","Herbicide","6","3","2022",11.8,0.75
"169","6C_S1","6","Control","1","1","2021",17,1.75
"170","6C_S1","6","Control","1","1","2022",16.3,1.75
"171","6C_S2","6","Control","2","1","2021",8.3,0.75
"172","6C_S2","6","Control","2","1","2022",7.7,0.75
"173","6C_S3","6","Control","3","2","2021",17.7,1.75
"174","6C_S3","6","Control","3","2","2022",14.9,1.75
"175","6C_S4","6","Control","4","2","2021",14.7,1.75
"176","6C_S4","6","Control","4","2","2022",14.5,1.75
"177","6C_S5","6","Control","5","3","2021",8.7,1.25
"178","6C_S5","6","Control","5","3","2022",7.1,0.75
"179","6C_S6","6","Control","6","3","2021",12.2,1.25
"180","6C_S6","6","Control","6","3","2022",11.4,0.75
"181","6H_S1","6","Herbicide","1","1","2021",8.2,0.75
"182","6H_S1","6","Herbicide","1","1","2022",7.6,0.75
"183","6H_S2","6","Herbicide","2","1","2021",9.2,0.75
"184","6H_S2","6","Herbicide","2","1","2022",8.4,0.75
"185","6H_S3","6","Herbicide","3","2","2021",11.2,0.75
"186","6H_S3","6","Herbicide","3","2","2022",11.1,1.25
"187","6H_S4","6","Herbicide","4","2","2021",24.6,1.75
"188","6H_S4","6","Herbicide","4","2","2022",20.7,1.25
"189","6H_S5","6","Herbicide","5","3","2021",8.3,0.75
"190","6H_S5","6","Herbicide","5","3","2022",8.7,0.75
"191","6H_S6","6","Herbicide","6","3","2021",18.7,1.25
"192","6H_S6","6","Herbicide","6","3","2022",18.4,1.25
"193","7C_S1","7","Control","1","1","2021",16.7,1.75
"194","7C_S1","7","Control","1","1","2022",14,1.25
"195","7C_S2","7","Control","2","1","2021",14.6,1.25
"196","7C_S2","7","Control","2","1","2022",13.1,1.25
"197","7C_S3","7","Control","3","2","2021",10.8,1.25
"198","7C_S3","7","Control","3","2","2022",10,1.25
"199","7C_S4","7","Control","4","2","2021",14.3,0.75
"200","7C_S4","7","Control","4","2","2022",14.3,0.75
"201","7C_S5","7","Control","5","3","2021",14.6,1.75
"202","7C_S5","7","Control","5","3","2022",14.1,1.25
"203","7C_S6","7","Control","6","3","2021",28.8,1.25
"204","7C_S6","7","Control","6","3","2022",27.5,1.25
"205","7H_S1","7","Herbicide","1","1","2021",7.3,0.75
"206","7H_S1","7","Herbicide","1","1","2022",5.6,0.75
"207","7H_S2","7","Herbicide","2","1","2021",14,1.25
"208","7H_S2","7","Herbicide","2","1","2022",13.6,1.25
"209","7H_S3","7","Herbicide","3","2","2021",10.9,0.75
"210","7H_S3","7","Herbicide","3","2","2022",7.3,0.75
"211","7H_S4","7","Herbicide","4","2","2021",12.6,1.25
"212","7H_S4","7","Herbicide","4","2","2022",11.3,1.25
"213","7H_S5","7","Herbicide","5","3","2021",7.5,0.75
"214","7H_S5","7","Herbicide","5","3","2022",7.2,0.75
"215","7H_S6","7","Herbicide","6","3","2021",17.6,1.25
"216","7H_S6","7","Herbicide","6","3","2022",14.7,1.25
"217","8C_S1","8","Control","1","1","2020",9.9,1.75
"218","8C_S1","8","Control","1","1","2021",12.9,1.75
"219","8C_S1","8","Control","1","1","2022",10.9,1.75
"220","8C_S2","8","Control","2","1","2020",9.9,1.25
"221","8C_S2","8","Control","2","1","2021",11.5,1.25
"222","8C_S2","8","Control","2","1","2022",9.7,1.25
"223","8C_S3","8","Control","3","2","2020",14.2,1.75
"224","8C_S3","8","Control","3","2","2021",19,1.75
"225","8C_S3","8","Control","3","2","2022",15.8,1.75
"226","8C_S4","8","Control","4","2","2020",8.1,0.75
"227","8C_S4","8","Control","4","2","2021",10.2,0.75
"228","8C_S4","8","Control","4","2","2022",9,0.75
"229","8C_S5","8","Control","5","3","2020",14.9,1.75
"230","8C_S5","8","Control","5","3","2021",16.4,1.75
"231","8C_S5","8","Control","5","3","2022",15.7,1.75
"232","8C_S6","8","Control","6","3","2020",17.4,1.75
"233","8C_S6","8","Control","6","3","2021",19.7,1.75
"234","8C_S6","8","Control","6","3","2022",18.4,1.75
"235","8H_S1","8","Herbicide","1","1","2020",14,1.75
"236","8H_S1","8","Herbicide","1","1","2021",14.1,1.25
"237","8H_S1","8","Herbicide","1","1","2022",14.8,1.25
"238","8H_S2","8","Herbicide","2","1","2020",10.2,2.25
"239","8H_S2","8","Herbicide","2","1","2021",11.8,2.75
"240","8H_S2","8","Herbicide","2","1","2022",11.1,2.25
"241","8H_S3","8","Herbicide","3","2","2020",8.1,1.25
"242","8H_S3","8","Herbicide","3","2","2021",7.7,1.25
"243","8H_S3","8","Herbicide","3","2","2022",21.6,1.75
"244","8H_S4","8","Herbicide","4","2","2020",11.4,1.25
"245","8H_S4","8","Herbicide","4","2","2021",11.4,1.25
"246","8H_S4","8","Herbicide","4","2","2022",10.9,1.25
"247","8H_S5","8","Herbicide","5","3","2020",9.4,1.25
"248","8H_S5","8","Herbicide","5","3","2021",9.4,1.25
"249","8H_S5","8","Herbicide","5","3","2022",8.7,1.25
"250","8H_S6","8","Herbicide","6","3","2020",13.5,1.75
"251","8H_S6","8","Herbicide","6","3","2021",12.9,1.75
"252","8H_S6","8","Herbicide","6","3","2022",11.7,1.75
"253","9C_S1","9","Control","1","1","2020",15,1.25
"254","9C_S1","9","Control","1","1","2021",14.8,1.75
"255","9C_S1","9","Control","1","1","2022",14.7,1.75
"256","9C_S2","9","Control","2","1","2020",22.8,2.75
"257","9C_S2","9","Control","2","1","2021",21.5,2.75
"258","9C_S2","9","Control","2","1","2022",19.5,2.75
"259","9C_S3","9","Control","3","2","2020",21.1,2.75
"260","9C_S3","9","Control","3","2","2021",23.5,2.75
"261","9C_S3","9","Control","3","2","2022",22,2.75
"262","9C_S4","9","Control","4","2","2020",16.3,2.75
"263","9C_S4","9","Control","4","2","2021",16.7,2.75
"264","9C_S4","9","Control","4","2","2022",17,2.75
"265","9C_S5","9","Control","5","3","2020",11.5,1.75
"266","9C_S5","9","Control","5","3","2021",11,1.75
"267","9C_S5","9","Control","5","3","2022",11.2,1.75
"268","9C_S6","9","Control","6","3","2020",21.2,2.75
"269","9C_S6","9","Control","6","3","2021",22.5,2.75
"270","9C_S6","9","Control","6","3","2022",20.7,2.75
"271","9H_S1","9","Herbicide","1","1","2020",8.6,1.25
"272","9H_S1","9","Herbicide","1","1","2021",10,1.75
"273","9H_S1","9","Herbicide","1","1","2022",9,1.75
"274","9H_S2","9","Herbicide","2","1","2020",14.9,1.75
"275","9H_S2","9","Herbicide","2","1","2021",16.4,1.75
"276","9H_S2","9","Herbicide","2","1","2022",14,1.75
"277","9H_S3","9","Herbicide","3","2","2020",18.5,1.75
"278","9H_S3","9","Herbicide","3","2","2021",20.8,1.75
"279","9H_S3","9","Herbicide","3","2","2022",19,1.75
"280","9H_S4","9","Herbicide","4","2","2020",16,1.75
"281","9H_S4","9","Herbicide","4","2","2021",17.7,1.75
"282","9H_S4","9","Herbicide","4","2","2022",19.4,1.75
"283","9H_S5","9","Herbicide","5","3","2020",11,1.75
"284","9H_S5","9","Herbicide","5","3","2021",11.3,1.75
"285","9H_S5","9","Herbicide","5","3","2022",8.4,1.75
"286","9H_S6","9","Herbicide","6","3","2020",22.2,2.75
"287","9H_S6","9","Herbicide","6","3","2021",26,2.75
"288","9H_S6","9","Herbicide","6","3","2022",18.6,2.75
"289","10C_S1","10","Control","1","1","2020",6.7,1.25
"290","10C_S1","10","Control","1","1","2021",8.5,0.75
"291","10C_S1","10","Control","1","1","2022",7.6,0.75
"292","10C_S2","10","Control","2","1","2020",11,1.25
"293","10C_S2","10","Control","2","1","2021",13.3,1.25
"294","10C_S2","10","Control","2","1","2022",12.2,1.25
"295","10C_S3","10","Control","3","2","2020",15.8,2.75
"296","10C_S3","10","Control","3","2","2021",17.9,2.25
"297","10C_S3","10","Control","3","2","2022",16.8,2.25
"298","10C_S4","10","Control","4","2","2020",9,1.75
"299","10C_S4","10","Control","4","2","2021",12.2,1.25
"300","10C_S4","10","Control","4","2","2022",9.9,1.75
"301","10C_S5","10","Control","5","3","2020",19.4,1.75
"302","10C_S5","10","Control","5","3","2021",21.4,1.75
"303","10C_S5","10","Control","5","3","2022",19.4,1.75
"304","10C_S6","10","Control","6","3","2020",13.4,1.25
"305","10C_S6","10","Control","6","3","2021",11.8,1.25
"306","10C_S6","10","Control","6","3","2022",13.1,1.25
"307","10H_S1","10","Herbicide","1","1","2020",12.5,1.25
"308","10H_S1","10","Herbicide","1","1","2021",12.1,1.25
"309","10H_S1","10","Herbicide","1","1","2022",12.1,1.25
"310","10H_S2","10","Herbicide","2","1","2020",14.7,1.75
"311","10H_S2","10","Herbicide","2","1","2021",16.8,1.75
"312","10H_S2","10","Herbicide","2","1","2022",14.2,1.75
"313","10H_S3","10","Herbicide","3","2","2020",7.8,1.75
"314","10H_S3","10","Herbicide","3","2","2021",10.2,1.75
"315","10H_S3","10","Herbicide","3","2","2022",9.7,1.75
"316","10H_S4","10","Herbicide","4","2","2020",12.6,1.75
"317","10H_S4","10","Herbicide","4","2","2021",10.3,1.75
"318","10H_S4","10","Herbicide","4","2","2022",9.3,1.75
"319","10H_S5","10","Herbicide","5","3","2020",10.3,1.75
"320","10H_S5","10","Herbicide","5","3","2021",11,1.75
"321","10H_S5","10","Herbicide","5","3","2022",10.5,1.75
"322","10H_S6","10","Herbicide","6","3","2020",6.4,0.75
"323","10H_S6","10","Herbicide","6","3","2021",7.7,0.75
"324","10H_S6","10","Herbicide","6","3","2022",7.3,0.75
"325","11C_S1","11","Control","1","1","2020",16.7,1.75
"326","11C_S1","11","Control","1","1","2021",14.3,1.75
"327","11C_S1","11","Control","1","1","2022",13.5,1.75
"328","11C_S2","11","Control","2","1","2020",10.9,1.25
"329","11C_S2","11","Control","2","1","2021",9.7,1.25
"330","11C_S2","11","Control","2","1","2022",7.4,1.25
"331","11C_S3","11","Control","3","2","2020",13.8,1.75
"332","11C_S3","11","Control","3","2","2021",14.4,1.75
"333","11C_S3","11","Control","3","2","2022",13,1.75
"334","11C_S4","11","Control","4","2","2020",9.3,1.75
"335","11C_S4","11","Control","4","2","2021",9.8,1.75
"336","11C_S4","11","Control","4","2","2022",8.6,1.75
"337","11C_S5","11","Control","5","3","2020",6.8,1.25
"338","11C_S5","11","Control","5","3","2021",6.7,1.25
"339","11C_S5","11","Control","5","3","2022",6.3,1.25
"340","11C_S6","11","Control","6","3","2020",16.5,1.25
"341","11C_S6","11","Control","6","3","2021",16.6,1.25
"342","11C_S6","11","Control","6","3","2022",17.2,1.25
"343","11H_S1","11","Herbicide","1","1","2020",8.1,1.25
"344","11H_S1","11","Herbicide","1","1","2021",6.5,1.25
"345","11H_S1","11","Herbicide","1","1","2022",6.3,1.25
"346","11H_S2","11","Herbicide","2","1","2020",17.1,1.25
"347","11H_S2","11","Herbicide","2","1","2021",15.2,1.75
"348","11H_S2","11","Herbicide","2","1","2022",16.6,1.75
"349","11H_S3","11","Herbicide","3","2","2020",11.5,2.25
"350","11H_S3","11","Herbicide","3","2","2021",10.6,2.25
"351","11H_S3","11","Herbicide","3","2","2022",8.3,2.25
"352","11H_S4","11","Herbicide","4","2","2020",11.7,1.25
"353","11H_S4","11","Herbicide","4","2","2021",11.8,1.25
"354","11H_S4","11","Herbicide","4","2","2022",11.4,1.25
"355","11H_S5","11","Herbicide","5","3","2020",11.6,1.25
"356","11H_S5","11","Herbicide","5","3","2021",11.3,1.25
"357","11H_S5","11","Herbicide","5","3","2022",11.9,1.25
"358","11H_S6","11","Herbicide","6","3","2020",15,1.75
"359","11H_S6","11","Herbicide","6","3","2021",13.7,1.75
"360","11H_S6","11","Herbicide","6","3","2022",14.2,1.75
"361","12C_S1","12","Control","1","1","2020",17,2.25
"362","12C_S1","12","Control","1","1","2021",18.3,2.25
"363","12C_S1","12","Control","1","1","2022",17.3,2.25
"364","12C_S2","12","Control","2","1","2020",13.6,1.75
"365","12C_S2","12","Control","2","1","2021",14.9,1.75
"366","12C_S2","12","Control","2","1","2022",13.4,1.75
"367","12C_S3","12","Control","3","2","2020",17.9,2.25
"368","12C_S3","12","Control","3","2","2021",21.1,2.25
"369","12C_S3","12","Control","3","2","2022",18.4,2.25
"370","12C_S4","12","Control","4","2","2020",13.2,1.25
"371","12C_S4","12","Control","4","2","2021",18.2,1.25
"372","12C_S4","12","Control","4","2","2022",13,1.25
"373","12C_S5","12","Control","5","3","2020",17.4,1.75
"374","12C_S5","12","Control","5","3","2021",19.6,1.75
"375","12C_S5","12","Control","5","3","2022",16.6,1.75
"376","12C_S6","12","Control","6","3","2020",15.1,2.75
"377","12C_S6","12","Control","6","3","2021",16.3,2.75
"378","12C_S6","12","Control","6","3","2022",14.1,2.75
"379","12H_S1","12","Herbicide","1","1","2020",15.2,1.25
"380","12H_S1","12","Herbicide","1","1","2021",17.2,1.25
"381","12H_S1","12","Herbicide","1","1","2022",14.6,1.25
"382","12H_S2","12","Herbicide","2","1","2020",12.6,1.25
"383","12H_S2","12","Herbicide","2","1","2021",11.1,1.25
"384","12H_S2","12","Herbicide","2","1","2022",11.5,1.25
"385","12H_S3","12","Herbicide","3","2","2020",7.2,1.25
"386","12H_S3","12","Herbicide","3","2","2021",6.8,1.75
"387","12H_S3","12","Herbicide","3","2","2022",6.6,1.25
"388","12H_S4","12","Herbicide","4","2","2020",12.3,1.75
"389","12H_S4","12","Herbicide","4","2","2021",9.9,1.75
"390","12H_S4","12","Herbicide","4","2","2022",9.2,1.75
"391","12H_S5","12","Herbicide","5","3","2020",14.3,1.75
"392","12H_S5","12","Herbicide","5","3","2021",15.1,1.75
"393","12H_S5","12","Herbicide","5","3","2022",14.4,1.75
"394","12H_S6","12","Herbicide","6","3","2020",22.3,2.25
"395","12H_S6","12","Herbicide","6","3","2021",24.9,2.25
"396","12H_S6","12","Herbicide","6","3","2022",23.7,2.25
"397","13C_S1","13","Control","1","1","2020",7.4,1.25
"398","13C_S1","13","Control","1","1","2021",9.1,1.25
"399","13C_S1","13","Control","1","1","2022",8.1,1.25
"400","13C_S2","13","Control","2","1","2020",14.3,2.25
"401","13C_S2","13","Control","2","1","2021",11.5,2.25
"402","13C_S2","13","Control","2","1","2022",12.4,2.25
"403","13C_S3","13","Control","3","2","2020",16.5,1.75
"404","13C_S3","13","Control","3","2","2021",19.6,1.25
"405","13C_S3","13","Control","3","2","2022",18.1,1.25
"406","13C_S4","13","Control","4","2","2020",8.7,1.75
"407","13C_S4","13","Control","4","2","2021",8.2,1.25
"408","13C_S4","13","Control","4","2","2022",7.3,1.25
"409","13C_S5","13","Control","5","3","2020",17.1,1.75
"410","13C_S5","13","Control","5","3","2021",19.5,2.25
"411","13C_S5","13","Control","5","3","2022",18.1,1.75
"412","13C_S6","13","Control","6","3","2020",20.4,2.75
"413","13C_S6","13","Control","6","3","2021",23.4,2.75
"414","13C_S6","13","Control","6","3","2022",22.9,2.75
"415","13H_S1","13","Herbicide","1","1","2020",14.7,1.25
"416","13H_S1","13","Herbicide","1","1","2021",15.1,1.25
"417","13H_S1","13","Herbicide","1","1","2022",13.8,1.25
"418","13H_S2","13","Herbicide","2","1","2020",15.4,1.75
"419","13H_S2","13","Herbicide","2","1","2021",16.1,1.75
"420","13H_S2","13","Herbicide","2","1","2022",15.1,1.75
"421","13H_S3","13","Herbicide","3","2","2020",10.5,1.75
"422","13H_S3","13","Herbicide","3","2","2021",11.4,1.75
"423","13H_S3","13","Herbicide","3","2","2022",10.6,1.75
"424","13H_S4","13","Herbicide","4","2","2020",11.1,1.25
"425","13H_S4","13","Herbicide","4","2","2021",11.4,1.25
"426","13H_S4","13","Herbicide","4","2","2022",10.8,1.25
"427","13H_S5","13","Herbicide","5","3","2020",8.6,1.25
"428","13H_S5","13","Herbicide","5","3","2021",8.1,1.25
"429","13H_S5","13","Herbicide","5","3","2022",7.9,0.75
"430","13H_S6","13","Herbicide","6","3","2020",8.8,1.25
"431","13H_S6","13","Herbicide","6","3","2021",8.6,1.25
"432","13H_S6","13","Herbicide","6","3","2022",7.8,1.25
"433","14C_S1","14","Control","1","1","2020",10.2,0.75
"434","14C_S1","14","Control","1","1","2021",11.7,0.75
"435","14C_S1","14","Control","1","1","2022",11.1,0.75
"436","14C_S2","14","Control","2","1","2020",17.3,1.25
"437","14C_S2","14","Control","2","1","2021",19.3,0.75
"438","14C_S2","14","Control","2","1","2022",18.7,1.25
"439","14C_S3","14","Control","3","2","2020",10.9,1.25
"440","14C_S3","14","Control","3","2","2021",11.7,1.25
"441","14C_S3","14","Control","3","2","2022",11.7,1.25
"442","14C_S4","14","Control","4","2","2020",16.5,1.75
"443","14C_S4","14","Control","4","2","2021",17.3,1.75
"444","14C_S4","14","Control","4","2","2022",16.3,1.75
"445","14C_S5","14","Control","5","3","2020",8.1,0.75
"446","14C_S5","14","Control","5","3","2021",9.4,0.75
"447","14C_S5","14","Control","5","3","2022",7.2,0.75
"448","14C_S6","14","Control","6","3","2020",13.1,1.25
"449","14C_S6","14","Control","6","3","2021",12.6,1.25
"450","14C_S6","14","Control","6","3","2022",11.8,1.25
"451","14H_S1","14","Herbicide","1","1","2020",9.3,1.25
"452","14H_S1","14","Herbicide","1","1","2021",9.1,1.25
"453","14H_S1","14","Herbicide","1","1","2022",8.4,1.25
"454","14H_S2","14","Herbicide","2","1","2020",11,1.25
"455","14H_S2","14","Herbicide","2","1","2021",12.2,1.25
"456","14H_S2","14","Herbicide","2","1","2022",10.4,1.25
"457","14H_S3","14","Herbicide","3","2","2020",9.5,0.75
"458","14H_S3","14","Herbicide","3","2","2021",9.5,0.75
"459","14H_S3","14","Herbicide","3","2","2022",9.4,0.75
"460","14H_S4","14","Herbicide","4","2","2020",17.4,1.25
"461","14H_S4","14","Herbicide","4","2","2021",18.8,1.25
"462","14H_S4","14","Herbicide","4","2","2022",18.1,1.25
"463","14H_S5","14","Herbicide","5","3","2020",13.9,1.25
"464","14H_S5","14","Herbicide","5","3","2021",16.5,1.25
"465","14H_S5","14","Herbicide","5","3","2022",13.7,0.75
"466","14H_S6","14","Herbicide","6","3","2020",19.8,1.25
"467","14H_S6","14","Herbicide","6","3","2021",22.6,1.25
"468","14H_S6","14","Herbicide","6","3","2022",19.8,1.25
"469","15C_S1","15","Control","1","1","2020",7.9,0.75
"470","15C_S1","15","Control","1","1","2021",6.7,1.25
"471","15C_S1","15","Control","1","1","2022",7.4,0.75
"472","15C_S2","15","Control","2","1","2020",11.4,1.25
"473","15C_S2","15","Control","2","1","2021",17,1.25
"474","15C_S2","15","Control","2","1","2022",11.3,1.25
"475","15C_S3","15","Control","3","2","2020",12.9,1.25
"476","15C_S3","15","Control","3","2","2021",13,0.75
"477","15C_S3","15","Control","3","2","2022",14.3,1.25
"478","15C_S4","15","Control","4","2","2020",11,1.75
"479","15C_S4","15","Control","4","2","2021",11.1,1.75
"480","15C_S4","15","Control","4","2","2022",12.2,1.75
"481","15C_S5","15","Control","5","3","2020",14,2.25
"482","15C_S5","15","Control","5","3","2021",18.8,1.75
"483","15C_S5","15","Control","5","3","2022",15.6,1.75
"484","15C_S6","15","Control","6","3","2020",7.5,0.75
"485","15C_S6","15","Control","6","3","2021",12.1,0.75
"486","15C_S6","15","Control","6","3","2022",11.4,0.75
"487","15H_S1","15","Herbicide","1","1","2020",6.5,0.75
"488","15H_S1","15","Herbicide","1","1","2021",6.4,0.75
"489","15H_S1","15","Herbicide","1","1","2022",7,0.75
"490","15H_S2","15","Herbicide","2","1","2020",8.4,1.25
"491","15H_S2","15","Herbicide","2","1","2021",8.5,0.75
"492","15H_S2","15","Herbicide","2","1","2022",8.4,0.75
"493","15H_S3","15","Herbicide","3","2","2020",11.9,1.75
"494","15H_S3","15","Herbicide","3","2","2021",10.4,1.25
"495","15H_S3","15","Herbicide","3","2","2022",10.7,0.75
"496","15H_S4","15","Herbicide","4","2","2020",12.7,1.75
"497","15H_S4","15","Herbicide","4","2","2021",9.6,1.75
"498","15H_S4","15","Herbicide","4","2","2022",9.8,1.75
"499","15H_S5","15","Herbicide","5","3","2020",8.3,0.75
"500","15H_S5","15","Herbicide","5","3","2021",9.9,0.75
"501","15H_S5","15","Herbicide","5","3","2022",7.9,0.75
"502","15H_S6","15","Herbicide","6","3","2020",15.2,1.25
"503","15H_S6","15","Herbicide","6","3","2021",16.9,1.25
"504","15H_S6","15","Herbicide","6","3","2022",14.9,1.25
"505","16C_S1","16","Control","1","1","2020",11.4,1.75
"506","16C_S1","16","Control","1","1","2021",12,1.75
"507","16C_S1","16","Control","1","1","2022",11.5,1.75
"508","16C_S2","16","Control","2","1","2020",9.2,1.25
"509","16C_S2","16","Control","2","1","2021",9.4,1.25
"510","16C_S2","16","Control","2","1","2022",8.9,1.25
"511","16C_S3","16","Control","3","2","2020",19.2,1.75
"512","16C_S3","16","Control","3","2","2021",20.2,1.75
"513","16C_S3","16","Control","3","2","2022",18.5,1.75
"514","16C_S4","16","Control","4","2","2020",11.8,1.25
"515","16C_S4","16","Control","4","2","2021",11.8,1.25
"516","16C_S4","16","Control","4","2","2022",10.4,1.25
"517","16C_S5","16","Control","5","3","2020",16.6,1.75
"518","16C_S5","16","Control","5","3","2021",17.6,1.75
"519","16C_S5","16","Control","5","3","2022",16,1.75
"520","16C_S6","16","Control","6","3","2020",11.2,1.25
"521","16C_S6","16","Control","6","3","2021",11.5,1.25
"522","16C_S6","16","Control","6","3","2022",11.5,1.25
"523","16H_S1","16","Herbicide","1","1","2020",11.6,1.75
"524","16H_S1","16","Herbicide","1","1","2021",11.5,1.75
"525","16H_S1","16","Herbicide","1","1","2022",9.6,1.75
"526","16H_S2","16","Herbicide","2","1","2020",10.5,1.25
"527","16H_S2","16","Herbicide","2","1","2021",9.8,1.25
"528","16H_S2","16","Herbicide","2","1","2022",9.4,1.25
"529","16H_S3","16","Herbicide","3","2","2020",12.4,1.25
"530","16H_S3","16","Herbicide","3","2","2021",10.1,1.25
"531","16H_S3","16","Herbicide","3","2","2022",10.2,1.25
"532","16H_S4","16","Herbicide","4","2","2020",9.5,1.25
"533","16H_S4","16","Herbicide","4","2","2021",7,1.25
"534","16H_S4","16","Herbicide","4","2","2022",7.6,1.25
"535","16H_S5","16","Herbicide","5","3","2020",10.1,1.75
"536","16H_S5","16","Herbicide","5","3","2021",8.3,1.25
"537","16H_S5","16","Herbicide","5","3","2022",8.9,1.75
"538","16H_S6","16","Herbicide","6","3","2020",10,1.25
"539","16H_S6","16","Herbicide","6","3","2021",8.8,1.75
"540","16H_S6","16","Herbicide","6","3","2022",8.6,1.25
"541","17C_S1","17","Control","1","1","2020",23.2,1.75
"542","17C_S1","17","Control","1","1","2021",23.7,1.75
"543","17C_S1","17","Control","1","1","2022",20.9,1.75
"544","17C_S2","17","Control","2","1","2020",14.3,1.25
"545","17C_S2","17","Control","2","1","2021",12.4,1.25
"546","17C_S2","17","Control","2","1","2022",12.7,1.25
"547","17C_S3","17","Control","3","2","2020",8.2,1.25
"548","17C_S3","17","Control","3","2","2021",8.8,0.75
"549","17C_S3","17","Control","3","2","2022",7.9,0.75
"550","17C_S4","17","Control","4","2","2020",12.6,1.25
"551","17C_S4","17","Control","4","2","2021",13.5,1.75
"552","17C_S4","17","Control","4","2","2022",14.2,1.75
"553","17C_S5","17","Control","5","3","2020",16.5,1.25
"554","17C_S5","17","Control","5","3","2021",13.9,1.25
"555","17C_S5","17","Control","5","3","2022",15.6,1.25
"556","17C_S6","17","Control","6","3","2020",7.6,0.75
"557","17C_S6","17","Control","6","3","2021",6.4,0.75
"558","17C_S6","17","Control","6","3","2022",6.6,0.75
"559","17H_S1","17","Herbicide","1","1","2020",11,1.25
"560","17H_S1","17","Herbicide","1","1","2021",11.6,1.25
"561","17H_S1","17","Herbicide","1","1","2022",11.2,1.25
"562","17H_S2","17","Herbicide","2","1","2020",16.9,1.25
"563","17H_S2","17","Herbicide","2","1","2021",18.2,1.25
"564","17H_S2","17","Herbicide","2","1","2022",17.7,1.25
"565","17H_S3","17","Herbicide","3","2","2020",18.7,1.75
"566","17H_S3","17","Herbicide","3","2","2021",17.2,1.25
"567","17H_S3","17","Herbicide","3","2","2022",15.4,1.75
"568","17H_S4","17","Herbicide","4","2","2020",14.6,1.25
"569","17H_S4","17","Herbicide","4","2","2021",13.7,1.25
"570","17H_S4","17","Herbicide","4","2","2022",13.3,1.25
"571","17H_S5","17","Herbicide","5","3","2020",7.1,1.25
"572","17H_S5","17","Herbicide","5","3","2021",8.8,1.25
"573","17H_S5","17","Herbicide","5","3","2022",6.3,1.25
"574","17H_S6","17","Herbicide","6","3","2020",8.9,0.75
"575","17H_S6","17","Herbicide","6","3","2021",9.4,0.75
"576","17H_S6","17","Herbicide","6","3","2022",8.5,0.75
"577","18C_S1","18","Control","1","1","2020",8,1.25
"578","18C_S1","18","Control","1","1","2021",9.6,1.25
"579","18C_S1","18","Control","1","1","2022",8.6,1.25
"580","18C_S2","18","Control","2","1","2020",12.9,1.25
"581","18C_S2","18","Control","2","1","2021",12.5,1.25
"582","18C_S2","18","Control","2","1","2022",12.2,1.25
"583","18C_S3","18","Control","3","2","2020",17.8,0.75
"584","18C_S3","18","Control","3","2","2021",17.1,1.25
"585","18C_S3","18","Control","3","2","2022",15.9,0.75
"586","18C_S4","18","Control","4","2","2020",15,1.25
"587","18C_S4","18","Control","4","2","2021",16.1,1.25
"588","18C_S4","18","Control","4","2","2022",14.2,1.25
"589","18C_S5","18","Control","5","3","2020",11.2,1.25
"590","18C_S5","18","Control","5","3","2021",9.9,1.25
"591","18C_S5","18","Control","5","3","2022",10.1,1.25
"592","18C_S6","18","Control","6","3","2020",23.6,1.25
"593","18C_S6","18","Control","6","3","2021",24.1,1.75
"594","18C_S6","18","Control","6","3","2022",21.9,1.25
"595","18H_S1","18","Herbicide","1","1","2020",15.3,1.25
"596","18H_S1","18","Herbicide","1","1","2021",13.3,0.75
"597","18H_S1","18","Herbicide","1","1","2022",13.8,1.25
"598","18H_S2","18","Herbicide","2","1","2020",25.9,1.75
"599","18H_S2","18","Herbicide","2","1","2021",26.5,1.75
"600","18H_S2","18","Herbicide","2","1","2022",25.7,1.75
"601","18H_S3","18","Herbicide","3","2","2020",9.4,1.25
"602","18H_S3","18","Herbicide","3","2","2021",10.2,1.25
"603","18H_S3","18","Herbicide","3","2","2022",10,1.25
"604","18H_S4","18","Herbicide","4","2","2020",17.5,1.25
"605","18H_S4","18","Herbicide","4","2","2021",16.6,1.25
"606","18H_S4","18","Herbicide","4","2","2022",16.7,1.25
"607","18H_S5","18","Herbicide","5","3","2020",9.5,1.25
"608","18H_S5","18","Herbicide","5","3","2021",10.6,1.25
"609","18H_S5","18","Herbicide","5","3","2022",10.3,1.25
"610","18H_S6","18","Herbicide","6","3","2020",10.4,1.25
"611","18H_S6","18","Herbicide","6","3","2021",13.2,1.25
"612","18H_S6","18","Herbicide","6","3","2022",11.5,1.25
"613","19C_S1","19","Control","1","1","2020",7.5,1.25
"614","19C_S1","19","Control","1","1","2021",8.7,1.25
"615","19C_S1","19","Control","1","1","2022",8.4,1.25
"616","19C_S2","19","Control","2","1","2020",9.5,0.75
"617","19C_S2","19","Control","2","1","2021",11.2,0.75
"618","19C_S2","19","Control","2","1","2022",10.6,0.75
"619","19C_S3","19","Control","3","2","2020",10.6,1.25
"620","19C_S3","19","Control","3","2","2021",10.2,1.25
"621","19C_S3","19","Control","3","2","2022",10,1.25
"622","19C_S4","19","Control","4","2","2020",10.5,1.25
"623","19C_S4","19","Control","4","2","2021",10.1,1.25
"624","19C_S4","19","Control","4","2","2022",9.8,1.25
"625","19C_S5","19","Control","5","3","2020",15,1.25
"626","19C_S5","19","Control","5","3","2021",13.6,1.25
"627","19C_S5","19","Control","5","3","2022",11.4,1.25
"628","19C_S6","19","Control","6","3","2020",19.8,2.25
"629","19C_S6","19","Control","6","3","2021",25,2.25
"630","19C_S6","19","Control","6","3","2022",21.6,2.25
"631","19H_S1","19","Herbicide","1","1","2020",13.3,1.75
"632","19H_S1","19","Herbicide","1","1","2021",13.9,1.25
"633","19H_S1","19","Herbicide","1","1","2022",13.2,1.25
"634","19H_S2","19","Herbicide","2","1","2020",12.5,1.25
"635","19H_S2","19","Herbicide","2","1","2021",11.2,1.25
"636","19H_S2","19","Herbicide","2","1","2022",9.6,1.25
"637","19H_S3","19","Herbicide","3","2","2020",17.7,1.75
"638","19H_S3","19","Herbicide","3","2","2021",13.2,1.75
"639","19H_S3","19","Herbicide","3","2","2022",11.6,1.75
"640","19H_S4","19","Herbicide","4","2","2020",11.4,1.25
"641","19H_S4","19","Herbicide","4","2","2021",8.6,1.25
"642","19H_S4","19","Herbicide","4","2","2022",8.1,1.25
"643","19H_S5","19","Herbicide","5","3","2020",6.8,0.75
"644","19H_S5","19","Herbicide","5","3","2021",7.9,0.75
"645","19H_S5","19","Herbicide","5","3","2022",6.8,0.75
"646","19H_S6","19","Herbicide","6","3","2020",8.7,0.75
"647","19H_S6","19","Herbicide","6","3","2021",9.1,0.75
"648","19H_S6","19","Herbicide","6","3","2022",9.2,0.75
"649","20C_S1","20","Control","1","1","2020",12.5,1.25
"650","20C_S1","20","Control","1","1","2021",14,1.25
"651","20C_S1","20","Control","1","1","2022",12,1.25
"652","20C_S2","20","Control","2","1","2020",8.8,0.75
"653","20C_S2","20","Control","2","1","2021",8.3,0.75
"654","20C_S2","20","Control","2","1","2022",8,0.75
"655","20C_S3","20","Control","3","2","2020",17.3,1.75
"656","20C_S3","20","Control","3","2","2021",19.4,2.25
"657","20C_S3","20","Control","3","2","2022",18.8,2.25
"658","20C_S4","20","Control","4","2","2020",10.7,1.25
"659","20C_S4","20","Control","4","2","2021",12,1.25
"660","20C_S4","20","Control","4","2","2022",9.4,1.25
"661","20C_S5","20","Control","5","3","2020",14.7,1.25
"662","20C_S5","20","Control","5","3","2021",15.3,1.25
"663","20C_S5","20","Control","5","3","2022",11.6,1.25
"664","20C_S6","20","Control","6","3","2020",11.5,1.75
"665","20C_S6","20","Control","6","3","2021",12.2,2.25
"666","20C_S6","20","Control","6","3","2022",9.7,2.25
"667","20H_S1","20","Herbicide","1","1","2020",11.2,1.25
"668","20H_S1","20","Herbicide","1","1","2021",15.5,1.25
"669","20H_S1","20","Herbicide","1","1","2022",13.7,1.25
"670","20H_S2","20","Herbicide","2","1","2020",12.1,1.75
"671","20H_S2","20","Herbicide","2","1","2021",15.1,1.75
"672","20H_S2","20","Herbicide","2","1","2022",13.7,1.75
"673","20H_S3","20","Herbicide","3","2","2020",8.9,1.25
"674","20H_S3","20","Herbicide","3","2","2021",16.9,1.25
"675","20H_S3","20","Herbicide","3","2","2022",11.9,1.25
"676","20H_S4","20","Herbicide","4","2","2020",12.1,1.25
"677","20H_S4","20","Herbicide","4","2","2021",14,1.25
"678","20H_S4","20","Herbicide","4","2","2022",11.5,1.25
"679","20H_S5","20","Herbicide","5","3","2020",10.9,1.25
"680","20H_S5","20","Herbicide","5","3","2021",15,1.25
"681","20H_S5","20","Herbicide","5","3","2022",10.4,1.25
"682","20H_S6","20","Herbicide","6","3","2020",18,1.25
"683","20H_S6","20","Herbicide","6","3","2021",19,1.75
"684","20H_S6","20","Herbicide","6","3","2022",16.6,1.75
