"","Plot_ID","Year","Block_Num","Treatment","Interspace_Num","Transect_Num","Bare_Cover_Pct","Gravel_Cover_Pct","Litter_Cover_Pct","Annual_Grass_Cover_Pct","Perennial_Grass_Cover_Pct","Annual_Forb_Cover_Pct","Perennial_Forb_Cover_Pct","Shrub_Cover_Pct","Subshrub_Cover_Pct","Total_Plant_Cover_Pct"
"1","1C_I1","2020","1","Control","1","1",85,0,15,0,0,0,0,2.5,0,2.5
"2","1C_I1","2021","1","Control","1","1",85,0,15,2.5,2.5,2.5,0.5,0.5,0,8.5
"3","1C_I1","2022","1","Control","1","1",85,0,15,0,0,15,0,2.5,0,17.5
"4","1C_I2","2020","1","Control","2","1",97.5,0,2.5,0,0,0,0,0,0,0
"5","1C_I2","2021","1","Control","2","1",85,0,2.5,15,0.5,15,0.5,0.5,0,31.5
"6","1C_I2","2022","1","Control","2","1",62.5,0,15,2.5,2.5,15,0,0,0,20
"7","1C_I3","2020","1","Control","3","2",62.5,0,15,0,15,0,2.5,0,0,17.5
"8","1C_I3","2021","1","Control","3","2",62.5,0,2.5,15,0.5,15,0.5,0,0,31
"9","1C_I3","2022","1","Control","3","2",62.5,0,15,2.5,2.5,37.5,0,0,0,42.5
"10","1C_I4","2020","1","Control","4","2",85,0,2.5,0,2.5,0.5,2.5,0,2.5,8
"11","1C_I4","2021","1","Control","4","2",62.5,0,2.5,15,0.5,15,2.5,0,0,33
"12","1C_I4","2022","1","Control","4","2",85,0,15,2.5,2.5,2.5,2.5,0,0,10
"13","1C_I5","2020","1","Control","5","3",97.5,0,2.5,0,0,2.5,0.5,0,0,3
"14","1C_I5","2021","1","Control","5","3",62.5,0,15,15,2.5,2.5,0,2.5,0,22.5
"15","1C_I5","2022","1","Control","5","3",62.5,0,15,2.5,2.5,15,0,0,0,20
"16","1C_I6","2020","1","Control","6","3",85,0,2.5,0,2.5,15,2.5,0,0,20
"17","1C_I6","2021","1","Control","6","3",85,2.5,15,15,0.5,2.5,2.5,0,0,20.5
"18","1C_I6","2022","1","Control","6","3",62.5,0,15,2.5,0,15,0,0,0,17.5
"19","1H_I1","2020","1","Herbicide","1","1",85,0,2.5,0,2.5,2.5,0.5,0,0,5.5
"20","1H_I1","2021","1","Herbicide","1","1",62.5,0,2.5,15,2.5,15,15,0,0,47.5
"21","1H_I1","2022","1","Herbicide","1","1",37.5,0,15,37.5,15,2.5,15,0,0,70
"22","1H_I2","2020","1","Herbicide","2","1",85,0,15,0.5,0,15,2.5,0,0,18
"23","1H_I2","2021","1","Herbicide","2","1",37.5,0,15,37.5,2.5,37.5,2.5,0.5,0,80.5
"24","1H_I2","2022","1","Herbicide","2","1",62.5,0,15,15,2.5,2.5,0,0,0,20
"25","1H_I3","2020","1","Herbicide","3","2",97.5,0,2.5,0,2.5,0,0.5,0,0,3
"26","1H_I3","2021","1","Herbicide","3","2",62.5,0,2.5,2.5,2.5,15,0.5,0,0,20.5
"27","1H_I3","2022","1","Herbicide","3","2",62.5,0,15,15,2.5,0,0,0,0,17.5
"28","1H_I4","2020","1","Herbicide","4","2",85,0,2.5,0,15,0,0.5,0,2.5,18
"29","1H_I4","2021","1","Herbicide","4","2",85,0,2.5,0,2.5,2.5,2.5,0.5,0,8
"30","1H_I4","2022","1","Herbicide","4","2",97.5,0,2.5,0.5,0,0,0,0,0,0.5
"31","1H_I5","2020","1","Herbicide","5","3",97.5,0,2.5,0,0,0.5,0,0,0,0.5
"32","1H_I5","2021","1","Herbicide","5","3",97.5,0,2.5,0,2.5,2.5,2.5,0,0,7.5
"33","1H_I5","2022","1","Herbicide","5","3",85,0.5,2.5,0.5,0,2.5,2.5,0,0,5.5
"34","1H_I6","2020","1","Herbicide","6","3",85,0,15,0,2.5,2.5,0.5,0,0.5,6
"35","1H_I6","2021","1","Herbicide","6","3",85,0,15,15,2.5,15,0,0,0,32.5
"36","1H_I6","2022","1","Herbicide","6","3",62.5,0,15,37.5,0,2.5,0,0,0,40
"37","2C_I1","2020","2","Control","1","1",85,0,2.5,0,2.5,2.5,0,0,0,5
"38","2C_I1","2021","2","Control","1","1",85,0,0.5,2.5,2.5,2.5,2.5,0,0,10
"39","2C_I1","2022","2","Control","1","1",85,0,2.5,2.5,0,2.5,2.5,0,0,7.5
"40","2C_I2","2020","2","Control","2","1",85,0,2.5,0,2.5,2.5,0,0,0,5
"41","2C_I2","2021","2","Control","2","1",97.5,0,0.5,2.5,0.5,0.5,0,0,0,3.5
"42","2C_I2","2022","2","Control","2","1",97.5,0,2.5,0,0,0.5,0,0,0,0.5
"43","2C_I3","2020","2","Control","3","2",85,0,2.5,0,2.5,0,0,2.5,0,5
"44","2C_I3","2021","2","Control","3","2",97.5,0,0.5,2.5,2.5,2.5,0,0,0,7.5
"45","2C_I3","2022","2","Control","3","2",97.5,0,2.5,0,2.5,0,0,0,0,2.5
"46","2C_I4","2020","2","Control","4","2",85,0,2.5,0,15,0.5,0.5,0,0,16
"47","2C_I4","2021","2","Control","4","2",85,0,0.5,0,2.5,2.5,2.5,0,0,7.5
"48","2C_I4","2022","2","Control","4","2",85,0.5,15,2.5,2.5,2.5,0.5,0,0,8
"49","2C_I5","2020","2","Control","5","3",97.5,0,0.5,0,2.5,0,0,0,0,2.5
"50","2C_I5","2021","2","Control","5","3",37.5,0,2.5,2.5,2.5,15,2.5,0,0,22.5
"51","2C_I5","2022","2","Control","5","3",62.5,0,15,2.5,2.5,2.5,2.5,0,0,10
"52","2C_I6","2020","2","Control","6","3",85,0,2.5,0,2.5,2.5,2.5,0,0,7.5
"53","2C_I6","2021","2","Control","6","3",62.5,0,2.5,2.5,0.5,15,15,0,0,33
"54","2C_I6","2022","2","Control","6","3",62.5,2.5,15,15,2.5,0.5,15,0,0,33
"55","2H_I1","2020","2","Herbicide","1","1",85,0,2.5,0,2.5,15,0,0,0,17.5
"56","2H_I1","2021","2","Herbicide","1","1",85,0,2.5,2.5,2.5,2.5,0,0,0,7.5
"57","2H_I1","2022","2","Herbicide","1","1",85,0,2.5,0,2.5,2.5,2.5,0,0,7.5
"58","2H_I2","2020","2","Herbicide","2","1",85,0,2.5,0,2.5,2.5,0.5,0,0,5.5
"59","2H_I2","2021","2","Herbicide","2","1",85,0,2.5,2.5,2.5,2.5,0.5,0,0,8
"60","2H_I2","2022","2","Herbicide","2","1",85,0,15,0,15,15,0.5,0,0,30.5
"61","2H_I3","2020","2","Herbicide","3","2",97.5,0,2.5,0,0.5,0,0,0,0,0.5
"62","2H_I3","2021","2","Herbicide","3","2",97.5,2.5,2.5,0,0.5,0,0,0,0,0.5
"63","2H_I3","2022","2","Herbicide","3","2",85,2.5,2.5,2.5,0,15,2.5,0,0,20
"64","2H_I4","2020","2","Herbicide","4","2",97.5,0,0.5,0,0.5,0,0,0,0,0.5
"65","2H_I4","2021","2","Herbicide","4","2",97.5,2.5,2.5,0.5,0,0,0.5,0,0,1
"66","2H_I4","2022","2","Herbicide","4","2",97.5,2.5,2.5,0,0,0,2.5,0,0,2.5
"67","2H_I5","2020","2","Herbicide","5","3",85,0,2.5,0,2.5,0,0,0,0,2.5
"68","2H_I5","2021","2","Herbicide","5","3",97.5,0,0.5,0,0.5,2.5,0.5,0,0,3.5
"69","2H_I5","2022","2","Herbicide","5","3",85,0.5,15,2.5,0.5,2.5,2.5,0,0,8
"70","2H_I6","2020","2","Herbicide","6","3",85,0,2.5,0,2.5,0,0,0,2.5,5
"71","2H_I6","2021","2","Herbicide","6","3",85,0,2.5,0,0.5,2.5,0,0,0,3
"72","2H_I6","2022","2","Herbicide","6","3",85,0,15,0,2.5,0,2.5,0,0,5
"73","3C_I1","2020","3","Control","1","1",15,0,37.5,0,15,15,15,0,0,45
"74","3C_I1","2021","3","Control","1","1",37.5,0,15,37.5,15,2.5,2.5,0,0,57.5
"75","3C_I1","2022","3","Control","1","1",62.5,0,15,2.5,15,0,2.5,0,0,20
"76","3C_I2","2020","3","Control","2","1",15,0,37.5,0.5,37.5,15,0.5,0,0,53.5
"77","3C_I2","2021","3","Control","2","1",37.5,0,37.5,15,15,15,2.5,0,0,47.5
"78","3C_I2","2022","3","Control","2","1",62.5,0,15,0.5,15,0,0.5,0,0,16
"79","3C_I3","2020","3","Control","3","2",15,0,37.5,0,37.5,2.5,2.5,0,0,42.5
"80","3C_I3","2021","3","Control","3","2",37.5,0,15,15,37.5,2.5,2.5,0,0,57.5
"81","3C_I3","2022","3","Control","3","2",37.5,0,37.5,0,62.5,2.5,0,0,0,65
"82","3C_I4","2020","3","Control","4","2",15,0,37.5,0,37.5,2.5,0,0,0,40
"83","3C_I4","2021","3","Control","4","2",62.5,0,15,15,37.5,2.5,2.5,0,0,57.5
"84","3C_I4","2022","3","Control","4","2",37.5,0,37.5,0,62.5,0,0,0.5,0,63
"85","3C_I5","2020","3","Control","5","3",85,0,15,0,15,0,15,0,0,30
"86","3C_I5","2021","3","Control","5","3",62.5,0,2.5,15,15,15,0,0,0,45
"87","3C_I5","2022","3","Control","5","3",62.5,0,15,15,15,2.5,0,0,0,32.5
"88","3C_I6","2020","3","Control","6","3",85,0,15,2.5,15,2.5,0,0,0,20
"89","3C_I6","2021","3","Control","6","3",62.5,0,2.5,37.5,37.5,2.5,2.5,0,0,80
"90","3C_I6","2022","3","Control","6","3",62.5,0,15,15,2.5,0.5,0,0,0,18
"91","3H_I1","2020","3","Herbicide","1","1",62.5,0,15,0,37.5,15,0.5,0,0,53
"92","3H_I1","2021","3","Herbicide","1","1",62.5,0,15,15,37.5,2.5,0,0,0,55
"93","3H_I1","2022","3","Herbicide","1","1",62.5,0,37.5,0.5,37.5,0,0,0,0,38
"94","3H_I2","2020","3","Herbicide","2","1",62.5,0,15,0,37.5,15,0,0,0,52.5
"95","3H_I2","2021","3","Herbicide","2","1",62.5,0,15,15,15,15,0,0,0,45
"96","3H_I2","2022","3","Herbicide","2","1",62.5,0,15,37.5,15,0,0,0,0,52.5
"97","3H_I3","2020","3","Herbicide","3","2",15,0,15,0,62.5,2.5,0.5,0,0,65.5
"98","3H_I3","2021","3","Herbicide","3","2",37.5,0,2.5,15,62.5,2.5,0,0,0,80
"99","3H_I3","2022","3","Herbicide","3","2",15,0,37.5,0,62.5,0,0,0,0,62.5
"100","3H_I4","2020","3","Herbicide","4","2",37.5,0,15,0,37.5,2.5,2.5,0,0,42.5
"101","3H_I4","2021","3","Herbicide","4","2",37.5,0,15,37.5,15,15,0,0,0,67.5
"102","3H_I4","2022","3","Herbicide","4","2",62.5,0,15,37.5,2.5,2.5,2.5,0,0,45
"103","3H_I5","2020","3","Herbicide","5","3",85,0,37.5,2.5,15,2.5,0.5,0,0,20.5
"104","3H_I5","2021","3","Herbicide","5","3",37.5,0,37.5,15,15,2.5,2.5,0,0,35
"105","3H_I5","2022","3","Herbicide","5","3",37.5,0,15,15,62.5,0,0,0,0,77.5
"106","3H_I6","2020","3","Herbicide","6","3",85,0,37.5,0,2.5,2.5,0,0,0,5
"107","3H_I6","2021","3","Herbicide","6","3",37.5,0,37.5,15,2.5,15,2.5,0,0,35
"108","3H_I6","2022","3","Herbicide","6","3",62.5,0,37.5,15,15,0,2.5,0,0,32.5
"109","4C_I1","2020","4","Control","1","1",85,0,2.5,0,2.5,0.5,0.5,0,0,3.5
"110","4C_I1","2021","4","Control","1","1",62.5,0,2.5,15,2.5,2.5,15,0,0,35
"111","4C_I1","2022","4","Control","1","1",62.5,0,2.5,15,2.5,2.5,2.5,0,0,22.5
"112","4C_I2","2020","4","Control","2","1",85,0,15,0,0,2.5,2.5,0,0,5
"113","4C_I2","2021","4","Control","2","1",62.5,0,15,37.5,0.5,15,15,0,0,68
"114","4C_I2","2022","4","Control","2","1",62.5,0,15,15,2.5,0,2.5,0,0,20
"115","4C_I3","2020","4","Control","3","2",15,0,15,0,37.5,15,15,0,0,67.5
"116","4C_I3","2021","4","Control","3","2",62.5,0,15,15,15,15,15,0,0,60
"117","4C_I3","2022","4","Control","3","2",62.5,0,15,2.5,0.5,2.5,2.5,0,0,8
"118","4C_I4","2020","4","Control","4","2",85,0,15,0,0,15,2.5,0,0,17.5
"119","4C_I4","2021","4","Control","4","2",62.5,0,15,37.5,0,2.5,15,2.5,0,57.5
"120","4C_I4","2022","4","Control","4","2",62.5,0,15,2.5,0,2.5,15,0,0,20
"121","4C_I5","2020","4","Control","5","3",85,0,2.5,0,0,2.5,2.5,0,0,5
"122","4C_I5","2021","4","Control","5","3",37.5,0,2.5,37.5,0,2.5,2.5,0,0,42.5
"123","4C_I5","2022","4","Control","5","3",85,0,15,2.5,0,2.5,2.5,0,0,7.5
"124","4C_I6","2020","4","Control","6","3",62.5,0,15,0,2.5,2.5,0.5,0,0,5.5
"125","4C_I6","2021","4","Control","6","3",37.5,0,15,37.5,15,15,0.5,0,0,68
"126","4C_I6","2022","4","Control","6","3",62.5,0,15,0,15,15,2.5,0,0,32.5
"127","4H_I1","2020","4","Herbicide","1","1",15,0,37.5,0,37.5,15,2.5,0,0,55
"128","4H_I1","2021","4","Herbicide","1","1",37.5,0,15,37.5,15,15,0.5,0,0,68
"129","4H_I1","2022","4","Herbicide","1","1",37.5,0,37.5,37.5,2.5,2.5,2.5,0,0,45
"130","4H_I2","2020","4","Herbicide","2","1",62.5,0,15,2.5,15,2.5,0.5,0,0,20.5
"131","4H_I2","2021","4","Herbicide","2","1",62.5,0,15,2.5,15,2.5,0.5,0,0,20.5
"132","4H_I2","2022","4","Herbicide","2","1",62.5,0,15,15,15,0,2.5,0,0,32.5
"133","4H_I3","2020","4","Herbicide","3","2",62.5,0,37.5,0.5,0,2.5,2.5,0,0,5.5
"134","4H_I3","2021","4","Herbicide","3","2",15,0,15,37.5,0,37.5,2.5,0,0,77.5
"135","4H_I3","2022","4","Herbicide","3","2",37.5,0,15,62.5,0,0.5,0,0,0,63
"136","4H_I4","2020","4","Herbicide","4","2",62.5,0,37.5,0,15,15,15,0,0,45
"137","4H_I4","2021","4","Herbicide","4","2",37.5,0,15,37.5,15,37.5,2.5,0,0,92.5
"138","4H_I4","2022","4","Herbicide","4","2",62.5,0,15,37.5,2.5,0.5,0.5,0,0,41
"139","4H_I5","2020","4","Herbicide","5","3",62.5,0,37.5,0,2.5,15,2.5,0,2.5,22.5
"140","4H_I5","2021","4","Herbicide","5","3",37.5,0,15,37.5,0,15,0.5,0,0,53
"141","4H_I5","2022","4","Herbicide","5","3",62.5,0,15,37.5,2.5,2.5,2.5,0,0,45
"142","4H_I6","2020","4","Herbicide","6","3",62.5,0,15,0.5,2.5,15,2.5,0,0,20.5
"143","4H_I6","2021","4","Herbicide","6","3",37.5,0,2.5,37.5,2.5,15,0.5,0,0,55.5
"144","4H_I6","2022","4","Herbicide","6","3",62.5,0,15,37.5,15,0,0,0,0,52.5
"145","5C_I1","2021","5","Control","1","1",85,0,2.5,2.5,2.5,15,0,0,0,20
"146","5C_I1","2022","5","Control","1","1",85,0.5,15,0,2.5,2.5,0,0,0,5
"147","5C_I2","2021","5","Control","2","1",97.5,0,0.5,0,0.5,2.5,0,0,0,3
"148","5C_I2","2022","5","Control","2","1",97.5,2.5,2.5,0.5,0,2.5,0,0,0,3
"149","5C_I3","2021","5","Control","3","2",97.5,0,2.5,0.5,0,2.5,0,2.5,0,5.5
"150","5C_I3","2022","5","Control","3","2",97.5,2.5,2.5,0,0,0,0,0,0,0
"151","5C_I4","2021","5","Control","4","2",97.5,0,0.5,0,0,0,0,0,0,0
"152","5C_I4","2022","5","Control","4","2",97.5,0,2.5,2.5,0,0,0,0,0,2.5
"153","5C_I5","2021","5","Control","5","3",97.5,2.5,2.5,0,0.5,0,0,0,0,0.5
"154","5C_I5","2022","5","Control","5","3",85,2.5,2.5,0,0,0.5,0,0,0,0.5
"155","5C_I6","2021","5","Control","6","3",97.5,2.5,2.5,0,0,0,2.5,0,0,2.5
"156","5C_I6","2022","5","Control","6","3",85,2.5,2.5,0,0,2.5,2.5,0,0,5
"157","5H_I1","2021","5","Herbicide","1","1",97.5,0.5,2.5,0,0,0.5,2.5,0,0,3
"158","5H_I1","2022","5","Herbicide","1","1",85,0.5,2.5,0,0,15,2.5,0,0,17.5
"159","5H_I2","2021","5","Herbicide","2","1",97.5,0,2.5,0,0,0,0.5,0,0,0.5
"160","5H_I2","2022","5","Herbicide","2","1",97.5,0,2.5,0,0,0,0,0,0,0
"161","5H_I3","2021","5","Herbicide","3","2",85,15,2.5,2.5,0.5,0,2.5,0,0,5.5
"162","5H_I3","2022","5","Herbicide","3","2",85,15,2.5,0,2.5,2.5,0,0,0,5
"163","5H_I4","2021","5","Herbicide","4","2",85,15,2.5,2.5,2.5,0,0,0,0,5
"164","5H_I4","2022","5","Herbicide","4","2",85,15,2.5,0,0.5,2.5,0,0,0,3
"165","5H_I5","2021","5","Herbicide","5","3",85,15,2.5,0.5,0.5,0.5,0,0,0,1.5
"166","5H_I5","2022","5","Herbicide","5","3",85,15,2.5,2.5,0,2.5,0,0,0,5
"167","5H_I6","2021","5","Herbicide","6","3",85,15,2.5,2.5,2.5,0.5,0,0,0,5.5
"168","5H_I6","2022","5","Herbicide","6","3",85,15,2.5,0,2.5,2.5,2.5,0,0,7.5
"169","6C_I1","2021","6","Control","1","1",85,0,2.5,15,0.5,15,2.5,0,0,33
"170","6C_I1","2022","6","Control","1","1",85,0,2.5,0,0,2.5,15,0,0,17.5
"171","6C_I2","2021","6","Control","2","1",85,0,2.5,0.5,2.5,0,2.5,2.5,0,8
"172","6C_I2","2022","6","Control","2","1",97.5,2.5,2.5,0,0,0,0,2.5,0,2.5
"173","6C_I3","2021","6","Control","3","2",85,0,2.5,2.5,0.5,2.5,15,2.5,0,23
"174","6C_I3","2022","6","Control","3","2",85,0,2.5,0,0,0,15,2.5,0,17.5
"175","6C_I4","2021","6","Control","4","2",85,0,0.5,0,0.5,2.5,2.5,2.5,0,8
"176","6C_I4","2022","6","Control","4","2",97.5,0,2.5,0,0,0,2.5,2.5,0,5
"177","6C_I5","2021","6","Control","5","3",85,0,2.5,2.5,2.5,15,15,0,0,35
"178","6C_I5","2022","6","Control","5","3",85,2.5,2.5,2.5,2.5,2.5,15,0,0,22.5
"179","6C_I6","2021","6","Control","6","3",85,0,2.5,2.5,2.5,2.5,15,0,0,22.5
"180","6C_I6","2022","6","Control","6","3",85,0,2.5,2.5,0,2.5,2.5,0.5,0,8
"181","6H_I1","2021","6","Herbicide","1","1",62.5,0,2.5,2.5,2.5,2.5,15,0,0,22.5
"182","6H_I1","2022","6","Herbicide","1","1",85,0,2.5,2.5,2.5,2.5,2.5,0,0,10
"183","6H_I2","2021","6","Herbicide","2","1",37.5,0,15,2.5,2.5,2.5,37.5,0,0,45
"184","6H_I2","2022","6","Herbicide","2","1",85,0,15,2.5,0.5,2.5,2.5,0,0,8
"185","6H_I3","2021","6","Herbicide","3","2",85,2.5,2.5,15,0.5,2.5,15,0,0,33
"186","6H_I3","2022","6","Herbicide","3","2",85,2.5,2.5,2.5,0,15,0,0,0,17.5
"187","6H_I4","2021","6","Herbicide","4","2",62.5,15,2.5,2.5,2.5,15,15,0,0,35
"188","6H_I4","2022","6","Herbicide","4","2",85,15,2.5,2.5,2.5,2.5,0,0,0,7.5
"189","6H_I5","2021","6","Herbicide","5","3",85,0,2.5,2.5,2.5,15,15,0,0,35
"190","6H_I5","2022","6","Herbicide","5","3",85,2.5,2.5,2.5,2.5,15,2.5,0,0,22.5
"191","6H_I6","2021","6","Herbicide","6","3",85,0,2.5,0.5,0.5,2.5,2.5,0.5,0,6.5
"192","6H_I6","2022","6","Herbicide","6","3",97.5,2.5,2.5,2.5,0.5,2.5,0.5,0,0,6
"193","7C_I1","2021","7","Control","1","1",85,0,2.5,15,0.5,15,2.5,0,0,33
"194","7C_I1","2022","7","Control","1","1",85,15,15,2.5,0.5,2.5,15,0,0,20.5
"195","7C_I2","2021","7","Control","2","1",85,0,2.5,0.5,0.5,2.5,15,0,0,18.5
"196","7C_I2","2022","7","Control","2","1",85,2.5,2.5,2.5,0,2.5,15,0.5,0,20.5
"197","7C_I3","2021","7","Control","3","2",85,0,2.5,0.5,0,0.5,2.5,15,0,18.5
"198","7C_I3","2022","7","Control","3","2",97.5,0,2.5,0,0,0,2.5,2.5,0,5
"199","7C_I4","2021","7","Control","4","2",85,0,2.5,2.5,0.5,2.5,2.5,0,0,8
"200","7C_I4","2022","7","Control","4","2",97.5,2.5,2.5,0.5,0,0.5,2.5,0,0,3.5
"201","7C_I5","2021","7","Control","5","3",85,0,2.5,0,0.5,2.5,2.5,0,0,5.5
"202","7C_I5","2022","7","Control","5","3",97.5,0.5,2.5,0.5,0,0.5,0.5,0,0,1.5
"203","7C_I6","2021","7","Control","6","3",85,0,2.5,0,2.5,2.5,15,0,0,20
"204","7C_I6","2022","7","Control","6","3",85,15,2.5,0,0,0,15,0,0,15
"205","7H_I1","2021","7","Herbicide","1","1",85,0,15,15,0.5,2.5,2.5,0,0,20.5
"206","7H_I1","2022","7","Herbicide","1","1",62.5,0,15,15,0.5,15,2.5,0,0,33
"207","7H_I2","2021","7","Herbicide","2","1",85,15,2.5,2.5,0.5,2.5,2.5,0,0,8
"208","7H_I2","2022","7","Herbicide","2","1",85,15,2.5,2.5,2.5,15,2.5,0,0,22.5
"209","7H_I3","2021","7","Herbicide","3","2",85,0,2.5,2.5,0,0.5,15,0,0,18
"210","7H_I3","2022","7","Herbicide","3","2",85,2.5,2.5,2.5,2.5,15,0.5,0,0,20.5
"211","7H_I4","2021","7","Herbicide","4","2",85,0,2.5,15,2.5,15,15,0,2.5,50
"212","7H_I4","2022","7","Herbicide","4","2",62.5,0,2.5,2.5,2.5,37.5,0,0,0,42.5
"213","7H_I5","2021","7","Herbicide","5","3",85,0,2.5,0,0.5,0,2.5,0,0,3
"214","7H_I5","2022","7","Herbicide","5","3",85,2.5,0,0,0,2.5,0,0,0,2.5
"215","7H_I6","2021","7","Herbicide","6","3",85,0,2.5,2.5,2.5,15,2.5,0,0,22.5
"216","7H_I6","2022","7","Herbicide","6","3",85,0,15,0.5,2.5,2.5,0.5,0,0,6
"217","8C_I1","2020","8","Control","1","1",62.5,0,15,0,37.5,2.5,0.5,0,0,40.5
"218","8C_I1","2021","8","Control","1","1",37.5,0,15,15,15,15,2.5,0,0,47.5
"219","8C_I1","2022","8","Control","1","1",85,0,15,2.5,15,2.5,0,0,0,20
"220","8C_I2","2020","8","Control","2","1",37.5,0,15,0,37.5,2.5,2.5,0,2.5,45
"221","8C_I2","2021","8","Control","2","1",37.5,0,15,2.5,15,15,15,0,2.5,50
"222","8C_I2","2022","8","Control","2","1",85,0,15,0,2.5,2.5,2.5,0,2.5,10
"223","8C_I3","2020","8","Control","3","2",62.5,0,15,0,15,2.5,2.5,0,0,20
"224","8C_I3","2021","8","Control","3","2",62.5,0,2.5,15,15,2.5,0,0,0,32.5
"225","8C_I3","2022","8","Control","3","2",85,0,15,0.5,15,0.5,0,0,0,16
"226","8C_I4","2020","8","Control","4","2",85,0,2.5,0,2.5,0.5,0,0,0,3
"227","8C_I4","2021","8","Control","4","2",85,0,2.5,15,15,2.5,2.5,0,0,35
"228","8C_I4","2022","8","Control","4","2",85,0,2.5,0.5,2.5,0,0.5,0,0,3.5
"229","8C_I5","2020","8","Control","5","3",85,0,15,0,15,2.5,2.5,0,0,20
"230","8C_I5","2021","8","Control","5","3",62.5,0,2.5,15,2.5,15,0.5,0,0,33
"231","8C_I5","2022","8","Control","5","3",85,0,15,15,2.5,2.5,0,0,0,20
"232","8C_I6","2020","8","Control","6","3",37.5,0,15,0,37.5,15,2.5,0,0,55
"233","8C_I6","2021","8","Control","6","3",62.5,0,2.5,15,37.5,2.5,15,0,0,70
"234","8C_I6","2022","8","Control","6","3",62.5,0,15,0,15,2.5,2.5,0,0,20
"235","8H_I1","2020","8","Herbicide","1","1",15,0,15,0,62.5,15,2.5,0,0,80
"236","8H_I1","2021","8","Herbicide","1","1",37.5,0,15,2.5,37.5,15,0,0,0,55
"237","8H_I1","2022","8","Herbicide","1","1",37.5,0,15,2.5,37.5,2.5,0,0,0,42.5
"238","8H_I2","2020","8","Herbicide","2","1",15,0,15,0,37.5,15,0,0,0,52.5
"239","8H_I2","2021","8","Herbicide","2","1",37.5,0,15,15,37.5,15,0,0,0,67.5
"240","8H_I2","2022","8","Herbicide","2","1",37.5,0,15,2.5,37.5,15,0,0,0,55
"241","8H_I3","2020","8","Herbicide","3","2",62.5,0,15,0,15,2.5,0,0,0,17.5
"242","8H_I3","2021","8","Herbicide","3","2",62.5,0,15,0,15,0,0,0,0,15
"243","8H_I3","2022","8","Herbicide","3","2",62.5,0,15,0,15,15,0,0,0,30
"244","8H_I4","2020","8","Herbicide","4","2",62.5,0,15,0,15,2.5,0,0,0,17.5
"245","8H_I4","2021","8","Herbicide","4","2",62.5,0,2.5,2.5,15,15,0.5,0,0,33
"246","8H_I4","2022","8","Herbicide","4","2",62.5,0,15,2.5,15,15,2.5,0,0,35
"247","8H_I5","2020","8","Herbicide","5","3",37.5,0,15,0,62.5,15,2.5,0,0,80
"248","8H_I5","2021","8","Herbicide","5","3",62.5,0,15,2.5,37.5,2.5,0,0,0,42.5
"249","8H_I5","2022","8","Herbicide","5","3",37.5,0,15,2.5,37.5,2.5,0,0,0,42.5
"250","8H_I6","2020","8","Herbicide","6","3",15,0,15,0,62.5,15,0,0,0,77.5
"251","8H_I6","2021","8","Herbicide","6","3",37.5,0,15,2.5,37.5,15,0,0,0,55
"252","8H_I6","2022","8","Herbicide","6","3",37.5,0,37.5,15,15,2.5,0,0,0,32.5
"253","9C_I1","2020","9","Control","1","1",85,0,15,0,15,2.5,2.5,0,0,20
"254","9C_I1","2021","9","Control","1","1",85,0,2.5,2.5,15,2.5,2.5,0,0,22.5
"255","9C_I1","2022","9","Control","1","1",62.5,0,15,0,2.5,0,15,0,0,17.5
"256","9C_I2","2020","9","Control","2","1",85,0,2.5,0,15,0.5,0.5,0,2.5,18.5
"257","9C_I2","2021","9","Control","2","1",85,0,2.5,2.5,2.5,0.5,2.5,0,0,8
"258","9C_I2","2022","9","Control","2","1",85,0,15,0,2.5,0,2.5,0,0,5
"259","9C_I3","2020","9","Control","3","2",85,0,2.5,0,0,2.5,2.5,0,0,5
"260","9C_I3","2021","9","Control","3","2",85,0,2.5,2.5,2.5,2.5,2.5,0,0,10
"261","9C_I3","2022","9","Control","3","2",85,0,2.5,0,2.5,0,15,0,0,17.5
"262","9C_I4","2020","9","Control","4","2",85,0,15,0,0,0.5,2.5,0,0,3
"263","9C_I4","2021","9","Control","4","2",62.5,0,2.5,37.5,0,15,15,0,0,67.5
"264","9C_I4","2022","9","Control","4","2",62.5,0,15,2.5,0,15,15,0,0,32.5
"265","9C_I5","2020","9","Control","5","3",85,0,15,0,15,2.5,2.5,0,2.5,22.5
"266","9C_I5","2021","9","Control","5","3",85,0,2.5,15,0,15,15,0,0,45
"267","9C_I5","2022","9","Control","5","3",62.5,0,15,0,2.5,0,15,0,0,17.5
"268","9C_I6","2020","9","Control","6","3",62.5,0,15,0,15,2.5,2.5,0,0,20
"269","9C_I6","2021","9","Control","6","3",62.5,0,2.5,15,15,15,15,0,0,60
"270","9C_I6","2022","9","Control","6","3",62.5,0,15,0.5,2.5,2.5,15,0,0,20.5
"271","9H_I1","2020","9","Herbicide","1","1",62.5,0,15,0,15,2.5,2.5,0,37.5,57.5
"272","9H_I1","2021","9","Herbicide","1","1",62.5,0,15,15,15,2.5,0.5,0,15,48
"273","9H_I1","2022","9","Herbicide","1","1",62.5,0,15,15,15,15,0,0,0,45
"274","9H_I2","2020","9","Herbicide","2","1",85,0,2.5,0,15,0,0.5,0,0,15.5
"275","9H_I2","2021","9","Herbicide","2","1",85,0,2.5,15,15,2.5,2.5,0,0.5,35.5
"276","9H_I2","2022","9","Herbicide","2","1",62.5,0,15,2.5,15,0,2.5,0,0,20
"277","9H_I3","2020","9","Herbicide","3","2",62.5,0,37.5,0,2.5,2.5,2.5,0,2.5,10
"278","9H_I3","2021","9","Herbicide","3","2",62.5,0,2.5,15,2.5,15,0,0,2.5,35
"279","9H_I3","2022","9","Herbicide","3","2",85,0,15,0,2.5,2.5,0,0,0,5
"280","9H_I4","2020","9","Herbicide","4","2",62.5,0,15,0,15,2.5,2.5,0,2.5,22.5
"281","9H_I4","2021","9","Herbicide","4","2",62.5,0,2.5,15,2.5,0.5,0,0,2.5,20.5
"282","9H_I4","2022","9","Herbicide","4","2",85,0,15,15,2.5,0,2.5,0,0,20
"283","9H_I5","2020","9","Herbicide","5","3",97.5,0,2.5,0,0,0,0,2.5,0,2.5
"284","9H_I5","2021","9","Herbicide","5","3",85,0,2.5,2.5,2.5,0.5,0.5,0,0,6
"285","9H_I5","2022","9","Herbicide","5","3",85,0,2.5,2.5,0.5,2.5,15,0,0,20.5
"286","9H_I6","2020","9","Herbicide","6","3",85,0,15,0,0,2.5,2.5,0,0,5
"287","9H_I6","2021","9","Herbicide","6","3",85,0,2.5,0.5,2.5,2.5,2.5,0,0,8
"288","9H_I6","2022","9","Herbicide","6","3",97.5,0,2.5,0.5,0,0,0,0,0,0.5
"289","10C_I1","2020","10","Control","1","1",15,0,15,0,62.5,0.5,0,0,0,63
"290","10C_I1","2021","10","Control","1","1",15,0,15,0,62.5,0.5,2.5,0,2.5,68
"291","10C_I1","2022","10","Control","1","1",62.5,0,15,0,37.5,0,2.5,0,2.5,42.5
"292","10C_I2","2020","10","Control","2","1",15,0,15,0,62.5,2.5,15,0,0,80
"293","10C_I2","2021","10","Control","2","1",15,0,15,15,37.5,15,2.5,0,0,70
"294","10C_I2","2022","10","Control","2","1",62.5,0,15,0,37.5,0,15,0,0,52.5
"295","10C_I3","2020","10","Control","3","2",15,0,15,0,62.5,2.5,0.5,2.5,0,68
"296","10C_I3","2021","10","Control","3","2",37.5,0,15,15,37.5,2.5,2.5,0,0,57.5
"297","10C_I3","2022","10","Control","3","2",37.5,0,37.5,0,37.5,2.5,15,0,0,55
"298","10C_I4","2020","10","Control","4","2",37.5,0,15,0,62.5,0.5,0,0,0,63
"299","10C_I4","2021","10","Control","4","2",37.5,0,15,2.5,37.5,15,0,0,0,55
"300","10C_I4","2022","10","Control","4","2",62.5,0,15,0,37.5,2.5,0,0,0,40
"301","10C_I5","2020","10","Control","5","3",85,0,15,0,15,0,0,2.5,0,17.5
"302","10C_I5","2021","10","Control","5","3",62.5,0,15,2.5,15,15,0,0,0,32.5
"303","10C_I5","2022","10","Control","5","3",85,0,15,0,15,0,0,2.5,0,17.5
"304","10C_I6","2020","10","Control","6","3",62.5,0,2.5,0,37.5,0,0,0,0,37.5
"305","10C_I6","2021","10","Control","6","3",62.5,0,2.5,0,37.5,2.5,0,0,0,40
"306","10C_I6","2022","10","Control","6","3",62.5,0,15,0,15,0,0,0,0,15
"307","10H_I1","2020","10","Herbicide","1","1",62.5,0,15,0,37.5,2.5,0,0,0,40
"308","10H_I1","2021","10","Herbicide","1","1",62.5,0,2.5,0,37.5,2.5,0.5,0,0,40.5
"309","10H_I1","2022","10","Herbicide","1","1",62.5,0,15,0,15,2.5,0,0,0,17.5
"310","10H_I2","2020","10","Herbicide","2","1",85,0,2.5,0,0,0,0,0,15,15
"311","10H_I2","2021","10","Herbicide","2","1",85,0,2.5,2.5,0.5,2.5,0,0,15,20.5
"312","10H_I2","2022","10","Herbicide","2","1",85,2.5,2.5,0,2.5,0,0,0,0.5,3
"313","10H_I3","2020","10","Herbicide","3","2",85,0,15,0,2.5,0.5,2.5,0,0,5.5
"314","10H_I3","2021","10","Herbicide","3","2",37.5,0,37.5,15,2.5,2.5,2.5,0,0,22.5
"315","10H_I3","2022","10","Herbicide","3","2",62.5,0,15,15,15,15,0,0,0,45
"316","10H_I4","2020","10","Herbicide","4","2",62.5,0,15,0,15,0,2.5,0,0,17.5
"317","10H_I4","2021","10","Herbicide","4","2",62.5,0,15,15,37.5,15,2.5,0,0,70
"318","10H_I4","2022","10","Herbicide","4","2",85,0,15,0,15,2.5,0,0,0,17.5
"319","10H_I5","2020","10","Herbicide","5","3",15,0,15,0,62.5,2.5,2.5,0,0,67.5
"320","10H_I5","2021","10","Herbicide","5","3",15,0,15,2.5,62.5,37.5,0,0,0,102.5
"321","10H_I5","2022","10","Herbicide","5","3",62.5,0,15,2.5,15,2.5,2.5,0,0,22.5
"322","10H_I6","2020","10","Herbicide","6","3",37.5,0,15,0,37.5,2.5,0,0,0,40
"323","10H_I6","2021","10","Herbicide","6","3",37.5,0,15,2.5,37.5,15,0,0,0,55
"324","10H_I6","2022","10","Herbicide","6","3",37.5,0,15,0,37.5,2.5,0,0,0,40
"325","11C_I1","2020","11","Control","1","1",85,0,15,0,2.5,2.5,0.5,0,0,5.5
"326","11C_I1","2021","11","Control","1","1",62.5,0,15,2.5,2.5,15,2.5,2.5,0,25
"327","11C_I1","2022","11","Control","1","1",85,0,15,2.5,2.5,2.5,2.5,2.5,0,12.5
"328","11C_I2","2020","11","Control","2","1",85,0,2.5,0,0.5,2.5,0.5,0,0,3.5
"329","11C_I2","2021","11","Control","2","1",62.5,0,2.5,15,0.5,15,2.5,0,0,33
"330","11C_I2","2022","11","Control","2","1",85,2.5,15,2.5,0.5,15,15,0,0,33
"331","11C_I3","2020","11","Control","3","2",62.5,0,15,0,15,2.5,2.5,0,0,20
"332","11C_I3","2021","11","Control","3","2",37.5,0,15,15,15,15,2.5,0,0,47.5
"333","11C_I3","2022","11","Control","3","2",85,0,15,2.5,2.5,2.5,2.5,0,0,10
"334","11C_I4","2020","11","Control","4","2",37.5,0,15,0,62.5,15,0.5,0,0,78
"335","11C_I4","2021","11","Control","4","2",37.5,0,15,2.5,37.5,15,2.5,0,0,57.5
"336","11C_I4","2022","11","Control","4","2",62.5,0,37.5,0,15,2.5,0,0,0,17.5
"337","11C_I5","2020","11","Control","5","3",62.5,0,15,0,2.5,2.5,2.5,2.5,0,10
"338","11C_I5","2021","11","Control","5","3",62.5,0,2.5,15,2.5,37.5,15,0,0,70
"339","11C_I5","2022","11","Control","5","3",85,0,15,2.5,2.5,2.5,0.5,0,0,8
"340","11C_I6","2020","11","Control","6","3",85,0,2.5,0,2.5,2.5,0.5,0,0,5.5
"341","11C_I6","2021","11","Control","6","3",62.5,0,2.5,15,15,15,15,0,0,60
"342","11C_I6","2022","11","Control","6","3",85,0,15,0.5,15,2.5,0,0,0,18
"343","11H_I1","2020","11","Herbicide","1","1",62.5,0,15,0,15,2.5,0,0,0,17.5
"344","11H_I1","2021","11","Herbicide","1","1",37.5,0,15,15,15,15,0.5,0,0,45.5
"345","11H_I1","2022","11","Herbicide","1","1",62.5,0,15,15,15,0,0,0,0,30
"346","11H_I2","2020","11","Herbicide","2","1",85,0,15,0,15,2.5,0,0,0,17.5
"347","11H_I2","2021","11","Herbicide","2","1",62.5,0,15,15,15,15,2.5,0,0,47.5
"348","11H_I2","2022","11","Herbicide","2","1",85,0,15,15,2.5,2.5,2.5,0,0,22.5
"349","11H_I3","2020","11","Herbicide","3","2",62.5,0,37.5,0,15,0.5,0,0,0,15.5
"350","11H_I3","2021","11","Herbicide","3","2",62.5,0,2.5,15,2.5,37.5,0,0,0,55
"351","11H_I3","2022","11","Herbicide","3","2",62.5,0,15,37.5,2.5,2.5,0,0,0,42.5
"352","11H_I4","2020","11","Herbicide","4","2",62.5,0,15,0,2.5,15,0.5,15,0,33
"353","11H_I4","2021","11","Herbicide","4","2",37.5,0,2.5,15,2.5,15,2.5,15,0,50
"354","11H_I4","2022","11","Herbicide","4","2",62.5,0,15,15,2.5,2.5,0,15,0,35
"355","11H_I5","2020","11","Herbicide","5","3",37.5,0,37.5,0,15,0.5,15,0,0,30.5
"356","11H_I5","2021","11","Herbicide","5","3",62.5,0,15,15,15,15,0.5,0,0,45.5
"357","11H_I5","2022","11","Herbicide","5","3",37.5,0,15,37.5,15,0,0,0,0,52.5
"358","11H_I6","2020","11","Herbicide","6","3",15,0,37.5,0,62.5,0.5,2.5,15,0,80.5
"359","11H_I6","2021","11","Herbicide","6","3",37.5,0,15,0.5,37.5,15,0,15,2.5,70.5
"360","11H_I6","2022","11","Herbicide","6","3",37.5,0,37.5,2.5,37.5,2.5,0,2.5,0,45
"361","12C_I1","2020","12","Control","1","1",37.5,0,15,0,15,0.5,2.5,37.5,0,55.5
"362","12C_I1","2021","12","Control","1","1",62.5,0,15,2.5,15,37.5,15,15,0,85
"363","12C_I1","2022","12","Control","1","1",37.5,0,15,2.5,15,15,15,15,0,62.5
"364","12C_I2","2020","12","Control","2","1",15,0,15,0,15,15,2.5,15,0,47.5
"365","12C_I2","2021","12","Control","2","1",37.5,0,15,15,15,15,2.5,37.5,0,85
"366","12C_I2","2022","12","Control","2","1",37.5,0,15,2.5,15,0,0,37.5,0,55
"367","12C_I3","2020","12","Control","3","2",37.5,0,37.5,0,37.5,2.5,2.5,0,0,42.5
"368","12C_I3","2021","12","Control","3","2",62.5,0,15,2.5,15,15,15,0,0,47.5
"369","12C_I3","2022","12","Control","3","2",62.5,0,37.5,15,15,2.5,2.5,0,0,35
"370","12C_I4","2020","12","Control","4","2",15,0,15,0,62.5,15,2.5,0,0,80
"371","12C_I4","2021","12","Control","4","2",37.5,0,2.5,2.5,37.5,15,15,0.5,0,70.5
"372","12C_I4","2022","12","Control","4","2",62.5,0,15,2.5,37.5,0,2.5,0,0,42.5
"373","12C_I5","2020","12","Control","5","3",62.5,0,37.5,0,15,15,2.5,0,0,32.5
"374","12C_I5","2021","12","Control","5","3",62.5,0,15,2.5,15,15,2.5,2.5,0,37.5
"375","12C_I5","2022","12","Control","5","3",85,0,15,0.5,2.5,15,0,0,0,18
"376","12C_I6","2020","12","Control","6","3",85,0,15,0,15,2.5,2.5,15,0,35
"377","12C_I6","2021","12","Control","6","3",62.5,0,15,2.5,2.5,15,2.5,15,0,37.5
"378","12C_I6","2022","12","Control","6","3",62.5,0,15,15,2.5,2.5,0,15,0,35
"379","12H_I1","2020","12","Herbicide","1","1",15,0,15,0,62.5,15,15,2.5,0,95
"380","12H_I1","2021","12","Herbicide","1","1",37.5,0,15,0,15,37.5,0,2.5,0,55
"381","12H_I1","2022","12","Herbicide","1","1",62.5,0,15,15,15,2.5,2.5,0,0,35
"382","12H_I2","2020","12","Herbicide","2","1",15,0,15,0,62.5,2.5,2.5,0,0,67.5
"383","12H_I2","2021","12","Herbicide","2","1",37.5,0,15,2.5,37.5,2.5,0,0,0,42.5
"384","12H_I2","2022","12","Herbicide","2","1",37.5,0,15,15,15,2.5,0,0,0,32.5
"385","12H_I3","2020","12","Herbicide","3","2",37.5,0,15,0,37.5,2.5,2.5,0,0,42.5
"386","12H_I3","2021","12","Herbicide","3","2",62.5,0,15,15,37.5,15,0,0,0,67.5
"387","12H_I3","2022","12","Herbicide","3","2",37.5,0,15,15,37.5,2.5,0,0,0,55
"388","12H_I4","2020","12","Herbicide","4","2",37.5,0,15,0,2.5,2.5,2.5,37.5,0,45
"389","12H_I4","2021","12","Herbicide","4","2",62.5,0,15,15,2.5,15,2.5,37.5,0,72.5
"390","12H_I4","2022","12","Herbicide","4","2",62.5,0,15,15,2.5,15,0,15,0,47.5
"391","12H_I5","2020","12","Herbicide","5","3",85,0,15,0,2.5,0,0.5,0,0,3
"392","12H_I5","2021","12","Herbicide","5","3",85,0,15,15,2.5,2.5,2.5,0,0,22.5
"393","12H_I5","2022","12","Herbicide","5","3",62.5,0,15,15,15,0,0,0,0,30
"394","12H_I6","2020","12","Herbicide","6","3",15,0,15,0,62.5,15,0,2.5,0,80
"395","12H_I6","2021","12","Herbicide","6","3",15,0,15,2.5,37.5,15,15,2.5,0,72.5
"396","12H_I6","2022","12","Herbicide","6","3",37.5,0,15,15,37.5,0,0,0.5,0,53
"397","13C_I1","2020","13","Control","1","1",85,0,2.5,0,2.5,0.5,2.5,0,0,5.5
"398","13C_I1","2021","13","Control","1","1",62.5,0,2.5,37.5,15,2.5,2.5,0,0,57.5
"399","13C_I1","2022","13","Control","1","1",85,0,15,2.5,2.5,2.5,2.5,0,0,10
"400","13C_I2","2020","13","Control","2","1",62.5,0,15,0,37.5,0.5,2.5,0,0,40.5
"401","13C_I2","2021","13","Control","2","1",62.5,0,2.5,15,15,15,0.5,0,0,45.5
"402","13C_I2","2022","13","Control","2","1",62.5,0,37.5,15,2.5,15,2.5,0,0,35
"403","13C_I3","2020","13","Control","3","2",62.5,0,37.5,0,15,2.5,37.5,15,0,70
"404","13C_I3","2021","13","Control","3","2",62.5,0,15,15,0.5,2.5,2.5,15,0,35.5
"405","13C_I3","2022","13","Control","3","2",37.5,0,37.5,2.5,2.5,15,0,15,0,35
"406","13C_I4","2020","13","Control","4","2",85,0,2.5,0,0,0,2.5,2.5,0,5
"407","13C_I4","2021","13","Control","4","2",85,0,15,15,2.5,15,2.5,0,0,35
"408","13C_I4","2022","13","Control","4","2",85,0,15,2.5,15,0.5,0.5,0,0,18.5
"409","13C_I5","2020","13","Control","5","3",85,0,2.5,0,15,2.5,2.5,0,0,20
"410","13C_I5","2021","13","Control","5","3",62.5,0,2.5,15,15,15,2.5,0,0,47.5
"411","13C_I5","2022","13","Control","5","3",62.5,0,15,2.5,15,0,0,0,0,17.5
"412","13C_I6","2020","13","Control","6","3",85,0,15,0,0,0.5,2.5,0,0,3
"413","13C_I6","2021","13","Control","6","3",37.5,0,15,15,2.5,15,0.5,0,0,33
"414","13C_I6","2022","13","Control","6","3",85,0,15,2.5,0,0.5,0.5,0,0,3.5
"415","13H_I1","2020","13","Herbicide","1","1",37.5,0,15,0,37.5,0,0,0.5,0,38
"416","13H_I1","2021","13","Herbicide","1","1",62.5,0,15,2.5,37.5,15,0.5,2.5,0,58
"417","13H_I1","2022","13","Herbicide","1","1",62.5,0,15,2.5,37.5,15,0,0,0,55
"418","13H_I2","2020","13","Herbicide","2","1",97.5,0,2.5,0,0.5,0,0.5,0,0,1
"419","13H_I2","2021","13","Herbicide","2","1",85,0,2.5,15,2.5,15,0,0,0,32.5
"420","13H_I2","2022","13","Herbicide","2","1",62.5,0,15,15,0.5,37.5,0,0,0,53
"421","13H_I3","2020","13","Herbicide","3","2",62.5,0,2.5,0,15,0.5,2.5,15,0,33
"422","13H_I3","2021","13","Herbicide","3","2",62.5,0,2.5,15,15,2.5,2.5,15,0,50
"423","13H_I3","2022","13","Herbicide","3","2",37.5,0,15,2.5,15,15,0,15,0,47.5
"424","13H_I4","2020","13","Herbicide","4","2",37.5,0,15,0,37.5,0,0.5,0,0,38
"425","13H_I4","2021","13","Herbicide","4","2",62.5,0,15,15,15,15,0,0,0,45
"426","13H_I4","2022","13","Herbicide","4","2",37.5,0,15,15,37.5,37.5,0,0,0,90
"427","13H_I5","2020","13","Herbicide","5","3",62.5,0,15,0,37.5,0.5,0,15,0,53
"428","13H_I5","2021","13","Herbicide","5","3",62.5,0,2.5,2.5,15,15,0,15,0,47.5
"429","13H_I5","2022","13","Herbicide","5","3",37.5,0,37.5,0,2.5,37.5,2.5,2.5,0,45
"430","13H_I6","2020","13","Herbicide","6","3",37.5,0,15,0,37.5,2.5,2.5,0,0,42.5
"431","13H_I6","2021","13","Herbicide","6","3",62.5,0,15,15,15,15,2.5,0,0,47.5
"432","13H_I6","2022","13","Herbicide","6","3",37.5,0,15,15,15,37.5,2.5,0,0,70
"433","14C_I1","2020","14","Control","1","1",85,0,2.5,0,0,0,15,0,15,30
"434","14C_I1","2021","14","Control","1","1",62.5,0,2.5,15,2.5,2.5,15,2.5,2.5,40
"435","14C_I1","2022","14","Control","1","1",62.5,0,2.5,0.5,2.5,2.5,15,2.5,0,23
"436","14C_I2","2020","14","Control","2","1",85,0,2.5,0,0,0,2.5,0,15,17.5
"437","14C_I2","2021","14","Control","2","1",37.5,0,0.5,15,0.5,15,15,0,15,60.5
"438","14C_I2","2022","14","Control","2","1",62.5,0,15,0.5,2.5,2.5,15,0,0,20.5
"439","14C_I3","2020","14","Control","3","2",97.5,0,0.5,0,0,0,2.5,0,0,2.5
"440","14C_I3","2021","14","Control","3","2",85,0,2.5,0,2.5,2.5,2.5,0,0,7.5
"441","14C_I3","2022","14","Control","3","2",85,2.5,2.5,0,2.5,0.5,15,0,0,18
"442","14C_I4","2020","14","Control","4","2",37.5,0,2.5,0,2.5,0,0,37.5,15,55
"443","14C_I4","2021","14","Control","4","2",37.5,0,2.5,15,2.5,15,2.5,37.5,0,72.5
"444","14C_I4","2022","14","Control","4","2",62.5,0,15,0.5,2.5,2.5,15,37.5,0,58
"445","14C_I5","2020","14","Control","5","3",97.5,0,2.5,0,0,0.5,0.5,0,0,1
"446","14C_I5","2021","14","Control","5","3",62.5,0,2.5,2.5,0.5,37.5,2.5,0,0,43
"447","14C_I5","2022","14","Control","5","3",85,0,2.5,0,2.5,15,15,0,0,32.5
"448","14C_I6","2020","14","Control","6","3",97.5,0,2.5,0,2.5,0,2.5,0,0,5
"449","14C_I6","2021","14","Control","6","3",62.5,0,2.5,2.5,15,15,2.5,0,0,35
"450","14C_I6","2022","14","Control","6","3",85,0,2.5,0,0,2.5,2.5,0,0,5
"451","14H_I1","2020","14","Herbicide","1","1",97.5,0,0.5,0,0,0,0,0,0,0
"452","14H_I1","2021","14","Herbicide","1","1",97.5,0,2.5,2.5,0,2.5,2.5,0,0,7.5
"453","14H_I1","2022","14","Herbicide","1","1",85,2.5,2.5,2.5,0.5,2.5,0,0,0,5.5
"454","14H_I2","2020","14","Herbicide","2","1",85,0,2.5,0,15,0,0,0,0,15
"455","14H_I2","2021","14","Herbicide","2","1",15,0,2.5,37.5,2.5,37.5,2.5,2.5,0,82.5
"456","14H_I2","2022","14","Herbicide","2","1",37.5,0,2.5,37.5,15,37.5,0.5,0,0,90.5
"457","14H_I3","2020","14","Herbicide","3","2",85,0,2.5,0,2.5,0,0,0,0,2.5
"458","14H_I3","2021","14","Herbicide","3","2",62.5,0,0.5,2.5,2.5,37.5,0,0,0,42.5
"459","14H_I3","2022","14","Herbicide","3","2",85,0,2.5,0.5,0,15,0,0,0,15.5
"460","14H_I4","2020","14","Herbicide","4","2",85,0,2.5,0,0,0,2.5,0,0,2.5
"461","14H_I4","2021","14","Herbicide","4","2",62.5,0,2.5,15,0.5,15,15,0.5,0,46
"462","14H_I4","2022","14","Herbicide","4","2",85,0,2.5,2.5,0,15,0,0,0,17.5
"463","14H_I5","2020","14","Herbicide","5","3",85,0,2.5,0,2.5,0,2.5,0,2.5,7.5
"464","14H_I5","2021","14","Herbicide","5","3",37.5,0,2.5,37.5,0,15,15,0,2.5,70
"465","14H_I5","2022","14","Herbicide","5","3",62.5,0,15,15,2.5,2.5,0.5,0,0,20.5
"466","14H_I6","2020","14","Herbicide","6","3",62.5,0,2.5,0,0,0,15,0,0,15
"467","14H_I6","2021","14","Herbicide","6","3",37.5,0,2.5,15,15,15,37.5,0,0,82.5
"468","14H_I6","2022","14","Herbicide","6","3",37.5,0,15,37.5,2.5,15,0,0,0,55
"469","15C_I1","2020","15","Control","1","1",97.5,0,2.5,0,0,0,0.5,0,0,0.5
"470","15C_I1","2021","15","Control","1","1",85,0,2.5,0,2.5,15,0.5,0,0,18
"471","15C_I1","2022","15","Control","1","1",97.5,2.5,2.5,0,0,2.5,0,0,0,2.5
"472","15C_I2","2020","15","Control","2","1",97.5,0,0.5,0,0,0,2.5,0,0,2.5
"473","15C_I2","2021","15","Control","2","1",62.5,0,2.5,15,2.5,15,2.5,0.5,0,35.5
"474","15C_I2","2022","15","Control","2","1",85,0,2.5,0,0,2.5,15,2.5,0,20
"475","15C_I3","2020","15","Control","3","2",85,0,2.5,0,0,0,2.5,0,0,2.5
"476","15C_I3","2021","15","Control","3","2",62.5,0,2.5,15,2.5,15,15,2.5,0,50
"477","15C_I3","2022","15","Control","3","2",85,0,2.5,0.5,0.5,2.5,15,2.5,0,21
"478","15C_I4","2020","15","Control","4","2",97.5,0,0.5,0,0,0,2.5,0,0,2.5
"479","15C_I4","2021","15","Control","4","2",62.5,0,2.5,2.5,0.5,37.5,2.5,0,0,43
"480","15C_I4","2022","15","Control","4","2",85,0,2.5,0,0,0,15,0,0,15
"481","15C_I5","2020","15","Control","5","3",85,0,2.5,0,0,0,2.5,0,0,2.5
"482","15C_I5","2021","15","Control","5","3",85,0,2.5,2.5,0,15,2.5,2.5,2.5,25
"483","15C_I5","2022","15","Control","5","3",85,0,2.5,0,2.5,2.5,15,2.5,0,22.5
"484","15C_I6","2020","15","Control","6","3",62.5,0,2.5,0,0,0,15,0,2.5,17.5
"485","15C_I6","2021","15","Control","6","3",37.5,0,2.5,37.5,2.5,15,15,2.5,15,87.5
"486","15C_I6","2022","15","Control","6","3",37.5,0,15,2.5,2.5,15,37.5,0,0,57.5
"487","15H_I1","2020","15","Herbicide","1","1",97.5,0,0.5,0,0,0,0,0,2.5,2.5
"488","15H_I1","2021","15","Herbicide","1","1",97.5,0,2.5,0,0,0,0.5,0,0,0.5
"489","15H_I1","2022","15","Herbicide","1","1",97.5,0,2.5,0,0,2.5,0,0,0,2.5
"490","15H_I2","2020","15","Herbicide","2","1",97.5,0,2.5,0,2.5,0,2.5,0,0,5
"491","15H_I2","2021","15","Herbicide","2","1",85,0,2.5,2.5,0.5,15,2.5,0,0,20.5
"492","15H_I2","2022","15","Herbicide","2","1",85,0,2.5,2.5,2.5,15,0,2.5,0,22.5
"493","15H_I3","2020","15","Herbicide","3","2",85,0,2.5,0,0,0,15,0.5,0,15.5
"494","15H_I3","2021","15","Herbicide","3","2",37.5,0,2.5,37.5,2.5,15,37.5,0,0,92.5
"495","15H_I3","2022","15","Herbicide","3","2",37.5,0,15,37.5,0.5,15,0,0,0,53
"496","15H_I4","2020","15","Herbicide","4","2",62.5,0,2.5,0,0,0,15,0,0,15
"497","15H_I4","2021","15","Herbicide","4","2",62.5,0,2.5,15,0.5,15,15,0.5,0,46
"498","15H_I4","2022","15","Herbicide","4","2",37.5,0,15,62.5,2.5,2.5,0,0,0,67.5
"499","15H_I5","2020","15","Herbicide","5","3",62.5,0,2.5,0,2.5,2.5,0,0,15,20
"500","15H_I5","2021","15","Herbicide","5","3",62.5,0,2.5,2.5,2.5,15,2.5,0,0,22.5
"501","15H_I5","2022","15","Herbicide","5","3",62.5,0,15,15,37.5,15,2.5,0,0,70
"502","15H_I6","2020","15","Herbicide","6","3",85,0,2.5,0,2.5,0,2.5,0,0,5
"503","15H_I6","2021","15","Herbicide","6","3",62.5,0,2.5,2.5,2.5,15,2.5,0,15,37.5
"504","15H_I6","2022","15","Herbicide","6","3",62.5,0,15,0,15,15,2.5,2.5,0,35
"505","16C_I1","2020","16","Control","1","1",62.5,0,2.5,0,15,0,2.5,0,2.5,20
"506","16C_I1","2021","16","Control","1","1",62.5,2.5,2.5,2.5,15,15,2.5,0,2.5,37.5
"507","16C_I1","2022","16","Control","1","1",85,2.5,2.5,0.5,15,2.5,2.5,0,2.5,23
"508","16C_I2","2020","16","Control","2","1",97.5,0,2.5,0,0,0,2.5,0,2.5,5
"509","16C_I2","2021","16","Control","2","1",62.5,2.5,2.5,15,2.5,15,2.5,0,0,35
"510","16C_I2","2022","16","Control","2","1",62.5,15,15,2.5,0,15,15,0,0,32.5
"511","16C_I3","2020","16","Control","3","2",37.5,0,0.5,0,15,0,2.5,0,0,17.5
"512","16C_I3","2021","16","Control","3","2",62.5,2.5,2.5,2.5,37.5,15,2.5,0.5,0,58
"513","16C_I3","2022","16","Control","3","2",62.5,2.5,2.5,0,37.5,2.5,15,0,0,55
"514","16C_I4","2020","16","Control","4","2",62.5,0,2.5,0,15,0,2.5,0,0,17.5
"515","16C_I4","2021","16","Control","4","2",15,0,15,15,15,62.5,15,2.5,0,110
"516","16C_I4","2022","16","Control","4","2",62.5,0,15,2.5,15,15,15,0,0,47.5
"517","16C_I5","2020","16","Control","5","3",62.5,0,2.5,0,15,0,2.5,0,0,17.5
"518","16C_I5","2021","16","Control","5","3",37.5,0,2.5,2.5,15,37.5,2.5,0,0,57.5
"519","16C_I5","2022","16","Control","5","3",85,0,15,0,15,2.5,2.5,2.5,0,22.5
"520","16C_I6","2020","16","Control","6","3",62.5,0,15,0,15,0,2.5,0,0,17.5
"521","16C_I6","2021","16","Control","6","3",15,0,15,37.5,15,15,2.5,0,0,70
"522","16C_I6","2022","16","Control","6","3",62.5,0,15,2.5,15,37.5,2.5,0,0,57.5
"523","16H_I1","2020","16","Herbicide","1","1",62.5,0,2.5,0,2.5,0,0.5,0,15,18
"524","16H_I1","2021","16","Herbicide","1","1",85,15,2.5,15,2.5,15,0.5,0,15,48
"525","16H_I1","2022","16","Herbicide","1","1",85,15,15,2.5,2.5,2.5,2.5,0,0,10
"526","16H_I2","2020","16","Herbicide","2","1",37.5,0,15,0,37.5,0,2.5,0,0,40
"527","16H_I2","2021","16","Herbicide","2","1",15,0,2.5,15,37.5,15,2.5,0,0,70
"528","16H_I2","2022","16","Herbicide","2","1",37.5,0,15,0,37.5,2.5,2.5,0,0,42.5
"529","16H_I3","2020","16","Herbicide","3","2",85,0,2.5,0,15,0,0.5,0,2.5,18
"530","16H_I3","2021","16","Herbicide","3","2",62.5,0,2.5,2.5,15,2.5,2.5,0,0,22.5
"531","16H_I3","2022","16","Herbicide","3","2",85,0,15,0,2.5,2.5,2.5,0,0,7.5
"532","16H_I4","2020","16","Herbicide","4","2",62.5,0,2.5,0,37.5,0,2.5,0,0,40
"533","16H_I4","2021","16","Herbicide","4","2",37.5,0,2.5,15,15,15,2.5,2.5,0,50
"534","16H_I4","2022","16","Herbicide","4","2",37.5,0,15,15,37.5,37.5,2.5,0.5,0,93
"535","16H_I5","2020","16","Herbicide","5","3",62.5,0,2.5,0,15,0,2.5,0,0,17.5
"536","16H_I5","2021","16","Herbicide","5","3",15,0,15,0.5,37.5,62.5,15,0.5,0,116
"537","16H_I5","2022","16","Herbicide","5","3",62.5,2.5,15,0,15,15,0,2.5,0,32.5
"538","16H_I6","2020","16","Herbicide","6","3",62.5,0,2.5,0,37.5,0,2.5,0,0,40
"539","16H_I6","2021","16","Herbicide","6","3",37.5,0,2.5,2.5,15,37.5,2.5,0,0,57.5
"540","16H_I6","2022","16","Herbicide","6","3",62.5,0,2.5,0,37.5,0,2.5,0,0,40
"541","17C_I1","2020","17","Control","1","1",97.5,0,2.5,0,0,0,0.5,0,0,0.5
"542","17C_I1","2021","17","Control","1","1",85,0,2.5,2.5,0.5,15,2.5,0,0,20.5
"543","17C_I1","2022","17","Control","1","1",97.5,0,2.5,0,0,2.5,2.5,0,0,5
"544","17C_I2","2020","17","Control","2","1",85,0,2.5,0,2.5,0,2.5,0,0,5
"545","17C_I2","2021","17","Control","2","1",85,0,2.5,2.5,2.5,2.5,15,0,0,22.5
"546","17C_I2","2022","17","Control","2","1",85,2.5,2.5,0,0,0.5,15,0,0,15.5
"547","17C_I3","2020","17","Control","3","2",85,0,2.5,0,2.5,0,2.5,2.5,0,7.5
"548","17C_I3","2021","17","Control","3","2",62.5,0,2.5,15,2.5,2.5,15,2.5,0,37.5
"549","17C_I3","2022","17","Control","3","2",85,0,2.5,0,0,0.5,15,2.5,0,18
"550","17C_I4","2020","17","Control","4","2",97.5,0,0.5,0,0.5,0,2.5,0,0,3
"551","17C_I4","2021","17","Control","4","2",62.5,0,2.5,15,2.5,2.5,15,0.5,0,35.5
"552","17C_I4","2022","17","Control","4","2",85,0,2.5,0,0,0.5,15,2.5,0,18
"553","17C_I5","2020","17","Control","5","3",62.5,0,15,0,0,0,2.5,15,0,17.5
"554","17C_I5","2021","17","Control","5","3",62.5,0,2.5,15,2.5,15,2.5,15,0,50
"555","17C_I5","2022","17","Control","5","3",62.5,0,15,2.5,15,0.5,2.5,15,0,35.5
"556","17C_I6","2020","17","Control","6","3",85,0,2.5,0,2.5,0,2.5,0,15,20
"557","17C_I6","2021","17","Control","6","3",85,0,2.5,2.5,2.5,15,2.5,0,15,37.5
"558","17C_I6","2022","17","Control","6","3",85,0,2.5,0,0,0,15,2.5,0,17.5
"559","17H_I1","2020","17","Herbicide","1","1",85,0,15,0,2.5,0,15,0,0,17.5
"560","17H_I1","2021","17","Herbicide","1","1",62.5,0,15,2.5,0,2.5,37.5,0,0,42.5
"561","17H_I1","2022","17","Herbicide","1","1",62.5,2.5,15,2.5,2.5,37.5,15,0,0,57.5
"562","17H_I2","2020","17","Herbicide","2","1",85,0,0.5,0,0,0,15,0,0,15
"563","17H_I2","2021","17","Herbicide","2","1",62.5,0,2.5,2.5,0,0,37.5,0,0,40
"564","17H_I2","2022","17","Herbicide","2","1",62.5,0,2.5,0,0,2.5,37.5,0,0,40
"565","17H_I3","2020","17","Herbicide","3","2",85,0,2.5,0,0,0,15,0,0,15
"566","17H_I3","2021","17","Herbicide","3","2",37.5,0,2.5,37.5,2.5,15,15,0,0,70
"567","17H_I3","2022","17","Herbicide","3","2",37.5,0,15,37.5,2.5,62.5,2.5,0,0,105
"568","17H_I4","2020","17","Herbicide","4","2",85,15,0.5,0,0,0,0.5,0,0,0.5
"569","17H_I4","2021","17","Herbicide","4","2",97.5,2.5,2.5,0,0,0,2.5,0,0,2.5
"570","17H_I4","2022","17","Herbicide","4","2",85,2.5,2.5,0,0,2.5,0,0,0,2.5
"571","17H_I5","2020","17","Herbicide","5","3",97.5,0,2.5,0,2.5,0,2.5,0,0,5
"572","17H_I5","2021","17","Herbicide","5","3",37.5,0,2.5,15,2.5,62.5,15,0,0,95
"573","17H_I5","2022","17","Herbicide","5","3",62.5,0,2.5,15,2.5,37.5,0.5,0,0,55.5
"574","17H_I6","2020","17","Herbicide","6","3",62.5,0,15,0,0.5,0,15,0,0,15.5
"575","17H_I6","2021","17","Herbicide","6","3",37.5,0,2.5,15,0,37.5,37.5,0.5,0,90.5
"576","17H_I6","2022","17","Herbicide","6","3",37.5,0,2.5,37.5,2.5,62.5,0.5,0,0,103
"577","18C_I1","2020","18","Control","1","1",97.5,0,2.5,0,0,0,0,0,0,0
"578","18C_I1","2021","18","Control","1","1",85,0,2.5,2.5,2.5,2.5,2.5,0,0,10
"579","18C_I1","2022","18","Control","1","1",85,2.5,2.5,2.5,15,2.5,2.5,0,0,22.5
"580","18C_I2","2020","18","Control","2","1",85,37.5,2.5,0,0,0,15,0,0,15
"581","18C_I2","2021","18","Control","2","1",37.5,15,2.5,15,2.5,37.5,2.5,0,0,57.5
"582","18C_I2","2022","18","Control","2","1",62.5,15,15,2.5,2.5,15,37.5,0,0,57.5
"583","18C_I3","2020","18","Control","3","2",85,0,2.5,0,2.5,0,15,0,0,17.5
"584","18C_I3","2021","18","Control","3","2",62.5,0,15,15,15,37.5,15,0,0,82.5
"585","18C_I3","2022","18","Control","3","2",62.5,0,15,2.5,15,2.5,15,0,0,35
"586","18C_I4","2020","18","Control","4","2",85,0,2.5,0,0,2.5,15,0,0,17.5
"587","18C_I4","2021","18","Control","4","2",37.5,0,2.5,2.5,2.5,37.5,15,0.5,0,58
"588","18C_I4","2022","18","Control","4","2",85,0,2.5,2.5,15,15,15,2.5,0,50
"589","18C_I5","2020","18","Control","5","3",85,0,2.5,0,2.5,0.5,2.5,0,0,5.5
"590","18C_I5","2021","18","Control","5","3",37.5,0,2.5,2.5,2.5,15,37.5,0,0,57.5
"591","18C_I5","2022","18","Control","5","3",62.5,0,2.5,0,2.5,2.5,37.5,0,0,42.5
"592","18C_I6","2020","18","Control","6","3",85,0,2.5,0,0,0.5,2.5,0,0,3
"593","18C_I6","2021","18","Control","6","3",85,0,2.5,2.5,2.5,15,15,0,0,35
"594","18C_I6","2022","18","Control","6","3",85,2.5,2.5,0.5,0.5,0.5,15,0,0,16.5
"595","18H_I1","2020","18","Herbicide","1","1",85,0,15,0,0,0,2.5,0,0,2.5
"596","18H_I1","2021","18","Herbicide","1","1",15,0,15,2.5,15,85,15,0,0,117.5
"597","18H_I1","2022","18","Herbicide","1","1",37.5,0,15,15,37.5,2.5,0.5,0,0,55.5
"598","18H_I2","2020","18","Herbicide","2","1",97.5,0,2.5,0,0,0,2.5,0,0,2.5
"599","18H_I2","2021","18","Herbicide","2","1",37.5,0,2.5,15,2.5,62.5,37.5,0,0,117.5
"600","18H_I2","2022","18","Herbicide","2","1",62.5,0,15,15,0,2.5,15,0,0,32.5
"601","18H_I3","2020","18","Herbicide","3","2",85,0,2.5,0,2.5,0,15,0,0,17.5
"602","18H_I3","2021","18","Herbicide","3","2",62.5,0,2.5,2.5,2.5,15,15,0,0,35
"603","18H_I3","2022","18","Herbicide","3","2",85,0,15,2.5,15,2.5,2.5,0,0,22.5
"604","18H_I4","2020","18","Herbicide","4","2",85,0,2.5,0,0,0,15,0,0,15
"605","18H_I4","2021","18","Herbicide","4","2",62.5,0,2.5,2.5,15,2.5,15,0,0,35
"606","18H_I4","2022","18","Herbicide","4","2",85,0,2.5,0.5,15,2.5,0,0,0,18
"607","18H_I5","2020","18","Herbicide","5","3",85,0,2.5,0,0,0,37.5,0,0,37.5
"608","18H_I5","2021","18","Herbicide","5","3",37.5,0,2.5,2.5,37.5,15,37.5,0,0,92.5
"609","18H_I5","2022","18","Herbicide","5","3",15,0,15,2.5,85,2.5,0,0,0,90
"610","18H_I6","2020","18","Herbicide","6","3",97.5,0,2.5,0,0,0,2.5,0,0,2.5
"611","18H_I6","2021","18","Herbicide","6","3",62.5,0,2.5,2.5,2.5,2.5,15,0,0,22.5
"612","18H_I6","2022","18","Herbicide","6","3",62.5,0,2.5,2.5,37.5,0.5,2.5,0,0,43
"613","19C_I1","2020","19","Control","1","1",85,0,2.5,0,2.5,0,2.5,0,0,5
"614","19C_I1","2021","19","Control","1","1",85,0,2.5,2.5,2.5,2.5,15,0,0,22.5
"615","19C_I1","2022","19","Control","1","1",85,0,2.5,2.5,2.5,2.5,15,0,0,22.5
"616","19C_I2","2020","19","Control","2","1",97.5,0,2.5,0,0,0,2.5,0,0,2.5
"617","19C_I2","2021","19","Control","2","1",85,0,2.5,2.5,2.5,2.5,2.5,0,0,10
"618","19C_I2","2022","19","Control","2","1",85,2.5,0.5,2.5,0,0,15,0,0,17.5
"619","19C_I3","2020","19","Control","3","2",85,0,0.5,0,0.5,0.5,2.5,0,2.5,6
"620","19C_I3","2021","19","Control","3","2",62.5,0,2.5,2.5,2.5,37.5,2.5,0,0,45
"621","19C_I3","2022","19","Control","3","2",85,0,2.5,0,2.5,2.5,15,0,0,20
"622","19C_I4","2020","19","Control","4","2",15,0,15,0,2.5,0,37.5,15,0,55
"623","19C_I4","2021","19","Control","4","2",15,0,2.5,15,0.5,62.5,2.5,15,0,95.5
"624","19C_I4","2022","19","Control","4","2",62.5,0,15,15,0.5,15,2.5,15,0,48
"625","19C_I5","2020","19","Control","5","3",62.5,0,2.5,0,0,0,15,0,15,30
"626","19C_I5","2021","19","Control","5","3",37.5,0,2.5,15,0.5,37.5,37.5,0,15,105.5
"627","19C_I5","2022","19","Control","5","3",62.5,0,2.5,0.5,2.5,2.5,37.5,0,15,58
"628","19C_I6","2020","19","Control","6","3",62.5,0,15,0,2.5,0,15,15,0,32.5
"629","19C_I6","2021","19","Control","6","3",37.5,0,2.5,15,0,15,37.5,15,0,82.5
"630","19C_I6","2022","19","Control","6","3",62.5,0,15,2.5,0.5,2.5,37.5,15,0,58
"631","19H_I1","2020","19","Herbicide","1","1",85,0,2.5,0,0,0,2.5,0,0,2.5
"632","19H_I1","2021","19","Herbicide","1","1",37.5,0,0.5,2.5,2.5,62.5,15,0,0,82.5
"633","19H_I1","2022","19","Herbicide","1","1",62.5,0,2.5,15,15,15,0,0,0,45
"634","19H_I2","2020","19","Herbicide","2","1",85,0,2.5,0,0.5,0,15,0,0,15.5
"635","19H_I2","2021","19","Herbicide","2","1",37.5,0,2.5,2.5,0.5,2.5,37.5,0,0,43
"636","19H_I2","2022","19","Herbicide","2","1",85,0,2.5,0,2.5,2.5,2.5,0,0,7.5
"637","19H_I3","2020","19","Herbicide","3","2",62.5,0,0.5,0,0,0,2.5,0,15,17.5
"638","19H_I3","2021","19","Herbicide","3","2",62.5,0,2.5,0.5,0,2.5,2.5,0,15,20.5
"639","19H_I3","2022","19","Herbicide","3","2",85,0,15,0.5,0,0,0.5,0,0,1
"640","19H_I4","2020","19","Herbicide","4","2",85,0,0.5,0,15,0,2.5,0,0,17.5
"641","19H_I4","2021","19","Herbicide","4","2",62.5,0,2.5,15,0.5,15,2.5,0,0,33
"642","19H_I4","2022","19","Herbicide","4","2",97.5,0.5,2.5,2.5,0.5,2.5,0,0,0,5.5
"643","19H_I5","2020","19","Herbicide","5","3",62.5,0,2.5,0,0,0,37.5,2.5,0,40
"644","19H_I5","2021","19","Herbicide","5","3",37.5,0,2.5,15,0,15,37.5,2.5,0,70
"645","19H_I5","2022","19","Herbicide","5","3",85,0,15,0.5,0,2.5,0,0,0,3
"646","19H_I6","2020","19","Herbicide","6","3",85,0,2.5,0,2.5,0,15,0,0,17.5
"647","19H_I6","2021","19","Herbicide","6","3",37.5,0,2.5,15,0,15,15,0,0,45
"648","19H_I6","2022","19","Herbicide","6","3",62.5,0,2.5,15,0.5,15,0,0,0,30.5
"649","20C_I1","2020","20","Control","1","1",85,0,2.5,0,0.5,0,2.5,0,0,3
"650","20C_I1","2021","20","Control","1","1",62.5,0,2.5,2.5,0.5,15,15,2.5,0,35.5
"651","20C_I1","2022","20","Control","1","1",62.5,0,2.5,2.5,2.5,15,15,2.5,0,37.5
"652","20C_I2","2020","20","Control","2","1",97.5,0,0.5,0,0.5,0,0,0,0,0.5
"653","20C_I2","2021","20","Control","2","1",62.5,0,2.5,15,0.5,15,2.5,0,0,33
"654","20C_I2","2022","20","Control","2","1",85,0,2.5,2.5,2.5,15,2.5,0,0,22.5
"655","20C_I3","2020","20","Control","3","2",85,0,0.5,0,0.5,0,2.5,0,0,3
"656","20C_I3","2021","20","Control","3","2",62.5,0,2.5,15,0.5,37.5,2.5,0,0,55.5
"657","20C_I3","2022","20","Control","3","2",62.5,0,15,2.5,15,15,2.5,0,0,35
"658","20C_I4","2020","20","Control","4","2",85,0,0.5,0,0,0,2.5,0,0,2.5
"659","20C_I4","2021","20","Control","4","2",85,0,2.5,2.5,0.5,2.5,15,0,0,20.5
"660","20C_I4","2022","20","Control","4","2",85,0,2.5,0.5,2.5,0.5,15,0,0,18.5
"661","20C_I5","2020","20","Control","5","3",85,0,2.5,0,2.5,0,0,2.5,0,5
"662","20C_I5","2021","20","Control","5","3",62.5,0,2.5,15,2.5,37.5,2.5,2.5,0,60
"663","20C_I5","2022","20","Control","5","3",62.5,0,2.5,15,15,37.5,0,2.5,0,70
"664","20C_I6","2020","20","Control","6","3",85,0,2.5,0,2.5,0,2.5,2.5,0,7.5
"665","20C_I6","2021","20","Control","6","3",62.5,0,0.5,2.5,2.5,37.5,15,2.5,0,60
"666","20C_I6","2022","20","Control","6","3",62.5,0,2.5,2.5,37.5,2.5,2.5,2.5,0,47.5
"667","20H_I1","2020","20","Herbicide","1","1",37.5,0,15,0,2.5,0,2.5,37.5,0,42.5
"668","20H_I1","2021","20","Herbicide","1","1",37.5,0,15,2.5,2.5,2.5,15,37.5,0,60
"669","20H_I1","2022","20","Herbicide","1","1",37.5,0,2.5,2.5,37.5,0.5,15,37.5,0,93
"670","20H_I2","2020","20","Herbicide","2","1",97.5,0,2.5,0,0,0,0.5,0,0,0.5
"671","20H_I2","2021","20","Herbicide","2","1",85,0,0.5,2.5,2.5,2.5,0.5,0,0,8
"672","20H_I2","2022","20","Herbicide","2","1",97.5,0,2.5,0,0.5,2.5,0,0,0,3
"673","20H_I3","2020","20","Herbicide","3","2",97.5,0,2.5,0,0.5,0,2.5,0,0,3
"674","20H_I3","2021","20","Herbicide","3","2",85,0,2.5,15,2.5,2.5,2.5,0,0,22.5
"675","20H_I3","2022","20","Herbicide","3","2",62.5,0,2.5,15,15,15,0,0,0,45
"676","20H_I4","2020","20","Herbicide","4","2",85,0,0.5,0,0,0,15,0,0,15
"677","20H_I4","2021","20","Herbicide","4","2",62.5,0,0.5,2.5,2.5,37.5,15,0,0,57.5
"678","20H_I4","2022","20","Herbicide","4","2",62.5,0,2.5,15,37.5,2.5,0,0,0,55
"679","20H_I5","2020","20","Herbicide","5","3",85,0,0.5,0,0,0,2.5,0,0,2.5
"680","20H_I5","2021","20","Herbicide","5","3",62.5,0,0.5,2.5,2.5,15,15,0,0,35
"681","20H_I5","2022","20","Herbicide","5","3",37.5,0,2.5,15,2.5,62.5,0,0,0,80
"682","20H_I6","2020","20","Herbicide","6","3",97.5,0,0.5,0,0,0,0,0,0,0
"683","20H_I6","2021","20","Herbicide","6","3",85,0,2.5,2.5,15,15,0,0,0,32.5
"684","20H_I6","2022","20","Herbicide","6","3",37.5,0,2.5,2.5,2.5,37.5,0,0,0,42.5
