Sample.ID,Plot_ID,Year,EcolState,Shrub_Encroach,Site,Treatment,Transect_Num,Shrub_Interspace,X1.1.Soil.pH,WDRF.Buffer.pH,X1.1.S.Salts.mmho.cm,Organic.Matter.LOI..,Nitrate.N.ppm.N,lbs.N.A,Olsen.P.ppm.P,Potassium.ppm.K,Sulfate.S.ppm.S,Zinc.ppm.Zn,Iron.ppm.Fe,Manganese.ppm.Mn,Copper.ppm.Cu,Calcium.ppm.Ca,Magnesium.ppm.Mg,Sodium.ppm.Na,CEC.Sum.of.Cations.me.100g,X.H.Sat,X.K.Sat,X.Ca.Sat,X.Mg.Sat,X.Na.Sat
1,1C_1_NUTI,2020,600,High,1,Control,1,Interspace,6.9,7.2,0.08,0.7,8.5,5,9.4,194,6.3,0.85,12.4,7.3,N/A,507,75,9,3.7,0,13,69,17,1
2,1C_1_NUTS,2020,600,High,1,Control,1,Shrub,7.2,7.2,0.04,0.6,2.8,2,8.1,153,4.9,0.58,9.8,4.6,N/A,592,83,9,4.1,0,10,72,17,1
3,1C_2_NUTI,2020,600,High,1,Control,2,Interspace,7.2,7.2,0.04,0.6,2.8,2,7.7,138,3.6,0.53,9.6,5.1,N/A,559,90,12,4,0,9,71,19,1
4,1C_2_NUTS,2020,600,High,1,Control,2,Shrub,6.9,7.2,0.06,0.5,8.5,5,9.1,169,5.9,0.56,12.2,6.2,N/A,453,77,8,3.4,0,13,67,19,1
5,1C_3_NUTI,2020,600,High,1,Control,3,Interspace,7.3,7.2,0.04,0.7,2.9,2,6.1,166,4.2,0.38,9.3,4.6,N/A,657,117,8,4.7,0,9,69,21,1
6,1C_3_NUTS,2020,600,High,1,Control,3,Shrub,7.1,7.2,0.07,0.7,6,4,8.8,165,5.3,0.71,9.5,5.9,N/A,590,82,9,4.1,0,10,72,17,1
7,1H_1_NUTI,2020,600,High,1,Herbicide,1,Interspace,7.3,7.2,0.03,0.4,2,1,9.1,138,2.9,0.45,9.8,4.8,N/A,587,86,10,4,0,9,72,18,1
8,1H_1_NUTS,2020,600,High,1,Herbicide,1,Shrub,7,7.2,0.1,0.9,8.1,5,14.5,240,6.2,0.71,10.6,8.4,N/A,580,72,9,4.2,0,15,70,14,1
9,1H_2_NUTI,2020,600,High,1,Herbicide,2,Interspace,7.3,7.2,0.03,0.5,1.3,1,5.3,162,3.7,0.34,8.8,5.7,N/A,692,102,10,4.8,0,9,72,18,1
10,1H_2_NUTS,2020,600,High,1,Herbicide,2,Shrub,6.6,7.2,0.2,1.2,19.6,12,13.1,215,15.4,1.08,16.2,12.4,N/A,540,76,9,3.9,0,14,69,16,1
11,1H_3_NUTI,2020,600,High,1,Herbicide,3,Interspace,7.4,7.2,0.02,0.5,0.7,0,5.3,177,2.5,0.32,8.9,6.2,N/A,771,133,9,5.5,0,8,71,20,1
12,1H_3_NUTS,2020,600,High,1,Herbicide,3,Shrub,6.8,7.2,0.06,0.7,7.9,5,8.7,174,7,0.73,10.9,4.6,N/A,538,73,9,3.8,0,12,71,16,1
13,2C_1_NUTI,2020,600,High,2,Control,1,Interspace,7.8,7.2,0.06,0.4,0.8,0,5.6,130,5.1,0.49,8.8,3.9,N/A,918,96,10,5.8,0,6,79,14,1
14,2C_1_NUTS,2020,600,High,2,Control,1,Shrub,6.9,7.2,0.07,0.6,5.5,3,6.9,172,5.8,0.57,10.6,5.4,N/A,479,71,9,3.5,0,13,69,17,1
15,2C_2_NUTI,2020,600,High,2,Control,2,Interspace,7.6,7.2,0.04,0.3,1.5,1,4.2,133,4.4,0.28,7.9,3.7,N/A,694,82,9,4.5,0,8,76,15,1
16,2C_2_NUTS,2020,600,High,2,Control,2,Shrub,7.3,7.2,0.12,0.8,6,4,7,273,6.3,0.62,8.6,6.2,N/A,563,81,8,4.2,0,17,66,16,1
17,2C_3_NUTI,2020,600,High,2,Control,3,Interspace,7.5,7.2,0.05,0.4,2.7,2,6.8,133,3.6,0.43,10.8,4.2,N/A,558,87,11,3.9,0,9,71,19,1
18,2C_3_NUTS,2020,600,High,2,Control,3,Shrub,7.1,7.2,0.09,0.6,6.9,4,8.4,120,4.6,0.65,10.1,7.7,N/A,471,64,9,3.2,0,10,73,16,1
19,2H_1_NUTI,2020,600,High,2,Herbicide,1,Interspace,7.7,7.2,0.04,0.4,0.9,1,4.4,160,3,0.28,7.3,4.1,N/A,696,89,10,4.7,0,9,74,16,1
20,2H_1_NUTS,2020,600,High,2,Herbicide,1,Shrub,7.7,7.2,0.15,0.5,6.5,4,6.3,186,6.8,0.47,8.8,5.5,N/A,1165,84,9,7,0,7,82,10,1
21,2H_2_NUTI,2020,600,High,2,Herbicide,2,Interspace,7.7,7.2,0.03,0.4,0.5,0,5.2,121,2.4,0.36,9.1,3.4,N/A,687,92,11,4.6,0,7,75,17,1
22,2H_2_NUTS,2020,600,High,2,Herbicide,2,Shrub,7.4,7.2,0.13,0.7,7.3,4,7.3,233,7.1,0.59,9.2,7.9,N/A,482,88,13,3.8,0,16,63,19,2
23,2H_3_NUTI,2020,600,High,2,Herbicide,3,Interspace,7.6,7.2,0.03,0.4,0.6,0,6.6,143,3.7,0.38,8.9,4.3,N/A,738,100,10,4.9,0,7,75,17,1
24,2H_3_NUTS,2020,600,High,2,Herbicide,3,Shrub,7.2,7.2,0.17,0.8,13.4,8,12.2,237,8.1,0.82,9.7,9.8,N/A,654,79,9,4.6,0,13,71,14,1
25,3C_1_NUTI,2020,400,Medium,3,Control,1,Interspace,7.2,7.2,0.04,0.4,2.9,2,7.4,107,3.7,0.46,11.6,4,N/A,427,61,8,3,0,9,72,17,1
26,3C_1_NUTS,2020,400,Medium,3,Control,1,Shrub,7.2,7.2,0.11,0.6,10.1,6,8.2,180,5.8,0.57,10.8,6.7,N/A,424,68,10,3.2,0,14,66,18,1
27,3C_2_NUTI,2020,400,Medium,3,Control,2,Interspace,7.2,7.2,0.04,0.5,2,1,6.8,136,3.1,0.42,9.7,5.5,N/A,582,83,11,4,0,9,73,17,1
28,3C_2_NUTS,2020,400,Medium,3,Control,2,Shrub,7,7.2,0.11,0.8,14.7,9,9.1,173,5,0.52,10.6,5.5,N/A,607,96,10,4.3,0,10,70,19,1
29,3C_3_NUTI,2020,400,Medium,3,Control,3,Interspace,7.2,7.2,0.04,0.5,2.3,1,7.8,129,3.3,0.52,10.2,5.9,N/A,576,87,9,4,0,8,73,18,1
30,3C_3_NUTS,2020,400,Medium,3,Control,3,Shrub,7.2,7.2,0.12,0.8,9,5,8.2,200,5.4,0.73,9.6,6.8,N/A,571,82,12,4.1,0,13,69,17,1
31,3H_1_NUTI,2020,400,Medium,3,Herbicide,1,Interspace,7.1,7.2,0.06,0.7,4.3,3,6.7,131,5,0.48,9.1,5.6,N/A,619,87,9,4.2,0,8,74,17,1
32,3H_1_NUTS,2020,400,Medium,3,Herbicide,1,Shrub,6.9,7.2,0.11,1,11.4,7,12.4,198,8.2,0.71,13.1,8.9,N/A,532,68,8,3.8,0,13,71,15,1
33,3H_2_NUTI,2020,400,Medium,3,Herbicide,2,Interspace,7,7.2,0.05,0.7,3.7,2,7,130,4,0.69,12.9,5.9,N/A,544,74,12,3.7,0,9,73,17,1
34,3H_2_NUTS,2020,400,Medium,3,Herbicide,2,Shrub,7.1,7.2,0.09,0.7,25,15,8.3,207,6.2,0.62,9.2,5.2,N/A,558,77,11,4,0,13,70,16,1
35,3H_3_NUTI,2020,400,Medium,3,Herbicide,3,Interspace,7.3,7.2,0.05,0.5,4.3,3,8.2,160,3.1,0.63,9.3,4,N/A,642,78,11,4.3,0,9,74,15,1
36,3H_3_NUTS,2020,400,Medium,3,Herbicide,3,Shrub,7.3,7.2,0.07,0.6,8.2,5,12.2,191,3.6,0.69,8.5,3.8,N/A,576,65,8,3.9,0,12,73,14,1
37,4C_1_NUTI,2020,400,Medium,4,Control,1,Interspace,7.5,7.2,0.03,0.4,1.1,1,8.5,123,3.1,0.56,9.4,5,N/A,453,59,10,3.1,0,10,73,16,1
38,4C_1_NUTS,2020,400,Medium,4,Control,1,Shrub,6.9,7.2,0.13,1,12.4,7,15,225,8,0.79,10.4,6.5,N/A,675,74,10,4.6,0,13,73,13,1
39,4C_2_NUTI,2020,400,Medium,4,Control,2,Interspace,7.5,7.2,0.05,0.5,2.5,1,8.2,153,4.4,0.47,8.1,5.5,N/A,636,79,14,4.3,0,9,74,15,1
40,4C_2_NUTS,2020,400,Medium,4,Control,2,Shrub,7.2,7.2,0.07,0.9,8.5,5,9.7,189,5.4,0.61,9.7,6.6,N/A,592,81,8,4.2,0,12,71,16,1
41,4C_3_NUTI,2020,400,Medium,4,Control,3,Interspace,7.5,7.2,0.06,0.5,4.1,2,8.8,191,4.3,0.6,8.7,5,N/A,565,81,10,4,0,12,70,17,1
42,4C_3_NUTS,2020,400,Medium,4,Control,3,Shrub,7.3,7.2,0.06,0.7,4.8,3,10.4,161,5.4,0.63,9.7,4.6,N/A,639,93,8,4.4,0,9,72,18,1
43,4H_1_NUTI,2020,400,Medium,4,Herbicide,1,Interspace,7.5,7.2,0.04,0.3,1.9,1,9.4,167,4.1,0.76,11.9,4.3,N/A,528,74,10,3.7,0,12,70,17,1
44,4H_1_NUTS,2020,400,Medium,4,Herbicide,1,Shrub,7.8,7.2,0.06,0.8,3.3,2,9.7,203,6.3,0.68,7.6,4.3,N/A,860,80,10,5.5,0,9,78,12,1
45,4H_2_NUTI,2020,400,Medium,4,Herbicide,2,Interspace,7.8,7.2,0.05,0.5,2.2,1,9.1,198,4.7,0.68,7.6,2.6,N/A,767,80,9,5.1,0,10,76,13,1
46,4H_2_NUTS,2020,400,Medium,4,Herbicide,2,Shrub,7.8,7.2,0.08,1.3,6.3,4,9.7,187,8.3,0.58,7.5,4,N/A,864,69,9,5.4,0,9,79,11,1
47,4H_3_NUTI,2020,400,Medium,4,Herbicide,3,Interspace,7.5,7.2,0.05,0.6,2.5,1,8.3,165,6.3,0.46,8.4,5.9,N/A,830,92,12,5.4,0,8,77,14,1
48,4H_3_NUTS,2020,400,Medium,4,Herbicide,3,Shrub,7.8,7.2,0.06,0.7,4.3,3,8.1,205,5.8,0.45,7.2,3.3,N/A,777,85,8,5.2,0,10,75,14,1
49,8C_1_NUTI,2020,400,Medium,8,Control,1,Interspace,7.1,7.2,0.03,0.7,1.3,1,7.1,122,3,0.58,11.5,5.8,N/A,573,82,9,3.9,0,8,73,17,1
50,8C_1_NUTS,2020,400,Medium,8,Control,1,Shrub,7,7.2,0.06,1,4.1,2,9.3,149,5.7,0.83,11.3,8.5,N/A,502,73,9,3.5,0,11,71,17,1
51,8C_2_NUTI,2020,400,Medium,8,Control,2,Interspace,7.5,7.2,0.04,0.6,0.9,1,5.8,111,3.3,0.56,7.8,5.3,N/A,734,73,10,4.6,0,6,80,13,1
52,8C_2_NUTS,2020,400,Medium,8,Control,2,Shrub,7.8,7.2,0.13,1.2,9,5,10,199,5.7,0.73,7.3,5.9,N/A,969,89,9,6.1,0,8,79,12,1
53,8C_3_NUTI,2020,400,Medium,8,Control,3,Interspace,6.8,7.2,0.09,0.7,2.8,2,10.1,120,4.8,0.71,12.4,6.3,N/A,663,83,10,4.4,0,7,76,16,1
54,8C_3_NUTS,2020,400,Medium,8,Control,3,Shrub,6.9,7.2,0.18,1.3,12.1,7,10.6,190,8.4,0.78,12.6,10.2,N/A,616,73,8,4.2,0,12,73,14,1
55,8H_1_NUTI,2020,400,Medium,8,Herbicide,1,Interspace,8,7.2,0.11,0.5,1.9,1,5.8,176,4.3,0.38,6.5,5.2,N/A,1103,94,9,6.8,0,7,80,12,1
56,8H_1_NUTS,2020,400,Medium,8,Herbicide,1,Shrub,7.7,7.2,0.24,0.9,17.8,11,11.9,253,22.3,0.97,8.4,9,N/A,1259,92,8,7.7,0,8,81,10,0
57,8H_2_NUTI,2020,400,Medium,8,Herbicide,2,Interspace,7.3,7.2,0.1,0.6,2.3,1,7.5,120,4,0.56,11.7,6.9,N/A,593,75,9,3.9,0,8,75,16,1
58,8H_2_NUTS,2020,400,Medium,8,Herbicide,2,Shrub,7.4,7.2,0.11,0.8,6.7,4,9,230,8.2,0.59,9.7,6.8,N/A,706,89,10,4.9,0,12,72,15,1
59,8H_3_NUTI,2020,400,Medium,8,Herbicide,3,Interspace,8.1,7.2,0.09,0.6,1.6,1,5.9,120,5.6,0.47,8.3,5.1,N/A,1181,61,10,6.8,0,5,87,7,1
60,8H_3_NUTS,2020,400,Medium,8,Herbicide,3,Shrub,7.8,7.2,0.12,0.9,7.1,4,9.3,202,6.6,0.61,8.5,5.8,N/A,859,81,9,5.5,0,9,78,12,1
61,9C_1_NUTI,2020,400,Medium,9,Control,1,Interspace,8.1,7.2,0.11,0.5,3.4,2,5.4,114,5.6,0.34,6.6,4.3,N/A,679,52,10,4.2,0,7,81,10,1
62,9C_1_NUTS,2020,400,Medium,9,Control,1,Shrub,7.8,7.2,0.22,1,36.3,22,10.1,235,18.9,0.98,5.9,5.2,N/A,1098,72,12,6.7,0,9,81,9,1
63,9C_2_NUTI,2020,400,Medium,9,Control,2,Interspace,7.9,7.2,0.08,0.3,1.1,1,5.1,111,3,0.69,10.1,4.9,N/A,554,57,10,3.6,0,8,77,13,1
64,9C_2_NUTS,2020,400,Medium,9,Control,2,Shrub,7.6,7.2,0.13,0.8,14.9,9,7.8,188,10.9,0.72,7.5,6.1,N/A,529,57,10,3.6,0,13,73,13,1
65,9C_3_NUTI,2020,400,Medium,9,Control,3,Interspace,8,7.2,0.08,0.3,4.8,3,5.8,115,4.1,0.46,6.9,3.6,N/A,514,47,9,3.3,0,9,78,12,1
66,9C_3_NUTS,2020,400,Medium,9,Control,3,Shrub,7.9,7.2,0.16,1.1,23.5,14,8.7,181,13.2,0.42,4.6,1.7,N/A,934,68,10,5.7,0,8,81,10,1
67,9H_1_NUTI,2020,400,Medium,9,Herbicide,1,Interspace,8.6,7.2,0.11,0.4,1.5,1,9.5,102,14.8,0.44,5.3,3.3,N/A,3708,50,11,19.3,0,1,96,2,0
68,9H_1_NUTS,2020,400,Medium,9,Herbicide,1,Shrub,7.7,7.2,0.85,0.8,8.3,5,5.6,188,108.9,0.42,6.2,3.4,N/A,2550,77,10,13.9,0,3,92,5,0
69,9H_2_NUTI,2020,400,Medium,9,Herbicide,2,Interspace,8,7.2,0.05,0.4,1.7,1,5.6,124,4,0.4,7.1,3.6,N/A,734,68,9,4.6,0,7,80,12,1
70,9H_2_NUTS,2020,400,Medium,9,Herbicide,2,Shrub,7.9,7.2,0.18,1,14.2,9,6.8,188,13.8,0.67,6.1,4.2,N/A,1141,62,12,6.8,0,7,84,8,1
71,9H_3_NUTI,2020,400,Medium,9,Herbicide,3,Interspace,7.9,7.2,0.1,0.4,3.4,2,6.5,169,3.7,0.46,7.7,3.7,N/A,621,62,11,4.1,0,11,75,13,1
72,9H_3_NUTS,2020,400,Medium,9,Herbicide,3,Shrub,8,7.2,0.16,0.7,8.5,5,6.8,189,13.4,0.49,6.9,4.8,N/A,683,75,8,4.6,0,11,74,14,1
73,10C_1_NUTI,2020,100,Low,10,Control,1,Interspace,8.2,7.2,0.08,0.8,2,1,6.6,160,4.2,0.48,5.6,4.5,N/A,1122,95,10,6.9,0,6,81,12,1
74,10C_1_NUTS,2020,100,Low,10,Control,1,Shrub,8.1,7.2,0.15,0.7,6.6,4,9.5,275,8.3,0.6,6.2,4.8,N/A,1421,119,8,8.8,0,8,80,11,0
75,10C_2_NUTI,2020,100,Low,10,Control,2,Interspace,8.5,7.2,0.09,0.6,2.1,1,5.1,161,6.5,0.37,5.1,3.2,N/A,2649,106,9,14.6,0,3,91,6,0
76,10C_2_NUTS,2020,100,Low,10,Control,2,Shrub,8.2,7.2,0.12,1.2,5.7,3,7.9,224,7.8,0.53,5.8,3.6,N/A,1758,119,9,10.4,0,6,84,10,0
77,10C_3_NUTI,2020,100,Low,10,Control,3,Interspace,8.5,7.2,0.1,0.8,2.2,1,4.7,179,8,0.4,5.4,5,N/A,2860,130,13,15.9,0,3,90,7,0
78,10C_3_NUTS,2020,100,Low,10,Control,3,Shrub,8.3,7.2,0.16,1,7.5,5,8.5,245,9.8,0.53,5.5,5.3,N/A,2608,166,12,15.1,0,4,86,9,0
79,10H_1_NUTI,2020,100,Low,10,Herbicide,1,Interspace,8.6,7.2,0.1,0.7,1.6,1,4.9,126,7.5,0.43,5.2,3.6,N/A,2800,91,19,15.2,0,2,92,5,1
80,10H_1_NUTS,2020,100,Low,10,Herbicide,1,Shrub,8.5,7.2,0.18,0.8,3.9,2,6,239,10.8,0.38,4.6,3.6,N/A,3458,118,10,18.9,0,3,91,5,0
81,10H_2_NUTI,2020,100,Low,10,Herbicide,2,Interspace,8.7,7.2,0.12,0.6,2.4,1,4.4,160,7.6,0.33,5,2.8,N/A,2779,135,26,15.5,0,3,89,7,1
82,10H_2_NUTS,2020,100,Low,10,Herbicide,2,Shrub,8.5,7.2,0.12,0.6,3.5,2,5.8,171,7.4,0.49,5.2,2.9,N/A,1813,118,16,10.6,0,4,86,9,1
83,10H_3_NUTI,2020,100,Low,10,Herbicide,3,Interspace,8.6,7.2,0.1,0.6,2.3,1,5.3,191,6.3,0.47,5.3,2.5,N/A,2921,118,12,16.1,0,3,91,6,0
84,10H_3_NUTS,2020,100,Low,10,Herbicide,3,Shrub,8.3,7.2,0.17,0.8,5.8,4,6.9,321,7.4,0.52,6.2,6.4,N/A,1432,133,9,9.1,0,9,78,12,0
85,11C_1_NUTI,2020,400,Medium,11,Control,1,Interspace,8.3,7.2,0.11,0.4,1.6,1,6.1,143,3.8,0.55,6.6,5,N/A,945,69,9,5.7,0,6,83,10,1
86,11C_1_NUTS,2020,400,Medium,11,Control,1,Shrub,7.9,7.2,0.12,0.8,3.4,2,6.5,161,5,0.43,7.8,5.9,N/A,854,95,10,5.5,0,7,77,14,1
87,11C_2_NUTI,2020,400,Medium,11,Control,2,Interspace,7.8,7.2,0.07,0.4,2,1,6.8,143,3.6,0.38,9.2,4.7,N/A,627,85,9,4.2,0,9,73,17,1
88,11C_2_NUTS,2020,400,Medium,11,Control,2,Shrub,7.4,7.2,0.1,0.7,6.1,4,8.9,196,6.7,0.56,10,6.5,N/A,598,83,10,4.2,0,12,71,16,1
89,11C_3_NUTI,2020,400,Medium,11,Control,3,Interspace,7.8,7.2,0.1,0.6,2.9,2,6.4,179,4.3,0.41,7.6,5.3,N/A,755,81,9,4.9,0,9,76,14,1
90,11C_3_NUTS,2020,400,Medium,11,Control,3,Shrub,7.5,7.2,0.14,0.8,8.6,5,8.1,176,7,0.49,8.2,6.4,N/A,776,76,8,5,0,9,77,13,1
91,11H_1_NUTI,2020,400,Medium,11,Herbicide,1,Interspace,8.4,7.2,0.11,0.6,2.3,1,6.6,179,6.7,0.55,7.1,6.7,N/A,1382,71,8,8,0,6,86,7,0
92,11H_1_NUTS,2020,400,Medium,11,Herbicide,1,Shrub,8.2,7.2,0.13,0.7,4.1,2,6.2,228,7.6,0.44,6.1,5.2,N/A,1624,87,9,9.5,0,6,86,8,0
93,11H_2_NUTI,2020,400,Medium,11,Herbicide,2,Interspace,7.8,7.2,0.1,0.5,2.7,2,9.4,136,4.8,0.56,9.1,5.7,N/A,619,62,8,4,0,9,77,13,1
94,11H_2_NUTS,2020,400,Medium,11,Herbicide,2,Shrub,7.8,7.2,0.13,0.6,4.2,3,8.4,209,5.4,0.73,8.9,6,N/A,628,75,9,4.3,0,12,72,14,1
95,11H_3_NUTI,2020,400,Medium,11,Herbicide,3,Interspace,7.7,7.2,0.14,0.5,1.7,1,7.7,154,4.6,0.53,9.1,6.2,N/A,573,75,9,3.9,0,10,73,16,1
96,11H_3_NUTS,2020,400,Medium,11,Herbicide,3,Shrub,7.5,7.2,0.12,0.8,6.6,4,11,218,5.7,0.71,9.4,7.4,N/A,709,86,8,4.9,0,11,73,15,1
97,12C_1_NUTI,2020,400,Medium,12,Control,1,Interspace,7.5,7.2,0.1,0.5,1.9,1,6.4,136,3.8,0.57,9.1,6.4,N/A,665,84,8,4.4,0,8,75,16,1
98,12C_1_NUTS,2020,400,Medium,12,Control,1,Shrub,7.4,7.2,0.15,0.7,8.9,5,10.9,250,15.1,0.74,9.2,10.8,N/A,835,109,8,5.8,0,11,72,16,1
99,12C_2_NUTI,2020,400,Medium,12,Control,2,Interspace,7.3,7.2,0.11,0.5,2.9,2,8.9,139,7.5,0.64,10.7,6.6,N/A,573,77,9,3.9,0,9,73,16,1
100,12C_2_NUTS,2020,400,Medium,12,Control,2,Shrub,6.8,7.2,0.16,0.8,10.5,6,12.7,188,7.9,0.72,12.9,8.7,N/A,556,73,8,3.9,0,12,71,16,1
101,12C_3_NUTI,2020,400,Medium,12,Control,3,Interspace,7.7,7.2,0.11,0.5,1.5,1,7.4,139,4,0.54,9.3,6.6,N/A,672,75,9,4.4,0,8,77,14,1
102,12C_3_NUTS,2020,400,Medium,12,Control,3,Shrub,7.3,7.2,0.14,1,6.1,4,9.8,184,6.9,0.6,9,7,N/A,774,79,8,5,0,9,77,13,1
103,12H_1_NUTI,2020,400,Medium,12,Herbicide,1,Interspace,7.8,7.2,0.17,0.8,2.3,1,7.7,136,5.6,0.62,9.9,9.6,N/A,1016,67,9,6,0,6,84,9,1
104,12H_1_NUTS,2020,400,Medium,12,Herbicide,1,Shrub,7.2,7.2,0.16,0.9,4.6,3,10,179,6.4,0.71,11.6,9.1,N/A,833,81,7,5.3,0,9,77,13,1
105,12H_2_NUTI,2020,400,Medium,12,Herbicide,2,Interspace,7.8,7.2,0.11,0.4,0.6,0,6.4,116,3.2,0.53,9.4,5.5,N/A,654,71,7,4.2,0,7,78,14,1
106,12H_2_NUTS,2020,400,Medium,12,Herbicide,2,Shrub,7.5,7.2,0.13,0.6,4.7,3,9.2,186,6,0.61,10.7,7,N/A,778,76,10,5,0,9,77,13,1
107,12H_3_NUTI,2020,400,Medium,12,Herbicide,3,Interspace,7.3,7.2,0.08,0.7,1.5,1,6.8,144,3,0.57,11.1,7.1,N/A,718,96,10,4.8,0,8,74,17,1
108,12H_3_NUTS,2020,400,Medium,12,Herbicide,3,Shrub,7.8,7.2,0.15,1.2,7.5,5,13.1,232,13,0.9,7.8,7.2,N/A,998,81,10,6.3,0,9,79,11,1
109,13C_1_NUTI,2020,400,Medium,13,Control,1,Interspace,7.9,7.2,0.13,1.1,1.9,1,6.4,174,8.4,0.55,7.5,6.7,N/A,1459,72,9,8.4,0,5,87,7,0
110,13C_1_NUTS,2020,400,Medium,13,Control,1,Shrub,8.1,7.2,0.1,1,3.9,2,8.2,244,7.6,0.87,7.2,6.6,N/A,1334,94,8,8.1,0,8,82,10,0
111,13C_2_NUTI,2020,400,Medium,13,Control,2,Interspace,7.8,7.2,0.09,0.6,3.1,2,10.3,109,6.4,0.63,8.9,4.7,N/A,835,71,8,5.1,0,5,82,12,1
112,13C_2_NUTS,2020,400,Medium,13,Control,2,Shrub,7.6,7.2,0.27,1.6,14.3,9,15.4,200,41,1.19,9.4,9,N/A,1190,83,9,7.2,0,7,82,10,1
113,13C_3_NUTI,2020,400,Medium,13,Control,3,Interspace,8.2,7.2,0.1,0.9,1.2,1,6.8,152,6.9,0.54,6.7,6.2,N/A,2232,62,9,12.1,0,3,92,4,0
114,13C_3_NUTS,2020,400,Medium,13,Control,3,Shrub,7.8,7.2,0.21,0.9,12.3,7,12.2,252,9.7,1.08,7.4,7.7,N/A,1247,93,8,7.7,0,8,81,10,0
115,13H_1_NUTI,2020,400,Medium,13,Herbicide,1,Interspace,8.5,7.2,0.08,0.6,1.1,1,6.8,214,7.3,0.33,6.4,4.5,N/A,2096,75,9,11.7,0,5,90,5,0
116,13H_1_NUTS,2020,400,Medium,13,Herbicide,1,Shrub,8,7.2,0.11,0.7,5.3,3,8.6,211,7.4,0.57,7.7,6.7,N/A,1180,66,9,7,0,8,83,8,1
117,13H_2_NUTI,2020,400,Medium,13,Herbicide,2,Interspace,7.8,7.2,0.04,0.6,1.2,1,6,152,3.9,0.36,9.3,4.8,N/A,877,88,9,5.5,0,7,79,13,1
118,13H_2_NUTS,2020,400,Medium,13,Herbicide,2,Shrub,7.3,7.2,0.27,1.1,5.4,3,10.3,210,59.7,0.67,8.5,7.2,N/A,915,72,7,5.7,0,9,80,10,1
119,13H_3_NUTI,2020,400,Medium,13,Herbicide,3,Interspace,7.8,7.2,0.05,0.8,1.9,1,6.5,188,5.5,0.45,7.1,5.9,N/A,923,81,9,5.8,0,8,79,12,1
120,13H_3_NUTS,2020,400,Medium,13,Herbicide,3,Shrub,8.1,7.2,0.1,0.9,4.9,3,5.8,236,8.4,0.42,6,5.3,N/A,1554,86,8,9.1,0,7,85,8,0
121,14C_1_NUTI,2020,600,High,14,Control,1,Interspace,7.8,7.2,0.03,0.5,0.9,1,9.7,181,3.5,0.42,9,6.2,N/A,763,135,8,5.4,0,9,69,21,1
122,14C_1_NUTS,2020,600,High,14,Control,1,Shrub,7.9,7.2,0.23,1.3,22.2,13,11.2,321,11.4,0.7,6.6,9.4,N/A,1457,142,10,9.3,0,9,78,13,0
123,14C_2_NUTI,2020,600,High,14,Control,2,Interspace,8,7.2,0.05,0.6,1.2,1,7.1,203,4.2,0.47,6.8,5.5,N/A,1034,152,9,7,0,7,74,18,1
124,14C_2_NUTS,2020,600,High,14,Control,2,Shrub,7.8,7.2,0.12,0.6,13,8,6.6,243,7.6,0.5,8.3,8.1,N/A,837,126,10,5.9,0,11,70,18,1
125,14C_3_NUTI,2020,600,High,14,Control,3,Interspace,7.9,7.2,0.03,0.6,0.7,0,7.2,184,2.9,0.37,8.4,4.9,N/A,1043,141,9,6.9,0,7,75,17,1
126,14C_3_NUTS,2020,600,High,14,Control,3,Shrub,7.6,7.2,0.13,0.7,19.8,12,7.4,237,8,0.58,9.8,7.7,N/A,669,104,9,4.9,0,12,69,18,1
127,14H_1_NUTI,2020,600,High,14,Herbicide,1,Interspace,7.9,7.2,0.04,0.5,1.2,1,7.6,223,4.1,0.49,9.4,6,N/A,865,154,11,6.2,0,9,69,21,1
128,14H_1_NUTS,2020,600,High,14,Herbicide,1,Shrub,8,7.2,0.1,0.6,10.4,6,7.8,250,7.3,0.51,7.7,7.1,N/A,848,110,10,5.8,0,11,72,16,1
129,14H_2_NUTI,2020,600,High,14,Herbicide,2,Interspace,8.1,7.2,0.05,0.7,0.8,0,7.3,257,3.6,0.39,8.6,6,N/A,987,156,9,6.9,0,10,70,19,1
130,14H_2_NUTS,2020,600,High,14,Herbicide,2,Shrub,7.9,7.2,0.15,0.7,10.2,6,7,252,5.6,0.58,8,6.8,N/A,864,116,8,6,0,11,72,16,1
131,14H_3_NUTI,2020,600,High,14,Herbicide,3,Interspace,8.1,7.2,0.06,0.5,0.9,1,7,258,4,0.42,8.5,5,N/A,1154,145,11,7.7,0,9,74,16,1
132,14H_3_NUTS,2020,600,High,14,Herbicide,3,Shrub,7.7,7.2,0.12,0.8,6.6,4,7.2,285,6.6,0.51,8.2,7,N/A,931,143,8,6.6,0,11,70,18,1
133,15C_1_NUTI,2020,600,High,15,Control,1,Interspace,8.6,7.2,0.1,0.5,1.1,1,7.1,193,5.4,0.4,5.6,3.6,N/A,2062,101,8,11.7,0,4,88,7,0
134,15C_1_NUTS,2020,600,High,15,Control,1,Shrub,8.3,7.2,0.15,0.7,12.1,7,7.9,215,8.8,0.46,5.9,5.1,N/A,1838,96,8,10.6,0,5,87,8,0
135,15C_2_NUTI,2020,600,High,15,Control,2,Interspace,8.6,7.2,0.12,0.7,1.2,1,5.1,214,6.9,0.26,4.9,4.2,N/A,3542,141,9,19.5,0,3,91,6,0
136,15C_2_NUTS,2020,600,High,15,Control,2,Shrub,8.2,7.2,0.19,0.8,11.6,7,7.3,247,9.2,0.41,5.7,6.2,N/A,1699,104,8,10,0,6,85,9,0
137,15C_3_NUTI,2020,600,High,15,Control,3,Interspace,8.4,7.2,0.07,0.6,0.9,1,6.6,233,4.9,0.28,6.7,4.5,N/A,1194,135,8,7.7,0,8,77,15,0
138,15C_3_NUTS,2020,600,High,15,Control,3,Shrub,8.3,7.2,0.15,0.8,8.3,5,8.8,324,7.2,0.49,5.9,5.8,N/A,1276,127,8,8.3,0,10,77,13,0
139,15H_1_NUTI,2020,600,High,15,Herbicide,1,Interspace,8.7,7.2,0.1,0.6,1.7,1,5,320,5.1,0.34,5.7,4.9,N/A,1868,139,10,11.4,0,7,82,10,0
140,15H_1_NUTS,2020,600,High,15,Herbicide,1,Shrub,8.3,7.2,0.15,0.6,5.6,3,6.4,287,5.8,0.39,6.5,5,N/A,1364,117,8,8.6,0,9,80,11,0
141,15H_2_NUTI,2020,600,High,15,Herbicide,2,Interspace,7.8,7.2,0.07,0.8,3,2,9.7,218,3.2,0.62,9.5,7.2,N/A,941,149,9,6.5,0,9,71,19,1
142,15H_2_NUTS,2020,600,High,15,Herbicide,2,Shrub,7.9,7.2,0.19,1,11.5,7,7.8,267,8.4,0.63,7.1,8.2,N/A,963,120,9,6.5,0,10,74,15,1
143,15H_3_NUTI,2020,600,High,15,Herbicide,3,Interspace,7.9,7.2,0.08,0.5,2.3,1,12.1,212,7.1,0.6,9,5.6,N/A,765,122,8,5.4,0,10,70,19,1
144,15H_3_NUTS,2020,600,High,15,Herbicide,3,Shrub,7.9,7.2,0.33,1,36.7,22,15.6,304,19.1,0.74,6.4,9.6,N/A,1785,121,11,10.8,0,7,83,9,0
145,16C_1_NUTI,2020,100,Low,16,Control,1,Interspace,8.8,7.2,0.13,0.7,1.3,1,6.4,265,9.2,0.43,5.7,4.3,N/A,3833,126,9,20.9,0,3,92,5,0
146,16C_1_NUTS,2020,100,Low,16,Control,1,Shrub,8.3,7.2,0.24,0.9,8.8,5,6.4,347,10.9,0.62,5.1,6.4,N/A,2551,99,8,14.5,0,6,88,6,0
147,16C_2_NUTI,2020,100,Low,16,Control,2,Interspace,8.5,7.2,0.15,1.1,3.6,2,6,290,7.7,0.51,6.3,7,N/A,3379,126,11,18.7,0,4,90,6,0
148,16C_2_NUTS,2020,100,Low,16,Control,2,Shrub,8.4,7.2,0.18,1,7.4,4,8.3,360,9.3,0.61,5.2,7.4,N/A,2748,121,11,15.7,0,6,87,6,0
149,16C_3_NUTI,2020,100,Low,16,Control,3,Interspace,8.7,7.2,0.14,0.9,1.4,1,6.6,270,8.6,0.57,6.2,5.2,N/A,3509,126,9,19.3,0,4,91,5,0
150,16C_3_NUTS,2020,100,Low,16,Control,3,Shrub,8.3,7.2,0.13,0.8,8.4,5,9,334,11.3,0.78,6.6,10.7,N/A,3156,122,8,17.7,0,5,89,6,0
151,16H_1_NUTI,2020,100,Low,16,Herbicide,1,Interspace,8.6,7.2,0.1,0.7,2.4,1,4.5,261,9.7,0.47,6.2,5.4,N/A,3583,113,8,19.6,0,3,92,5,0
152,16H_1_NUTS,2020,100,Low,16,Herbicide,1,Shrub,8.3,7.2,0.14,0.9,10.3,6,4.8,318,10.8,0.61,5.8,5.9,N/A,2603,107,9,14.8,0,6,88,6,0
153,16H_2_NUTI,2020,100,Low,16,Herbicide,2,Interspace,8.6,7.2,0.08,0.5,2.4,1,3.2,184,7.8,0.55,5.9,4.6,N/A,2904,85,8,15.7,0,3,92,5,0
154,16H_2_NUTS,2020,100,Low,16,Herbicide,2,Shrub,8.5,7.2,0.12,0.7,4,2,8.7,334,9.3,0.4,5.1,5.9,N/A,3564,121,17,19.8,0,4,90,5,0
155,16H_3_NUTI,2020,100,Low,16,Herbicide,3,Interspace,8.6,7.2,0.12,1.2,2,1,6.7,267,7,0.51,5.4,5.4,N/A,4336,128,10,23.5,0,3,92,5,0
156,16H_3_NUTS,2020,100,Low,16,Herbicide,3,Shrub,8.4,7.2,0.14,0.9,6,4,8.9,437,11,0.6,5.4,9,N/A,3816,136,9,21.4,0,5,89,5,0
157,17C_1_NUTI,2020,600,High,17,Control,1,Interspace,8.7,7.2,0.09,0.7,0.8,0,5,246,6.2,0.46,5.8,3.9,N/A,3190,109,8,17.5,0,4,91,5,0
158,17C_1_NUTS,2020,600,High,17,Control,1,Shrub,8.4,7.2,0.12,0.6,8.8,5,5.6,227,7.7,0.53,5.8,4.2,N/A,2308,97,9,13,0,4,89,6,0
159,17C_2_NUTI,2020,600,High,17,Control,2,Interspace,8.6,7.2,0.09,0.7,0.9,1,5.1,221,6.3,0.38,5.4,4.3,N/A,2751,116,9,15.3,0,4,90,6,0
160,17C_2_NUTS,2020,600,High,17,Control,2,Shrub,8.4,7.2,0.16,1.3,6.3,4,7,374,8.4,0.51,5.1,4.5,N/A,3369,142,9,19,0,5,89,6,0
161,17C_3_NUTI,2020,600,High,17,Control,3,Interspace,8.7,7.2,0.09,0.6,0.7,0,4.8,229,6.7,0.41,5.3,3.9,N/A,3655,103,10,19.8,0,3,92,4,0
162,17C_3_NUTS,2020,600,High,17,Control,3,Shrub,8.1,7.2,0.19,1,17.7,11,11.3,400,10.9,0.79,5,5.7,N/A,2884,116,9,16.5,0,6,88,6,0
163,17H_1_NUTI,2020,600,High,17,Herbicide,1,Interspace,8.8,7.2,0.07,0.4,0.9,1,6.5,174,7,0.54,6.5,4.2,N/A,3403,83,9,18.2,0,2,94,4,0
164,17H_1_NUTS,2020,600,High,17,Herbicide,1,Shrub,8.3,7.2,0.13,0.5,12.2,7,5.5,261,8.3,0.51,5,5.3,N/A,2900,89,8,15.9,0,4,91,5,0
165,17H_2_NUTI,2020,600,High,17,Herbicide,2,Interspace,8.7,7.2,0.12,0.7,0.5,0,7,224,8,0.27,3.7,4.9,N/A,4205,118,9,22.6,0,3,93,4,0
166,17H_2_NUTS,2020,600,High,17,Herbicide,2,Shrub,8.1,7.2,0.19,0.7,5,3,8.6,370,8.1,0.45,5.3,4.5,N/A,3206,91,16,17.8,0,5,90,4,0
167,17H_3_NUTI,2020,600,High,17,Herbicide,3,Interspace,8.7,7.2,0.09,0.8,1.8,1,7.4,185,6.7,0.46,5,4,N/A,3440,85,13,18.4,0,3,93,4,0
168,17H_3_NUTS,2020,600,High,17,Herbicide,3,Shrub,7.8,7.2,0.3,0.8,10,6,8.3,232,7.9,0.45,4.7,4.8,N/A,3469,105,8,18.9,0,3,92,5,0
169,18C_1_NUTI,2020,900,High,18,Control,1,Interspace,8.6,7.2,0.13,0.7,0.6,0,4.2,232,7.5,0.37,4.8,4.5,N/A,3496,117,9,19.1,0,3,92,5,0
170,18C_1_NUTS,2020,900,High,18,Control,1,Shrub,8.2,7.2,0.14,0.8,7.4,4,36.6,238,7.5,0.57,6,5.5,N/A,1660,103,10,9.8,0,6,85,9,0
171,18C_2_NUTI,2020,900,High,18,Control,2,Interspace,8.6,7.2,0.09,0.5,1.7,1,4.5,159,3.9,0.43,6.3,4.2,N/A,1387,74,9,8,0,5,87,8,0
172,18C_2_NUTS,2020,900,High,18,Control,2,Shrub,8.3,7.2,0.13,0.6,7.8,5,7.4,242,7.1,0.6,5.5,5.1,N/A,1459,97,9,8.8,0,7,83,9,0
173,18C_3_NUTI,2020,900,High,18,Control,3,Interspace,8.6,7.2,0.11,0.5,2.8,2,6.2,228,7.5,0.53,5.4,4.9,N/A,3589,105,10,19.4,0,3,92,4,0
174,18C_3_NUTS,2020,900,High,18,Control,3,Shrub,8.3,7.2,0.16,0.6,13.9,8,10.9,296,7.3,0.57,5.3,6,N/A,2532,107,8,14.3,0,5,88,6,0
175,18H_1_NUTI,2020,900,High,18,Herbicide,1,Interspace,8.7,7.2,0.09,0.5,0.5,0,3.6,196,8,0.31,5,3.8,N/A,1572,103,9,9.3,0,5,85,9,0
176,18H_1_NUTS,2020,900,High,18,Herbicide,1,Shrub,8.4,7.2,0.1,2.2,6.4,4,7.3,197,6.9,0.43,6.2,5.1,N/A,1859,91,9,10.6,0,5,88,7,0
177,18H_2_NUTI,2020,900,High,18,Herbicide,2,Interspace,8.6,7.2,0.09,0.5,1.2,1,4.3,213,3.6,0.27,5.2,4.1,N/A,1768,122,9,10.4,0,5,85,10,0
178,18H_2_NUTS,2020,900,High,18,Herbicide,2,Shrub,8.4,7.2,0.12,0.5,6.9,4,7.4,223,6.1,0.38,5.4,5,N/A,1609,106,10,9.5,0,6,84,9,0
179,18H_3_NUTI,2020,900,High,18,Herbicide,3,Interspace,8.7,7.2,0.1,0.5,1.2,1,3.9,247,6.5,0.25,5,4.1,N/A,2547,112,8,14.3,0,4,89,7,0
180,18H_3_NUTS,2020,900,High,18,Herbicide,3,Shrub,8.2,7.2,0.17,0.7,9,5,7,284,5.8,0.53,6,6.6,N/A,1182,95,9,7.5,0,10,78,11,1
181,19C_1_NUTI,2020,600,High,19,Control,1,Interspace,8.7,7.2,0.1,0.4,1.9,1,7.2,246,6.4,0.37,5.4,2.8,N/A,2824,111,9,15.7,0,4,90,6,0
182,19C_1_NUTS,2020,600,High,19,Control,1,Shrub,8.4,7.2,0.17,1.4,12.2,7,6.6,319,6.1,0.5,5.3,4.6,N/A,2078,102,10,12.1,0,7,86,7,0
183,19C_2_NUTI,2020,600,High,19,Control,2,Interspace,8.7,7.2,0.12,0.5,1.7,1,3.8,285,8.6,0.39,4.5,4.5,N/A,3095,110,10,17.2,0,4,90,5,0
184,19C_2_NUTS,2020,600,High,19,Control,2,Shrub,8.3,7.2,0.19,0.7,11.5,7,7.4,315,16.9,0.56,5.1,4.7,N/A,2348,108,11,13.5,0,6,87,7,0
185,19C_3_NUTI,2020,600,High,19,Control,3,Interspace,8.6,7.2,0.12,0.7,1,1,3.9,347,7.3,0.23,4.2,4.7,N/A,3655,120,10,20.2,0,4,90,5,0
186,19C_3_NUTS,2020,600,High,19,Control,3,Shrub,8.4,7.2,0.14,0.7,9.5,6,6.3,306,6.3,0.51,5.7,6.2,N/A,2058,101,11,12,0,7,86,7,0
187,19H_1_NUTI,2020,600,High,19,Herbicide,1,Interspace,8.7,7.2,0.1,0.5,0.8,0,5.2,253,6.4,0.24,4.9,4.6,N/A,3646,118,9,19.9,0,3,92,5,0
188,19H_1_NUTS,2020,600,High,19,Herbicide,1,Shrub,8.3,7.2,0.22,0.5,14.8,9,7.2,315,6.9,0.38,5.8,5.6,N/A,1891,112,10,11.2,0,7,84,8,0
189,19H_2_NUTI,2020,600,High,19,Herbicide,2,Interspace,8.6,7.2,0.14,0.6,0.6,0,4.6,267,5.1,0.21,4.4,4.9,N/A,4021,137,10,22,0,3,91,5,0
190,19H_2_NUTS,2020,600,High,19,Herbicide,2,Shrub,8.4,7.2,0.19,0.5,8.4,5,5.8,272,6.7,0.42,5.5,5.3,N/A,2272,112,9,13,0,5,87,7,0
191,19H_3_NUTI,2020,600,High,19,Herbicide,3,Interspace,8.7,7.2,0.13,0.6,1,1,5,269,5.7,0.34,4.6,4.9,N/A,3663,130,9,20.1,0,3,91,5,0
192,19H_3_NUTS,2020,600,High,19,Herbicide,3,Shrub,8.3,7.2,0.21,0.9,12.8,8,8.3,278,8.1,0.46,4.5,4.7,N/A,2785,113,9,15.6,0,5,89,6,0
193,20C_1_NUTI,2020,900,High,20,Control,1,Interspace,8.6,7.2,0.1,0.4,1.5,1,4.9,251,3.5,0.37,6.5,5.5,N/A,1385,122,8,8.6,0,7,80,12,0
194,20C_1_NUTS,2020,900,High,20,Control,1,Shrub,8.3,7.2,0.11,0.4,5.3,3,7.2,216,3.5,0.53,7.4,5.9,N/A,935,100,9,6.1,0,9,76,14,1
195,20C_2_NUTI,2020,900,High,20,Control,2,Interspace,8.5,7.2,0.08,0.4,1.4,1,7.4,225,2.7,0.39,6.9,5.3,N/A,1186,123,9,7.6,0,8,77,14,1
196,20C_2_NUTS,2020,900,High,20,Control,2,Shrub,8.1,7.2,0.2,0.5,11.6,7,8.3,239,7.6,0.57,8.6,7.1,N/A,957,97,8,6.2,0,10,76,13,1
197,20C_3_NUTI,2020,900,High,20,Control,3,Interspace,8.2,7.2,0.11,0.5,1.7,1,6.3,228,3.5,0.5,8.4,6.9,N/A,1103,122,9,7.2,0,8,77,14,1
198,20C_3_NUTS,2020,900,High,20,Control,3,Shrub,8.1,7.2,0.13,0.5,8.4,5,6.5,220,6.1,0.48,7.2,6.1,N/A,889,95,9,5.8,0,10,75,14,1
199,20H_1_NUTI,2020,900,High,20,Herbicide,1,Interspace,8.5,7.2,0.08,0.3,1.3,1,7.1,197,2.8,0.42,7.7,4.3,N/A,1044,92,9,6.5,0,8,79,12,1
200,20H_1_NUTS,2020,900,High,20,Herbicide,1,Shrub,8.1,7.2,0.18,0.5,12.9,8,7.6,310,6.2,0.54,7.1,8.5,N/A,1022,106,9,6.8,0,12,74,13,1
201,20H_2_NUTI,2020,900,High,20,Herbicide,2,Interspace,8.5,7.2,0.1,0.5,1.4,1,5.4,207,3.6,0.32,6.8,4.2,N/A,1310,109,8,8,0,7,82,11,0
202,20H_2_NUTS,2020,900,High,20,Herbicide,2,Shrub,8,7.2,0.18,0.5,6.6,4,7.1,255,5.9,0.52,7.5,6.4,N/A,935,93,10,6.1,0,11,75,13,1
203,20H_3_NUTI,2020,900,High,20,Herbicide,3,Interspace,8.6,7.2,0.08,0.5,0.8,0,4.1,248,3.3,0.36,6.6,4.3,N/A,1380,121,11,8.6,0,7,80,12,1
204,20H_3_NUTS,2020,900,High,20,Herbicide,3,Shrub,8.3,7.2,0.14,0.4,6.6,4,5.9,195,4,0.37,6.3,4.3,N/A,919,94,10,5.9,0,8,78,13,1
